2026-04-03 19:07:54 +0000  Initial pipeline context: <IDEDistributionProcessingPipelineContext: 0xc0004f900; archive(resolved)="<IDEArchive: 0xbbf70ed80>", distributionTask(resolved)="2", distributionDestination(resolved)="1", distributionMethod(resolved)="<IDEDistributionMethodDevelopmentSigned: 0xbeefe52b0>", team(resolved)="<IDEProvisioningDisambiguatableBasicTeam: 0xbe2833600; teamID='44AXYL9JVD', teamName='App Chunks', teamType='Company', username='junaidkamoka@gmail.com', isFreeProvisioningTeam='0'>">
	Chain (16, self inclusive):
	<IDEDistributionProcessingPipelineContext: 0xc0004f900; archive = "<IDEArchive: 0xbbf70ed80>", distributionMethod="<IDEDistributionMethodDevelopmentSigned: 0xbeefe52b0>", team="<IDEProvisioningDisambiguatableBasicTeam: 0xbe2833600; teamID='44AXYL9JVD', teamName='App Chunks', teamType='Company', username='junaidkamoka@gmail.com', isFreeProvisioningTeam='0'>">
	<IDEDistributionProcessingPipelineContext: 0xc0004f000; archive = "<IDEArchive: 0xbbf70ed80>", distributionMethod="<IDEDistributionMethodDevelopmentSigned: 0xbeefe52b0>", team="<IDEProvisioningDisambiguatableBasicTeam: 0xbe2833600; teamID='44AXYL9JVD', teamName='App Chunks', teamType='Company', username='junaidkamoka@gmail.com', isFreeProvisioningTeam='0'>">
	<IDEDistributionContext: 0xc07481180; archive = "<IDEArchive: 0xbbf70ed80>", distributionMethod="<IDEDistributionMethodDevelopmentSigned: 0xbeefe52b0>", team="<IDEProvisioningDisambiguatableBasicTeam: 0xbe2833600; teamID='44AXYL9JVD', teamName='App Chunks', teamType='Company', username='junaidkamoka@gmail.com', isFreeProvisioningTeam='0'>">
	<IDEDistributionContext: 0xc07483700; archive = "<IDEArchive: 0xbbf70ed80>", distributionMethod="<IDEDistributionMethodDevelopmentSigned: 0xbeefe52b0>", team="<IDEProvisioningDisambiguatableBasicTeam: 0xbe2833600; teamID='44AXYL9JVD', teamName='App Chunks', teamType='Company', username='junaidkamoka@gmail.com', isFreeProvisioningTeam='0'>">
	<IDEDistributionContext: 0xc07483980; archive = "<IDEArchive: 0xbbf70ed80>", distributionMethod="<IDEDistributionMethodDevelopmentSigned: 0xbeefe52b0>", team="<IDEProvisioningDisambiguatableBasicTeam: 0xbe2833600; teamID='44AXYL9JVD', teamName='App Chunks', teamType='Company', username='junaidkamoka@gmail.com', isFreeProvisioningTeam='0'>">
	<IDEDistributionContext: 0xc07482580; archive = "<IDEArchive: 0xbbf70ed80>", distributionMethod="<IDEDistributionMethodDevelopmentSigned: 0xbeefe52b0>", team="<IDEProvisioningDisambiguatableBasicTeam: 0xbe2833600; teamID='44AXYL9JVD', teamName='App Chunks', teamType='Company', username='junaidkamoka@gmail.com', isFreeProvisioningTeam='0'>">
	<IDEDistributionContext: 0xc07482f80; archive = "<IDEArchive: 0xbbf70ed80>", distributionMethod="<IDEDistributionMethodDevelopmentSigned: 0xbeefe52b0>", team="<IDEProvisioningDisambiguatableBasicTeam: 0xbe2833600; teamID='44AXYL9JVD', teamName='App Chunks', teamType='Company', username='junaidkamoka@gmail.com', isFreeProvisioningTeam='0'>">
	<IDEDistributionContext: 0xc07483480; archive = "<IDEArchive: 0xbbf70ed80>", distributionMethod="<IDEDistributionMethodDevelopmentSigned: 0xbeefe52b0>", team="<IDEProvisioningDisambiguatableBasicTeam: 0xbe2833600; teamID='44AXYL9JVD', teamName='App Chunks', teamType='Company', username='junaidkamoka@gmail.com', isFreeProvisioningTeam='0'>">
	<IDEDistributionContext: 0xc07483200; archive = "<IDEArchive: 0xbbf70ed80>", distributionMethod="<IDEDistributionMethodDevelopmentSigned: 0xbeefe52b0>", team="<IDEProvisioningDisambiguatableBasicTeam: 0xbe2833600; teamID='44AXYL9JVD', teamName='App Chunks', teamType='Company', username='junaidkamoka@gmail.com', isFreeProvisioningTeam='0'>">
	<IDEDistributionContext: 0xc07482800; archive = "<IDEArchive: 0xbbf70ed80>", distributionMethod="<IDEDistributionMethodDevelopmentSigned: 0xbeefe52b0>", team="(null)">
	<IDEDistributionContext: 0xc07482d00; archive = "<IDEArchive: 0xbbf70ed80>", distributionMethod="<IDEDistributionMethodDevelopmentSigned: 0xbeefe52b0>", team="(null)">
	<IDEDistributionContext: 0xc07482a80; archive = "<IDEArchive: 0xbbf70ed80>", distributionMethod="<IDEDistributionMethodDevelopmentSigned: 0xbeefe52b0>", team="(null)">
	<IDEDistributionContext: 0xc07483c00; archive = "<IDEArchive: 0xbbf70ed80>", distributionMethod="<IDEDistributionMethodDevelopmentSigned: 0xbeefe52b0>", team="(null)">
	<IDEDistributionContext: 0xc07481400; archive = "<IDEArchive: 0xbbf70ed80>", distributionMethod="(null)", team="(null)">
	<IDEDistributionContext: 0xc07493480; archive = "<IDEArchive: 0xbbf70ed80>", distributionMethod="(null)", team="(null)">
	<IDEDistributionContext: 0xc07493200; archive = "<IDEArchive: 0xbbf70ed80>", distributionMethod="(null)", team="(null)">
</IDEDistributionProcessingPipelineContext: 0xc0004f900>
2026-04-03 19:07:54 +0000  Processing step: IDEDistributionCreateDestRootStep
2026-04-03 19:07:54 +0000  Processing step: IDEDistributionCopyItemStep
2026-04-03 19:07:54 +0000  Running /usr/bin/ditto '-V' '/Users/macbook/Library/Developer/Xcode/Archives/2026-04-04/SmartPrinter 04-04-2026, 12.06 AM.xcarchive/Products/Applications/HP Smart Printer App - HPSmart.app' '/var/folders/nz/n893sv_93rs_bmcsbzs578xc0000gn/T/XcodeDistPipeline.~~~gAcJeD/Root/Payload/HP Smart Printer App - HPSmart.app'
2026-04-03 19:07:54 +0000  >>> Copying /Users/macbook/Library/Developer/Xcode/Archives/2026-04-04/SmartPrinter 04-04-2026, 12.06 AM.xcarchive/Products/Applications/HP Smart Printer App - HPSmart.app 
2026-04-03 19:07:54 +0000  copying file ./_CodeSignature/CodeResources ... 
2026-04-03 19:07:54 +0000  322527 bytes for ./_CodeSignature/CodeResources
2026-04-03 19:07:54 +0000  copying file ./ios-bridge.js ... 
2026-04-03 19:07:54 +0000  7164 bytes for ./ios-bridge.js
2026-04-03 19:07:54 +0000  copying file ./HP Smart Printer App - HPSmart ... 
2026-04-03 19:07:54 +0000  1816640 bytes for ./HP Smart Printer App - HPSmart
2026-04-03 19:07:54 +0000  copying file ./writing_paper.html ... 
2026-04-03 19:07:54 +0000  30574 bytes for ./writing_paper.html
2026-04-03 19:07:54 +0000  copying file ./AppIcon60x60@2x.png ... 
2026-04-03 19:07:54 +0000  5924 bytes for ./AppIcon60x60@2x.png
2026-04-03 19:07:54 +0000  copying file ./www/ios-bridge.js ... 
2026-04-03 19:07:54 +0000  7152 bytes for ./www/ios-bridge.js
2026-04-03 19:07:54 +0000  copying file ./www/_next/static/css/39a8c9bb4dfeb5cb.css ... 
2026-04-03 19:07:54 +0000  95085 bytes for ./www/_next/static/css/39a8c9bb4dfeb5cb.css
2026-04-03 19:07:54 +0000  copying file ./www/_next/static/css/8088c1919cba0a40.css ... 
2026-04-03 19:07:54 +0000  4384 bytes for ./www/_next/static/css/8088c1919cba0a40.css
2026-04-03 19:07:54 +0000  copying file ./www/_next/static/css/f869bdc8509050dd.css ... 
2026-04-03 19:07:54 +0000  3815 bytes for ./www/_next/static/css/f869bdc8509050dd.css
2026-04-03 19:07:54 +0000  copying file ./www/_next/static/css/886f7af331f6427c.css ... 
2026-04-03 19:07:54 +0000  7304 bytes for ./www/_next/static/css/886f7af331f6427c.css
2026-04-03 19:07:54 +0000  copying file ./www/_next/static/chunks/6327.99c43e989347e97b.js ... 
2026-04-03 19:07:54 +0000  154795 bytes for ./www/_next/static/chunks/6327.99c43e989347e97b.js
2026-04-03 19:07:54 +0000  copying file ./www/_next/static/chunks/9446.5c1ed2b29bf49dd5.js ... 
2026-04-03 19:07:54 +0000  5399 bytes for ./www/_next/static/chunks/9446.5c1ed2b29bf49dd5.js
2026-04-03 19:07:54 +0000  copying file ./www/_next/static/chunks/1255-ae7c990a5c8f3407.js ... 
2026-04-03 19:07:54 +0000  173034 bytes for ./www/_next/static/chunks/1255-ae7c990a5c8f3407.js
2026-04-03 19:07:54 +0000  copying file ./www/_next/static/chunks/b1644e8c.c161f385e3850fca.js ... 
2026-04-03 19:07:54 +0000  139975 bytes for ./www/_next/static/chunks/b1644e8c.c161f385e3850fca.js
2026-04-03 19:07:54 +0000  copying file ./www/_next/static/chunks/4609.e9ff7f265c576a8e.js ... 
2026-04-03 19:07:54 +0000  280720 bytes for ./www/_next/static/chunks/4609.e9ff7f265c576a8e.js
2026-04-03 19:07:54 +0000  copying file ./www/_next/static/chunks/7340-f44475a392aa0393.js ... 
2026-04-03 19:07:54 +0000  28084 bytes for ./www/_next/static/chunks/7340-f44475a392aa0393.js
2026-04-03 19:07:54 +0000  copying file ./www/_next/static/chunks/webpack-3c482a8d95308e87.js ... 
2026-04-03 19:07:54 +0000  5997 bytes for ./www/_next/static/chunks/webpack-3c482a8d95308e87.js
copying file ./www/_next/static/chunks/2853-9ff0ec9d0e204458.js ... 
2026-04-03 19:07:54 +0000  12362 bytes for ./www/_next/static/chunks/2853-9ff0ec9d0e204458.js
2026-04-03 19:07:54 +0000  copying file ./www/_next/static/chunks/2931.4d2aa13ad3794b66.js ... 
2026-04-03 19:07:54 +0000  22302 bytes for ./www/_next/static/chunks/2931.4d2aa13ad3794b66.js
2026-04-03 19:07:54 +0000  copying file ./www/_next/static/chunks/9406-de9961a223a355eb.js ... 
2026-04-03 19:07:54 +0000  47769 bytes for ./www/_next/static/chunks/9406-de9961a223a355eb.js
2026-04-03 19:07:54 +0000  copying file ./www/_next/static/chunks/1849-1c28514a9bf2e6de.js ... 
2026-04-03 19:07:54 +0000  282570 bytes for ./www/_next/static/chunks/1849-1c28514a9bf2e6de.js
2026-04-03 19:07:54 +0000  copying file ./www/_next/static/chunks/6463-59e1e79d10e3d28c.js ... 
2026-04-03 19:07:54 +0000  1629272 bytes for ./www/_next/static/chunks/6463-59e1e79d10e3d28c.js
2026-04-03 19:07:54 +0000  copying file ./www/_next/static/chunks/c37d3baf.7f68457f6507aa3b.js ... 
2026-04-03 19:07:54 +0000  81137 bytes for ./www/_next/static/chunks/c37d3baf.7f68457f6507aa3b.js
2026-04-03 19:07:54 +0000  copying file ./www/_next/static/chunks/3527.0aefc9b8ea70d1cd.js ... 
2026-04-03 19:07:54 +0000  499078 bytes for ./www/_next/static/chunks/3527.0aefc9b8ea70d1cd.js
2026-04-03 19:07:54 +0000  copying file ./www/_next/static/chunks/app/global-error-b9661bd2649565f8.js ... 
2026-04-03 19:07:54 +0000  2065 bytes for ./www/_next/static/chunks/app/global-error-b9661bd2649565f8.js
2026-04-03 19:07:54 +0000  copying file ./www/_next/static/chunks/app/[locale]/contact/page-89d7170120c6e787.js ... 
2026-04-03 19:07:54 +0000  12535 bytes for ./www/_next/static/chunks/app/[locale]/contact/page-89d7170120c6e787.js
2026-04-03 19:07:54 +0000  copying file ./www/_next/static/chunks/app/[locale]/tools/category/[category]/page-5e6fc914039eee33.js ... 
2026-04-03 19:07:54 +0000  2615 bytes for ./www/_next/static/chunks/app/[locale]/tools/category/[category]/page-5e6fc914039eee33.js
2026-04-03 19:07:54 +0000  copying file ./www/_next/static/chunks/app/[locale]/tools/[tool]/page-88e22f32a81b98da.js ... 
2026-04-03 19:07:54 +0000  864733 bytes for ./www/_next/static/chunks/app/[locale]/tools/[tool]/page-88e22f32a81b98da.js
2026-04-03 19:07:54 +0000  copying file ./www/_next/static/chunks/app/[locale]/tools/page-943a6dba8292ecb5.js ... 
2026-04-03 19:07:54 +0000  8442 bytes for ./www/_next/static/chunks/app/[locale]/tools/page-943a6dba8292ecb5.js
2026-04-03 19:07:54 +0000  copying file ./www/_next/static/chunks/app/[locale]/privacy/page-608bd0b188edee98.js ... 
2026-04-03 19:07:54 +0000  14861 bytes for ./www/_next/static/chunks/app/[locale]/privacy/page-608bd0b188edee98.js
2026-04-03 19:07:54 +0000  copying file ./www/_next/static/chunks/app/[locale]/faq/page-2eb2eed90781f461.js ... 
2026-04-03 19:07:54 +0000  9329 bytes for ./www/_next/static/chunks/app/[locale]/faq/page-2eb2eed90781f461.js
2026-04-03 19:07:54 +0000  copying file ./www/_next/static/chunks/app/[locale]/layout-88677894aa9babc9.js ... 
2026-04-03 19:07:54 +0000  1742 bytes for ./www/_next/static/chunks/app/[locale]/layout-88677894aa9babc9.js
2026-04-03 19:07:54 +0000  copying file ./www/_next/static/chunks/app/[locale]/about/page-3969dd7ec09096c0.js ... 
2026-04-03 19:07:54 +0000  10249 bytes for ./www/_next/static/chunks/app/[locale]/about/page-3969dd7ec09096c0.js
2026-04-03 19:07:54 +0000  copying file ./www/_next/static/chunks/app/[locale]/not-found-0e6bb832b08133aa.js ... 
2026-04-03 19:07:54 +0000  2481 bytes for ./www/_next/static/chunks/app/[locale]/not-found-0e6bb832b08133aa.js
2026-04-03 19:07:54 +0000  copying file ./www/_next/static/chunks/app/[locale]/page-ff40ad9f408c42c8.js ... 
2026-04-03 19:07:54 +0000  12447 bytes for ./www/_next/static/chunks/app/[locale]/page-ff40ad9f408c42c8.js
2026-04-03 19:07:54 +0000  copying file ./www/_next/static/chunks/app/[locale]/error-9f524a038532ab6d.js ... 
2026-04-03 19:07:54 +0000  4367 bytes for ./www/_next/static/chunks/app/[locale]/error-9f524a038532ab6d.js
2026-04-03 19:07:54 +0000  copying file ./www/_next/static/chunks/app/[locale]/workflow/page-37ff1e1164c48743.js ... 
2026-04-03 19:07:54 +0000  8854 bytes for ./www/_next/static/chunks/app/[locale]/workflow/page-37ff1e1164c48743.js
2026-04-03 19:07:54 +0000  copying file ./www/_next/static/chunks/app/page-c740aef2dbc36794.js ... 
2026-04-03 19:07:54 +0000  2156 bytes for ./www/_next/static/chunks/app/page-c740aef2dbc36794.js
2026-04-03 19:07:54 +0000  copying file ./www/_next/static/chunks/app/layout-f100786325289bc4.js ... 
2026-04-03 19:07:54 +0000  204 bytes for ./www/_next/static/chunks/app/layout-f100786325289bc4.js
2026-04-03 19:07:54 +0000  copying file ./www/_next/static/chunks/app/sitemap.xml/route-13e4d4c9d66e7235.js ... 
2026-04-03 19:07:54 +0000  147 bytes for ./www/_next/static/chunks/app/sitemap.xml/route-13e4d4c9d66e7235.js
2026-04-03 19:07:54 +0000  copying file ./www/_next/static/chunks/app/_not-found/page-d201fbb896aba74a.js ... 
2026-04-03 19:07:54 +0000  2684 bytes for ./www/_next/static/chunks/app/_not-found/page-d201fbb896aba74a.js
2026-04-03 19:07:54 +0000  copying file ./www/_next/static/chunks/app/robots.txt/route-13e4d4c9d66e7235.js ... 
2026-04-03 19:07:54 +0000  147 bytes for ./www/_next/static/chunks/app/robots.txt/route-13e4d4c9d66e7235.js
2026-04-03 19:07:54 +0000  copying file ./www/_next/static/chunks/app/manifest.webmanifest/route-13e4d4c9d66e7235.js ... 
2026-04-03 19:07:54 +0000  147 bytes for ./www/_next/static/chunks/app/manifest.webmanifest/route-13e4d4c9d66e7235.js
2026-04-03 19:07:54 +0000  copying file ./www/_next/static/chunks/724.5d4e6b2312d93cda.js ... 
2026-04-03 19:07:54 +0000  5987 bytes for ./www/_next/static/chunks/724.5d4e6b2312d93cda.js
2026-04-03 19:07:54 +0000  copying file ./www/_next/static/chunks/487.0f930ea25454e3d8.js ... 
2026-04-03 19:07:54 +0000  956640 bytes for ./www/_next/static/chunks/487.0f930ea25454e3d8.js
2026-04-03 19:07:54 +0000  copying file ./www/_next/static/chunks/eeb5c378.fe75385beed38513.js ... 
2026-04-03 19:07:54 +0000  732897 bytes for ./www/_next/static/chunks/eeb5c378.fe75385beed38513.js
2026-04-03 19:07:54 +0000  copying file ./www/_next/static/chunks/503.b3f7b9f385cb1a1e.js ... 
2026-04-03 19:07:54 +0000  79 bytes for ./www/_next/static/chunks/503.b3f7b9f385cb1a1e.js
2026-04-03 19:07:54 +0000  copying file ./www/_next/static/chunks/6241.a2ddeebf95ce2e26.js ... 
2026-04-03 19:07:54 +0000  25590 bytes for ./www/_next/static/chunks/6241.a2ddeebf95ce2e26.js
2026-04-03 19:07:54 +0000  copying file ./www/_next/static/chunks/280273a7.6b496659f89996dc.js ... 
2026-04-03 19:07:54 +0000  45835 bytes for ./www/_next/static/chunks/280273a7.6b496659f89996dc.js
2026-04-03 19:07:54 +0000  copying file ./www/_next/static/chunks/3442.b2f1af2efed38081.js ... 
2026-04-03 19:07:54 +0000  3809 bytes for ./www/_next/static/chunks/3442.b2f1af2efed38081.js
2026-04-03 19:07:54 +0000  copying file ./www/_next/static/chunks/ad2866b8.e13a3cf75ccf0eb8.js ... 
2026-04-03 19:07:54 +0000  198193 bytes for ./www/_next/static/chunks/ad2866b8.e13a3cf75ccf0eb8.js
2026-04-03 19:07:54 +0000  copying file ./www/_next/static/chunks/bc98253f.d6fc8a0138855acd.js ... 
2026-04-03 19:07:54 +0000  81516 bytes for ./www/_next/static/chunks/bc98253f.d6fc8a0138855acd.js
copying file ./www/_next/static/chunks/5685.9713fcbc618287f5.js ... 
2026-04-03 19:07:54 +0000  106 bytes for ./www/_next/static/chunks/5685.9713fcbc618287f5.js
2026-04-03 19:07:54 +0000  copying file ./www/_next/static/chunks/4bd1b696-100b9d70ed4e49c1.js ... 
2026-04-03 19:07:54 +0000  173025 bytes for ./www/_next/static/chunks/4bd1b696-100b9d70ed4e49c1.js
copying file ./www/_next/static/chunks/7496-f8b49ca92cc04351.js ... 
2026-04-03 19:07:54 +0000  96045 bytes for ./www/_next/static/chunks/7496-f8b49ca92cc04351.js
2026-04-03 19:07:54 +0000  copying file ./www/_next/static/chunks/main-app-98cef438dd579940.js ... 
2026-04-03 19:07:54 +0000  527 bytes for ./www/_next/static/chunks/main-app-98cef438dd579940.js
2026-04-03 19:07:54 +0000  copying file ./www/_next/static/chunks/8478-a386a669d14b6f27.js ... 
2026-04-03 19:07:54 +0000  271295 bytes for ./www/_next/static/chunks/8478-a386a669d14b6f27.js
2026-04-03 19:07:54 +0000  copying file ./www/_next/static/chunks/7310.fd92fef23d6ee8ee.js ... 
2026-04-03 19:07:54 +0000  565615 bytes for ./www/_next/static/chunks/7310.fd92fef23d6ee8ee.js
2026-04-03 19:07:54 +0000  copying file ./www/_next/static/chunks/168.489b60e4816881a6.js ... 
2026-04-03 19:07:54 +0000  741 bytes for ./www/_next/static/chunks/168.489b60e4816881a6.js
2026-04-03 19:07:54 +0000  copying file ./www/_next/static/chunks/5760.f55963e70510980b.js ... 
2026-04-03 19:07:54 +0000  47749 bytes for ./www/_next/static/chunks/5760.f55963e70510980b.js
2026-04-03 19:07:54 +0000  copying file ./www/_next/static/chunks/5d591963.641ed76b6bd71109.js ... 
2026-04-03 19:07:54 +0000  733494 bytes for ./www/_next/static/chunks/5d591963.641ed76b6bd71109.js
2026-04-03 19:07:54 +0000  copying file ./www/_next/static/chunks/framework-d7945a8ad0653f37.js ... 
2026-04-03 19:07:54 +0000  189787 bytes for ./www/_next/static/chunks/framework-d7945a8ad0653f37.js
2026-04-03 19:07:54 +0000  copying file ./www/_next/static/chunks/5691.8d7e8bfeeacea22d.js ... 
2026-04-03 19:07:54 +0000  7808 bytes for ./www/_next/static/chunks/5691.8d7e8bfeeacea22d.js
2026-04-03 19:07:54 +0000  copying file ./www/_next/static/chunks/4531-14481f46180be207.js ... 
2026-04-03 19:07:54 +0000  9730 bytes for ./www/_next/static/chunks/4531-14481f46180be207.js
2026-04-03 19:07:54 +0000  copying file ./www/_next/static/chunks/9013.7440926aef03db6a.js ... 
2026-04-03 19:07:54 +0000  14805 bytes for ./www/_next/static/chunks/9013.7440926aef03db6a.js
2026-04-03 19:07:54 +0000  copying file ./www/_next/static/chunks/main-f87e76ee03ba94c8.js ... 
2026-04-03 19:07:54 +0000  127967 bytes for ./www/_next/static/chunks/main-f87e76ee03ba94c8.js
2026-04-03 19:07:54 +0000  copying file ./www/_next/static/chunks/4199.52b11f53afb6f733.js ... 
2026-04-03 19:07:54 +0000  74483 bytes for ./www/_next/static/chunks/4199.52b11f53afb6f733.js
2026-04-03 19:07:54 +0000  copying file ./www/_next/static/chunks/164f4fb6.4a772ff4ef9becff.js ... 
2026-04-03 19:07:54 +0000  329078 bytes for ./www/_next/static/chunks/164f4fb6.4a772ff4ef9becff.js
2026-04-03 19:07:54 +0000  copying file ./www/_next/static/chunks/9179.c885bb311d87e74b.js ... 
2026-04-03 19:07:54 +0000  106 bytes for ./www/_next/static/chunks/9179.c885bb311d87e74b.js
2026-04-03 19:07:54 +0000  copying file ./www/_next/static/chunks/1029-cfe1019de973f2c5.js ... 
2026-04-03 19:07:54 +0000  22779 bytes for ./www/_next/static/chunks/1029-cfe1019de973f2c5.js
2026-04-03 19:07:54 +0000  copying file ./www/_next/static/chunks/9b0008ae-646b78c0ed5fee25.js ... 
2026-04-03 19:07:54 +0000  318152 bytes for ./www/_next/static/chunks/9b0008ae-646b78c0ed5fee25.js
2026-04-03 19:07:54 +0000  copying file ./www/_next/static/chunks/2605.bdd86235aad395a8.js ... 
2026-04-03 19:07:54 +0000  2670 bytes for ./www/_next/static/chunks/2605.bdd86235aad395a8.js
2026-04-03 19:07:54 +0000  copying file ./www/_next/static/chunks/pages/_error-c970d8b55ace1b48.js ... 
2026-04-03 19:07:54 +0000  224 bytes for ./www/_next/static/chunks/pages/_error-c970d8b55ace1b48.js
2026-04-03 19:07:54 +0000  copying file ./www/_next/static/chunks/pages/_app-4b3fb5e477a0267f.js ... 
2026-04-03 19:07:54 +0000  241 bytes for ./www/_next/static/chunks/pages/_app-4b3fb5e477a0267f.js
2026-04-03 19:07:54 +0000  copying file ./www/_next/static/chunks/9010-6cccce5ef99c481e.js ... 
2026-04-03 19:07:54 +0000  22572 bytes for ./www/_next/static/chunks/9010-6cccce5ef99c481e.js
2026-04-03 19:07:54 +0000  copying file ./www/_next/static/chunks/polyfills-42372ed130431b0a.js ... 
2026-04-03 19:07:54 +0000  112594 bytes for ./www/_next/static/chunks/polyfills-42372ed130431b0a.js
2026-04-03 19:07:54 +0000  copying file ./www/_next/static/chunks/67b122cf-209708f8164d2606.js ... 
2026-04-03 19:07:54 +0000  83264 bytes for ./www/_next/static/chunks/67b122cf-209708f8164d2606.js
2026-04-03 19:07:54 +0000  copying file ./www/_next/static/chunks/1050-aafdf3cb975be3d7.js ... 
2026-04-03 19:07:54 +0000  453703 bytes for ./www/_next/static/chunks/1050-aafdf3cb975be3d7.js
2026-04-03 19:07:54 +0000  copying file ./www/_next/static/chunks/5982.606da7cce905dcda.js ... 
2026-04-03 19:07:54 +0000  13028 bytes for ./www/_next/static/chunks/5982.606da7cce905dcda.js
2026-04-03 19:07:54 +0000  copying file ./www/_next/static/chunks/634-df746c18cf4f4647.js ... 
2026-04-03 19:07:54 +0000  28286 bytes for ./www/_next/static/chunks/634-df746c18cf4f4647.js
2026-04-03 19:07:54 +0000  copying file ./www/_next/static/chunks/a80f7af1.ef2a8d08dd8a8beb.js ... 
2026-04-03 19:07:54 +0000  273932 bytes for ./www/_next/static/chunks/a80f7af1.ef2a8d08dd8a8beb.js
2026-04-03 19:07:54 +0000  copying file ./www/_next/static/5ErvN92YrE3wecUyHgMkd/_ssgManifest.js ... 
2026-04-03 19:07:54 +0000  367 bytes for ./www/_next/static/5ErvN92YrE3wecUyHgMkd/_ssgManifest.js
2026-04-03 19:07:54 +0000  copying file ./www/_next/static/5ErvN92YrE3wecUyHgMkd/_buildManifest.js ... 
2026-04-03 19:07:54 +0000  619 bytes for ./www/_next/static/5ErvN92YrE3wecUyHgMkd/_buildManifest.js
2026-04-03 19:07:54 +0000  copying file ./www/_next/static/media/8e9860b6e62d6359-s.p.woff2 ... 
2026-04-03 19:07:54 +0000  85272 bytes for ./www/_next/static/media/8e9860b6e62d6359-s.p.woff2
2026-04-03 19:07:54 +0000  copying file ./www/_next/static/media/ba9851c3c22cd980-s.woff2 ... 
2026-04-03 19:07:54 +0000  25844 bytes for ./www/_next/static/media/ba9851c3c22cd980-s.woff2
2026-04-03 19:07:54 +0000  copying file ./www/_next/static/media/19cfc7226ec3afaa-s.woff2 ... 
2026-04-03 19:07:54 +0000  19044 bytes for ./www/_next/static/media/19cfc7226ec3afaa-s.woff2
2026-04-03 19:07:54 +0000  copying file ./www/_next/static/media/21350d82a1f187e9-s.woff2 ... 
2026-04-03 19:07:54 +0000  18744 bytes for ./www/_next/static/media/21350d82a1f187e9-s.woff2
2026-04-03 19:07:54 +0000  copying file ./www/_next/static/media/939c4f875ee75fbb-s.woff2 ... 
2026-04-03 19:07:54 +0000  15204 bytes for ./www/_next/static/media/939c4f875ee75fbb-s.woff2
2026-04-03 19:07:54 +0000  copying file ./www/_next/static/media/df0a9ae256c0569c-s.woff2 ... 
2026-04-03 19:07:54 +0000  10280 bytes for ./www/_next/static/media/df0a9ae256c0569c-s.woff2
2026-04-03 19:07:54 +0000  copying file ./www/_next/static/media/0aa834ed78bf6d07-s.woff2 ... 
2026-04-03 19:07:54 +0000  12064 bytes for ./www/_next/static/media/0aa834ed78bf6d07-s.woff2
2026-04-03 19:07:54 +0000  copying file ./www/_next/static/media/67957d42bae0796d-s.woff2 ... 
2026-04-03 19:07:54 +0000  9084 bytes for ./www/_next/static/media/67957d42bae0796d-s.woff2
2026-04-03 19:07:54 +0000  copying file ./www/_next/static/media/bb3ef058b751a6ad-s.woff2 ... 
2026-04-03 19:07:54 +0000  40480 bytes for ./www/_next/static/media/bb3ef058b751a6ad-s.woff2
2026-04-03 19:07:54 +0000  copying file ./www/_next/static/media/c5fe6dc8356a8c31-s.woff2 ... 
2026-04-03 19:07:54 +0000  11272 bytes for ./www/_next/static/media/c5fe6dc8356a8c31-s.woff2
2026-04-03 19:07:54 +0000  copying file ./www/_next/static/media/886030b0b59bc5a7-s.woff2 ... 
2026-04-03 19:07:54 +0000  2020 bytes for ./www/_next/static/media/886030b0b59bc5a7-s.woff2
2026-04-03 19:07:54 +0000  copying file ./www/_next/static/media/f911b923c6adde36-s.woff2 ... 
2026-04-03 19:07:54 +0000  7468 bytes for ./www/_next/static/media/f911b923c6adde36-s.woff2
2026-04-03 19:07:54 +0000  copying file ./www/_next/static/media/e4af272ccee01ff0-s.p.woff2 ... 
2026-04-03 19:07:54 +0000  48432 bytes for ./www/_next/static/media/e4af272ccee01ff0-s.p.woff2
2026-04-03 19:07:54 +0000  copying file ./www/qpdf.js ... 
2026-04-03 19:07:54 +0000  43376 bytes for ./www/qpdf.js
2026-04-03 19:07:54 +0000  copying file ./www/index.html ... 
2026-04-03 19:07:54 +0000  6617 bytes for ./www/index.html
2026-04-03 19:07:54 +0000  copying file ./www/pdfjs-viewer/pdf_viewer.d.mts ... 
2026-04-03 19:07:54 +0000  54 bytes for ./www/pdfjs-viewer/pdf_viewer.d.mts
2026-04-03 19:07:54 +0000  copying file ./www/pdfjs-viewer/locale/sl/viewer.ftl ... 
2026-04-03 19:07:54 +0000  27131 bytes for ./www/pdfjs-viewer/locale/sl/viewer.ftl
2026-04-03 19:07:54 +0000  copying file ./www/pdfjs-viewer/locale/szl/viewer.ftl ... 
2026-04-03 19:07:54 +0000  8994 bytes for ./www/pdfjs-viewer/locale/szl/viewer.ftl
2026-04-03 19:07:54 +0000  copying file ./www/pdfjs-viewer/locale/sk/viewer.ftl ... 
2026-04-03 19:07:54 +0000  27960 bytes for ./www/pdfjs-viewer/locale/sk/viewer.ftl
2026-04-03 19:07:54 +0000  copying file ./www/pdfjs-viewer/locale/ur/viewer.ftl ... 
2026-04-03 19:07:54 +0000  9463 bytes for ./www/pdfjs-viewer/locale/ur/viewer.ftl
2026-04-03 19:07:54 +0000  copying file ./www/pdfjs-viewer/locale/fy-NL/viewer.ftl ... 
2026-04-03 19:07:54 +0000  27171 bytes for ./www/pdfjs-viewer/locale/fy-NL/viewer.ftl
2026-04-03 19:07:54 +0000  copying file ./www/pdfjs-viewer/locale/kab/viewer.ftl ... 
2026-04-03 19:07:54 +0000  23674 bytes for ./www/pdfjs-viewer/locale/kab/viewer.ftl
2026-04-03 19:07:54 +0000  copying file ./www/pdfjs-viewer/locale/uz/viewer.ftl ... 
2026-04-03 19:07:54 +0000  5516 bytes for ./www/pdfjs-viewer/locale/uz/viewer.ftl
2026-04-03 19:07:54 +0000  copying file ./www/pdfjs-viewer/locale/sc/viewer.ftl ... 
2026-04-03 19:07:54 +0000  14422 bytes for ./www/pdfjs-viewer/locale/sc/viewer.ftl
2026-04-03 19:07:54 +0000  copying file ./www/pdfjs-viewer/locale/pl/viewer.ftl ... 
2026-04-03 19:07:54 +0000  27468 bytes for ./www/pdfjs-viewer/locale/pl/viewer.ftl
2026-04-03 19:07:54 +0000  copying file ./www/pdfjs-viewer/locale/vi/viewer.ftl ... 
2026-04-03 19:07:54 +0000  28373 bytes for ./www/pdfjs-viewer/locale/vi/viewer.ftl
2026-04-03 19:07:54 +0000  copying file ./www/pdfjs-viewer/locale/sq/viewer.ftl ... 
2026-04-03 19:07:54 +0000  25557 bytes for ./www/pdfjs-viewer/locale/sq/viewer.ftl
2026-04-03 19:07:54 +0000  copying file ./www/pdfjs-viewer/locale/he/viewer.ftl ... 
2026-04-03 19:07:54 +0000  29324 bytes for ./www/pdfjs-viewer/locale/he/viewer.ftl
2026-04-03 19:07:54 +0000  copying file ./www/pdfjs-viewer/locale/ms/viewer.ftl ... 
2026-04-03 19:07:54 +0000  8471 bytes for ./www/pdfjs-viewer/locale/ms/viewer.ftl
2026-04-03 19:07:54 +0000  copying file ./www/pdfjs-viewer/locale/km/viewer.ftl ... 
2026-04-03 19:07:54 +0000  10658 bytes for ./www/pdfjs-viewer/locale/km/viewer.ftl
2026-04-03 19:07:54 +0000  copying file ./www/pdfjs-viewer/locale/nn-NO/viewer.ftl ... 
2026-04-03 19:07:54 +0000  26556 bytes for ./www/pdfjs-viewer/locale/nn-NO/viewer.ftl
2026-04-03 19:07:54 +0000  copying file ./www/pdfjs-viewer/locale/be/viewer.ftl ... 
2026-04-03 19:07:54 +0000  33362 bytes for ./www/pdfjs-viewer/locale/be/viewer.ftl
2026-04-03 19:07:54 +0000  copying file ./www/pdfjs-viewer/locale/es-ES/viewer.ftl ... 
2026-04-03 19:07:54 +0000  26064 bytes for ./www/pdfjs-viewer/locale/es-ES/viewer.ftl
copying file ./www/pdfjs-viewer/locale/da/viewer.ftl ... 
2026-04-03 19:07:54 +0000  26786 bytes for ./www/pdfjs-viewer/locale/da/viewer.ftl
2026-04-03 19:07:54 +0000  copying file ./www/pdfjs-viewer/locale/gn/viewer.ftl ... 
2026-04-03 19:07:54 +0000  27616 bytes for ./www/pdfjs-viewer/locale/gn/viewer.ftl
2026-04-03 19:07:54 +0000  copying file ./www/pdfjs-viewer/locale/mr/viewer.ftl ... 
2026-04-03 19:07:54 +0000  10840 bytes for ./www/pdfjs-viewer/locale/mr/viewer.ftl
2026-04-03 19:07:54 +0000  copying file ./www/pdfjs-viewer/locale/kk/viewer.ftl ... 
2026-04-03 19:07:54 +0000  32073 bytes for ./www/pdfjs-viewer/locale/kk/viewer.ftl
2026-04-03 19:07:54 +0000  copying file ./www/pdfjs-viewer/locale/trs/viewer.ftl ... 
2026-04-03 19:07:54 +0000  6306 bytes for ./www/pdfjs-viewer/locale/trs/viewer.ftl
2026-04-03 19:07:54 +0000  copying file ./www/pdfjs-viewer/locale/es-CL/viewer.ftl ... 
2026-04-03 19:07:54 +0000  27462 bytes for ./www/pdfjs-viewer/locale/es-CL/viewer.ftl
2026-04-03 19:07:54 +0000  copying file ./www/pdfjs-viewer/locale/ja/viewer.ftl ... 
2026-04-03 19:07:54 +0000  28680 bytes for ./www/pdfjs-viewer/locale/ja/viewer.ftl
2026-04-03 19:07:54 +0000  copying file ./www/pdfjs-viewer/locale/el/viewer.ftl ... 
2026-04-03 19:07:54 +0000  34453 bytes for ./www/pdfjs-viewer/locale/el/viewer.ftl
2026-04-03 19:07:54 +0000  copying file ./www/pdfjs-viewer/locale/sco/viewer.ftl ... 
2026-04-03 19:07:54 +0000  8882 bytes for ./www/pdfjs-viewer/locale/sco/viewer.ftl
2026-04-03 19:07:54 +0000  copying file ./www/pdfjs-viewer/locale/lv/viewer.ftl ... 
2026-04-03 19:07:54 +0000  8660 bytes for ./www/pdfjs-viewer/locale/lv/viewer.ftl
2026-04-03 19:07:54 +0000  copying file ./www/pdfjs-viewer/locale/es-AR/viewer.ftl ... 
2026-04-03 19:07:54 +0000  27275 bytes for ./www/pdfjs-viewer/locale/es-AR/viewer.ftl
2026-04-03 19:07:54 +0000  copying file ./www/pdfjs-viewer/locale/oc/viewer.ftl ... 
2026-04-03 19:07:54 +0000  14945 bytes for ./www/pdfjs-viewer/locale/oc/viewer.ftl
2026-04-03 19:07:54 +0000  copying file ./www/pdfjs-viewer/locale/it/viewer.ftl ... 
2026-04-03 19:07:54 +0000  27695 bytes for ./www/pdfjs-viewer/locale/it/viewer.ftl
2026-04-03 19:07:54 +0000  copying file ./www/pdfjs-viewer/locale/ca/viewer.ftl ... 
2026-04-03 19:07:54 +0000  10594 bytes for ./www/pdfjs-viewer/locale/ca/viewer.ftl
2026-04-03 19:07:54 +0000  copying file ./www/pdfjs-viewer/locale/is/viewer.ftl ... 
2026-04-03 19:07:54 +0000  25879 bytes for ./www/pdfjs-viewer/locale/is/viewer.ftl
2026-04-03 19:07:54 +0000  copying file ./www/pdfjs-viewer/locale/cs/viewer.ftl ... 
2026-04-03 19:07:54 +0000  27577 bytes for ./www/pdfjs-viewer/locale/cs/viewer.ftl
2026-04-03 19:07:54 +0000  copying file ./www/pdfjs-viewer/locale/es-MX/viewer.ftl ... 
2026-04-03 19:07:54 +0000  23930 bytes for ./www/pdfjs-viewer/locale/es-MX/viewer.ftl
2026-04-03 19:07:54 +0000  copying file ./www/pdfjs-viewer/locale/scn/viewer.ftl ... 
2026-04-03 19:07:54 +0000  845 bytes for ./www/pdfjs-viewer/locale/scn/viewer.ftl
2026-04-03 19:07:54 +0000  copying file ./www/pdfjs-viewer/locale/ia/viewer.ftl ... 
2026-04-03 19:07:54 +0000  27317 bytes for ./www/pdfjs-viewer/locale/ia/viewer.ftl
copying file ./www/pdfjs-viewer/locale/te/viewer.ftl ... 
2026-04-03 19:07:54 +0000  10940 bytes for ./www/pdfjs-viewer/locale/te/viewer.ftl
2026-04-03 19:07:54 +0000  copying file ./www/pdfjs-viewer/locale/fur/viewer.ftl ... 
2026-04-03 19:07:54 +0000  25850 bytes for ./www/pdfjs-viewer/locale/fur/viewer.ftl
2026-04-03 19:07:54 +0000  copying file ./www/pdfjs-viewer/locale/ga-IE/viewer.ftl ... 
2026-04-03 19:07:54 +0000  6792 bytes for ./www/pdfjs-viewer/locale/ga-IE/viewer.ftl
2026-04-03 19:07:54 +0000  copying file ./www/pdfjs-viewer/locale/ach/viewer.ftl ... 
2026-04-03 19:07:54 +0000  7258 bytes for ./www/pdfjs-viewer/locale/ach/viewer.ftl
2026-04-03 19:07:54 +0000  copying file ./www/pdfjs-viewer/locale/ru/viewer.ftl ... 
2026-04-03 19:07:54 +0000  34030 bytes for ./www/pdfjs-viewer/locale/ru/viewer.ftl
2026-04-03 19:07:54 +0000  copying file ./www/pdfjs-viewer/locale/tl/viewer.ftl ... 
2026-04-03 19:07:54 +0000  9103 bytes for ./www/pdfjs-viewer/locale/tl/viewer.ftl
2026-04-03 19:07:54 +0000  copying file ./www/pdfjs-viewer/locale/en-GB/viewer.ftl ... 
2026-04-03 19:07:54 +0000  25823 bytes for ./www/pdfjs-viewer/locale/en-GB/viewer.ftl
2026-04-03 19:07:54 +0000  copying file ./www/pdfjs-viewer/locale/meh/viewer.ftl ... 
2026-04-03 19:07:54 +0000  1497 bytes for ./www/pdfjs-viewer/locale/meh/viewer.ftl
2026-04-03 19:07:54 +0000  copying file ./www/pdfjs-viewer/locale/locale.json ... 
2026-04-03 19:07:54 +0000  2519 bytes for ./www/pdfjs-viewer/locale/locale.json
2026-04-03 19:07:54 +0000  copying file ./www/pdfjs-viewer/locale/hye/viewer.ftl ... 
2026-04-03 19:07:54 +0000  11724 bytes for ./www/pdfjs-viewer/locale/hye/viewer.ftl
2026-04-03 19:07:54 +0000  copying file ./www/pdfjs-viewer/locale/hy-AM/viewer.ftl ... 
2026-04-03 19:07:54 +0000  33880 bytes for ./www/pdfjs-viewer/locale/hy-AM/viewer.ftl
2026-04-03 19:07:54 +0000  copying file ./www/pdfjs-viewer/locale/gu-IN/viewer.ftl ... 
2026-04-03 19:07:54 +0000  11740 bytes for ./www/pdfjs-viewer/locale/gu-IN/viewer.ftl
2026-04-03 19:07:54 +0000  copying file ./www/pdfjs-viewer/locale/xh/viewer.ftl ... 
2026-04-03 19:07:54 +0000  6728 bytes for ./www/pdfjs-viewer/locale/xh/viewer.ftl
2026-04-03 19:07:54 +0000  copying file ./www/pdfjs-viewer/locale/ro/viewer.ftl ... 
2026-04-03 19:07:54 +0000  27756 bytes for ./www/pdfjs-viewer/locale/ro/viewer.ftl
2026-04-03 19:07:54 +0000  copying file ./www/pdfjs-viewer/locale/hsb/viewer.ftl ... 
2026-04-03 19:07:54 +0000  28092 bytes for ./www/pdfjs-viewer/locale/hsb/viewer.ftl
2026-04-03 19:07:54 +0000  copying file ./www/pdfjs-viewer/locale/cak/viewer.ftl ... 
2026-04-03 19:07:54 +0000  10365 bytes for ./www/pdfjs-viewer/locale/cak/viewer.ftl
2026-04-03 19:07:54 +0000  copying file ./www/pdfjs-viewer/locale/zh-CN/viewer.ftl ... 
2026-04-03 19:07:54 +0000  25342 bytes for ./www/pdfjs-viewer/locale/zh-CN/viewer.ftl
2026-04-03 19:07:54 +0000  copying file ./www/pdfjs-viewer/locale/hi-IN/viewer.ftl ... 
2026-04-03 19:07:54 +0000  11412 bytes for ./www/pdfjs-viewer/locale/hi-IN/viewer.ftl
2026-04-03 19:07:54 +0000  copying file ./www/pdfjs-viewer/locale/ckb/viewer.ftl ... 
2026-04-03 19:07:54 +0000  9646 bytes for ./www/pdfjs-viewer/locale/ckb/viewer.ftl
2026-04-03 19:07:54 +0000  copying file ./www/pdfjs-viewer/locale/uk/viewer.ftl ... 
2026-04-03 19:07:54 +0000  31626 bytes for ./www/pdfjs-viewer/locale/uk/viewer.ftl
2026-04-03 19:07:54 +0000  copying file ./www/pdfjs-viewer/locale/sr/viewer.ftl ... 
2026-04-03 19:07:54 +0000  18928 bytes for ./www/pdfjs-viewer/locale/sr/viewer.ftl
2026-04-03 19:07:54 +0000  copying file ./www/pdfjs-viewer/locale/brx/viewer.ftl ... 
2026-04-03 19:07:54 +0000  9633 bytes for ./www/pdfjs-viewer/locale/brx/viewer.ftl
2026-04-03 19:07:54 +0000  copying file ./www/pdfjs-viewer/locale/en-CA/viewer.ftl ... 
2026-04-03 19:07:54 +0000  25827 bytes for ./www/pdfjs-viewer/locale/en-CA/viewer.ftl
2026-04-03 19:07:54 +0000  copying file ./www/pdfjs-viewer/locale/ltg/viewer.ftl ... 
2026-04-03 19:07:54 +0000  8588 bytes for ./www/pdfjs-viewer/locale/ltg/viewer.ftl
2026-04-03 19:07:54 +0000  copying file ./www/pdfjs-viewer/locale/pt-PT/viewer.ftl ... 
2026-04-03 19:07:54 +0000  25956 bytes for ./www/pdfjs-viewer/locale/pt-PT/viewer.ftl
2026-04-03 19:07:54 +0000  copying file ./www/pdfjs-viewer/locale/si/viewer.ftl ... 
2026-04-03 19:07:54 +0000  11044 bytes for ./www/pdfjs-viewer/locale/si/viewer.ftl
2026-04-03 19:07:54 +0000  copying file ./www/pdfjs-viewer/locale/ml/viewer.ftl ... 
2026-04-03 19:07:54 +0000  29429 bytes for ./www/pdfjs-viewer/locale/ml/viewer.ftl
2026-04-03 19:07:54 +0000  copying file ./www/pdfjs-viewer/locale/bo/viewer.ftl ... 
2026-04-03 19:07:54 +0000  8395 bytes for ./www/pdfjs-viewer/locale/bo/viewer.ftl
2026-04-03 19:07:54 +0000  copying file ./www/pdfjs-viewer/locale/mk/viewer.ftl ... 
2026-04-03 19:07:54 +0000  8720 bytes for ./www/pdfjs-viewer/locale/mk/viewer.ftl
2026-04-03 19:07:54 +0000  copying file ./www/pdfjs-viewer/locale/sat/viewer.ftl ... 
2026-04-03 19:07:54 +0000  14934 bytes for ./www/pdfjs-viewer/locale/sat/viewer.ftl
2026-04-03 19:07:54 +0000  copying file ./www/pdfjs-viewer/locale/an/viewer.ftl ... 
2026-04-03 19:07:54 +0000  9193 bytes for ./www/pdfjs-viewer/locale/an/viewer.ftl
2026-04-03 19:07:54 +0000  copying file ./www/pdfjs-viewer/locale/lij/viewer.ftl ... 
2026-04-03 19:07:54 +0000  8744 bytes for ./www/pdfjs-viewer/locale/lij/viewer.ftl
2026-04-03 19:07:54 +0000  copying file ./www/pdfjs-viewer/locale/kn/viewer.ftl ... 
2026-04-03 19:07:54 +0000  9582 bytes for ./www/pdfjs-viewer/locale/kn/viewer.ftl
2026-04-03 19:07:54 +0000  copying file ./www/pdfjs-viewer/locale/bs/viewer.ftl ... 
2026-04-03 19:07:54 +0000  26517 bytes for ./www/pdfjs-viewer/locale/bs/viewer.ftl
2026-04-03 19:07:54 +0000  copying file ./www/pdfjs-viewer/locale/zh-TW/viewer.ftl ... 
2026-04-03 19:07:54 +0000  25675 bytes for ./www/pdfjs-viewer/locale/zh-TW/viewer.ftl
2026-04-03 19:07:54 +0000  copying file ./www/pdfjs-viewer/locale/my/viewer.ftl ... 
2026-04-03 19:07:54 +0000  9106 bytes for ./www/pdfjs-viewer/locale/my/viewer.ftl
2026-04-03 19:07:54 +0000  copying file ./www/pdfjs-viewer/locale/ar/viewer.ftl ... 
2026-04-03 19:07:54 +0000  28757 bytes for ./www/pdfjs-viewer/locale/ar/viewer.ftl
2026-04-03 19:07:54 +0000  copying file ./www/pdfjs-viewer/locale/nb-NO/viewer.ftl ... 
2026-04-03 19:07:54 +0000  26554 bytes for ./www/pdfjs-viewer/locale/nb-NO/viewer.ftl
2026-04-03 19:07:54 +0000  copying file ./www/pdfjs-viewer/locale/gl/viewer.ftl ... 
2026-04-03 19:07:54 +0000  26221 bytes for ./www/pdfjs-viewer/locale/gl/viewer.ftl
2026-04-03 19:07:54 +0000  copying file ./www/pdfjs-viewer/locale/hr/viewer.ftl ... 
2026-04-03 19:07:54 +0000  25508 bytes for ./www/pdfjs-viewer/locale/hr/viewer.ftl
2026-04-03 19:07:54 +0000  copying file ./www/pdfjs-viewer/locale/pt-BR/viewer.ftl ... 
2026-04-03 19:07:54 +0000  27398 bytes for ./www/pdfjs-viewer/locale/pt-BR/viewer.ftl
2026-04-03 19:07:54 +0000  copying file ./www/pdfjs-viewer/locale/hu/viewer.ftl ... 
2026-04-03 19:07:54 +0000  28069 bytes for ./www/pdfjs-viewer/locale/hu/viewer.ftl
2026-04-03 19:07:54 +0000  copying file ./www/pdfjs-viewer/locale/nl/viewer.ftl ... 
2026-04-03 19:07:54 +0000  27544 bytes for ./www/pdfjs-viewer/locale/nl/viewer.ftl
2026-04-03 19:07:54 +0000  copying file ./www/pdfjs-viewer/locale/bg/viewer.ftl ... 
2026-04-03 19:07:54 +0000  18996 bytes for ./www/pdfjs-viewer/locale/bg/viewer.ftl
2026-04-03 19:07:54 +0000  copying file ./www/pdfjs-viewer/locale/bn/viewer.ftl ... 
2026-04-03 19:07:54 +0000  11544 bytes for ./www/pdfjs-viewer/locale/bn/viewer.ftl
2026-04-03 19:07:54 +0000  copying file ./www/pdfjs-viewer/locale/ast/viewer.ftl ... 
2026-04-03 19:07:54 +0000  6335 bytes for ./www/pdfjs-viewer/locale/ast/viewer.ftl
2026-04-03 19:07:54 +0000  copying file ./www/pdfjs-viewer/locale/af/viewer.ftl ... 
2026-04-03 19:07:54 +0000  6324 bytes for ./www/pdfjs-viewer/locale/af/viewer.ftl
2026-04-03 19:07:54 +0000  copying file ./www/pdfjs-viewer/locale/ka/viewer.ftl ... 
2026-04-03 19:07:54 +0000  38636 bytes for ./www/pdfjs-viewer/locale/ka/viewer.ftl
copying file ./www/pdfjs-viewer/locale/de/viewer.ftl ... 
2026-04-03 19:07:54 +0000  27834 bytes for ./www/pdfjs-viewer/locale/de/viewer.ftl
2026-04-03 19:07:54 +0000  copying file ./www/pdfjs-viewer/locale/az/viewer.ftl ... 
2026-04-03 19:07:54 +0000  9230 bytes for ./www/pdfjs-viewer/locale/az/viewer.ftl
2026-04-03 19:07:54 +0000  copying file ./www/pdfjs-viewer/locale/gd/viewer.ftl ... 
2026-04-03 19:07:54 +0000  10644 bytes for ./www/pdfjs-viewer/locale/gd/viewer.ftl
2026-04-03 19:07:54 +0000  copying file ./www/pdfjs-viewer/locale/br/viewer.ftl ... 
2026-04-03 19:07:54 +0000  12695 bytes for ./www/pdfjs-viewer/locale/br/viewer.ftl
2026-04-03 19:07:54 +0000  copying file ./www/pdfjs-viewer/locale/skr/viewer.ftl ... 
2026-04-03 19:07:54 +0000  23579 bytes for ./www/pdfjs-viewer/locale/skr/viewer.ftl
2026-04-03 19:07:54 +0000  copying file ./www/pdfjs-viewer/locale/ko/viewer.ftl ... 
2026-04-03 19:07:54 +0000  27257 bytes for ./www/pdfjs-viewer/locale/ko/viewer.ftl
2026-04-03 19:07:54 +0000  copying file ./www/pdfjs-viewer/locale/fi/viewer.ftl ... 
2026-04-03 19:07:54 +0000  27125 bytes for ./www/pdfjs-viewer/locale/fi/viewer.ftl
2026-04-03 19:07:54 +0000  copying file ./www/pdfjs-viewer/locale/son/viewer.ftl ... 
2026-04-03 19:07:54 +0000  5977 bytes for ./www/pdfjs-viewer/locale/son/viewer.ftl
2026-04-03 19:07:54 +0000  copying file ./www/pdfjs-viewer/locale/eo/viewer.ftl ... 
2026-04-03 19:07:54 +0000  27066 bytes for ./www/pdfjs-viewer/locale/eo/viewer.ftl
2026-04-03 19:07:54 +0000  copying file ./www/pdfjs-viewer/locale/id/viewer.ftl ... 
2026-04-03 19:07:54 +0000  26478 bytes for ./www/pdfjs-viewer/locale/id/viewer.ftl
2026-04-03 19:07:54 +0000  copying file ./www/pdfjs-viewer/locale/fr/viewer.ftl ... 
2026-04-03 19:07:54 +0000  28045 bytes for ./www/pdfjs-viewer/locale/fr/viewer.ftl
2026-04-03 19:07:54 +0000  copying file ./www/pdfjs-viewer/locale/sv-SE/viewer.ftl ... 
2026-04-03 19:07:54 +0000  26644 bytes for ./www/pdfjs-viewer/locale/sv-SE/viewer.ftl
2026-04-03 19:07:54 +0000  copying file ./www/pdfjs-viewer/locale/et/viewer.ftl ... 
2026-04-03 19:07:54 +0000  9466 bytes for ./www/pdfjs-viewer/locale/et/viewer.ftl
2026-04-03 19:07:54 +0000  copying file ./www/pdfjs-viewer/locale/fa/viewer.ftl ... 
2026-04-03 19:07:54 +0000  13594 bytes for ./www/pdfjs-viewer/locale/fa/viewer.ftl
2026-04-03 19:07:54 +0000  copying file ./www/pdfjs-viewer/locale/lt/viewer.ftl ... 
2026-04-03 19:07:54 +0000  9747 bytes for ./www/pdfjs-viewer/locale/lt/viewer.ftl
2026-04-03 19:07:54 +0000  copying file ./www/pdfjs-viewer/locale/ff/viewer.ftl ... 
2026-04-03 19:07:54 +0000  8469 bytes for ./www/pdfjs-viewer/locale/ff/viewer.ftl
2026-04-03 19:07:54 +0000  copying file ./www/pdfjs-viewer/locale/cy/viewer.ftl ... 
2026-04-03 19:07:54 +0000  27305 bytes for ./www/pdfjs-viewer/locale/cy/viewer.ftl
2026-04-03 19:07:54 +0000  copying file ./www/pdfjs-viewer/locale/en-US/viewer.ftl ... 
2026-04-03 19:07:54 +0000  26900 bytes for ./www/pdfjs-viewer/locale/en-US/viewer.ftl
2026-04-03 19:07:54 +0000  copying file ./www/pdfjs-viewer/locale/eu/viewer.ftl ... 
2026-04-03 19:07:54 +0000  27164 bytes for ./www/pdfjs-viewer/locale/eu/viewer.ftl
2026-04-03 19:07:54 +0000  copying file ./www/pdfjs-viewer/locale/lo/viewer.ftl ... 
2026-04-03 19:07:54 +0000  13628 bytes for ./www/pdfjs-viewer/locale/lo/viewer.ftl
2026-04-03 19:07:54 +0000  copying file ./www/pdfjs-viewer/locale/ne-NP/viewer.ftl ... 
2026-04-03 19:07:54 +0000  11043 bytes for ./www/pdfjs-viewer/locale/ne-NP/viewer.ftl
2026-04-03 19:07:54 +0000  copying file ./www/pdfjs-viewer/locale/rm/viewer.ftl ... 
2026-04-03 19:07:54 +0000  26318 bytes for ./www/pdfjs-viewer/locale/rm/viewer.ftl
2026-04-03 19:07:54 +0000  copying file ./www/pdfjs-viewer/locale/dsb/viewer.ftl ... 
2026-04-03 19:07:54 +0000  28115 bytes for ./www/pdfjs-viewer/locale/dsb/viewer.ftl
2026-04-03 19:07:54 +0000  copying file ./www/pdfjs-viewer/locale/ta/viewer.ftl ... 
2026-04-03 19:07:54 +0000  10959 bytes for ./www/pdfjs-viewer/locale/ta/viewer.ftl
2026-04-03 19:07:54 +0000  copying file ./www/pdfjs-viewer/locale/th/viewer.ftl ... 
2026-04-03 19:07:54 +0000  35640 bytes for ./www/pdfjs-viewer/locale/th/viewer.ftl
2026-04-03 19:07:54 +0000  copying file ./www/pdfjs-viewer/locale/tr/viewer.ftl ... 
2026-04-03 19:07:54 +0000  26885 bytes for ./www/pdfjs-viewer/locale/tr/viewer.ftl
2026-04-03 19:07:54 +0000  copying file ./www/pdfjs-viewer/locale/wo/viewer.ftl ... 
2026-04-03 19:07:54 +0000  2994 bytes for ./www/pdfjs-viewer/locale/wo/viewer.ftl
2026-04-03 19:07:54 +0000  copying file ./www/pdfjs-viewer/locale/pa-IN/viewer.ftl ... 
2026-04-03 19:07:54 +0000  35206 bytes for ./www/pdfjs-viewer/locale/pa-IN/viewer.ftl
copying file ./www/pdfjs-viewer/locale/tg/viewer.ftl ... 
2026-04-03 19:07:54 +0000  34380 bytes for ./www/pdfjs-viewer/locale/tg/viewer.ftl
2026-04-03 19:07:54 +0000  copying file ./www/pdfjs-viewer/images/treeitem-expanded.svg ... 
2026-04-03 19:07:54 +0000  94 bytes for ./www/pdfjs-viewer/images/treeitem-expanded.svg
2026-04-03 19:07:54 +0000  copying file ./www/pdfjs-viewer/images/secondaryToolbarButton-spreadOdd.svg ... 
2026-04-03 19:07:54 +0000  711 bytes for ./www/pdfjs-viewer/images/secondaryToolbarButton-spreadOdd.svg
2026-04-03 19:07:54 +0000  copying file ./www/pdfjs-viewer/images/gv-toolbarButton-download.svg ... 
2026-04-03 19:07:54 +0000  782 bytes for ./www/pdfjs-viewer/images/gv-toolbarButton-download.svg
2026-04-03 19:07:54 +0000  copying file ./www/pdfjs-viewer/images/toolbarButton-download.svg ... 
2026-04-03 19:07:54 +0000  1036 bytes for ./www/pdfjs-viewer/images/toolbarButton-download.svg
2026-04-03 19:07:54 +0000  copying file ./www/pdfjs-viewer/images/toolbarButton-currentOutlineItem.svg ... 
2026-04-03 19:07:54 +0000  607 bytes for ./www/pdfjs-viewer/images/toolbarButton-currentOutlineItem.svg
2026-04-03 19:07:54 +0000  copying file ./www/pdfjs-viewer/images/annotation-check.svg ... 
2026-04-03 19:07:54 +0000  415 bytes for ./www/pdfjs-viewer/images/annotation-check.svg
2026-04-03 19:07:54 +0000  copying file ./www/pdfjs-viewer/images/toolbarButton-pageUp.svg ... 
2026-04-03 19:07:54 +0000  682 bytes for ./www/pdfjs-viewer/images/toolbarButton-pageUp.svg
2026-04-03 19:07:54 +0000  copying file ./www/pdfjs-viewer/images/annotation-note.svg ... 
2026-04-03 19:07:54 +0000  1041 bytes for ./www/pdfjs-viewer/images/annotation-note.svg
2026-04-03 19:07:54 +0000  copying file ./www/pdfjs-viewer/images/messageBar_closingButton.svg ... 
2026-04-03 19:07:54 +0000  1092 bytes for ./www/pdfjs-viewer/images/messageBar_closingButton.svg
2026-04-03 19:07:54 +0000  copying file ./www/pdfjs-viewer/images/toolbarButton-editorStamp.svg ... 
2026-04-03 19:07:54 +0000  734 bytes for ./www/pdfjs-viewer/images/toolbarButton-editorStamp.svg
2026-04-03 19:07:54 +0000  copying file ./www/pdfjs-viewer/images/comment-popup-editButton.svg ... 
2026-04-03 19:07:54 +0000  1635 bytes for ./www/pdfjs-viewer/images/comment-popup-editButton.svg
2026-04-03 19:07:54 +0000  copying file ./www/pdfjs-viewer/images/secondaryToolbarButton-selectTool.svg ... 
2026-04-03 19:07:54 +0000  1085 bytes for ./www/pdfjs-viewer/images/secondaryToolbarButton-selectTool.svg
2026-04-03 19:07:54 +0000  copying file ./www/pdfjs-viewer/images/secondaryToolbarButton-scrollWrapped.svg ... 
2026-04-03 19:07:54 +0000  1228 bytes for ./www/pdfjs-viewer/images/secondaryToolbarButton-scrollWrapped.svg
2026-04-03 19:07:54 +0000  copying file ./www/pdfjs-viewer/images/loading-icon.gif ... 
2026-04-03 19:07:54 +0000  2545 bytes for ./www/pdfjs-viewer/images/loading-icon.gif
2026-04-03 19:07:54 +0000  copying file ./www/pdfjs-viewer/images/cursor-editorInk.svg ... 
2026-04-03 19:07:54 +0000  1323 bytes for ./www/pdfjs-viewer/images/cursor-editorInk.svg
2026-04-03 19:07:54 +0000  copying file ./www/pdfjs-viewer/images/cursor-editorTextHighlight.svg ... 
2026-04-03 19:07:54 +0000  5402 bytes for ./www/pdfjs-viewer/images/cursor-editorTextHighlight.svg
2026-04-03 19:07:54 +0000  copying file ./www/pdfjs-viewer/images/comment-actionsButton.svg ... 
2026-04-03 19:07:54 +0000  421 bytes for ./www/pdfjs-viewer/images/comment-actionsButton.svg
2026-04-03 19:07:54 +0000  copying file ./www/pdfjs-viewer/images/toolbarButton-viewThumbnail.svg ... 
2026-04-03 19:07:54 +0000  1396 bytes for ./www/pdfjs-viewer/images/toolbarButton-viewThumbnail.svg
2026-04-03 19:07:54 +0000  copying file ./www/pdfjs-viewer/images/toolbarButton-editorSignature.svg ... 
2026-04-03 19:07:54 +0000  1577 bytes for ./www/pdfjs-viewer/images/toolbarButton-editorSignature.svg
2026-04-03 19:07:54 +0000  copying file ./www/pdfjs-viewer/images/toolbarButton-viewLayers.svg ... 
2026-04-03 19:07:54 +0000  671 bytes for ./www/pdfjs-viewer/images/toolbarButton-viewLayers.svg
2026-04-03 19:07:54 +0000  copying file ./www/pdfjs-viewer/images/toolbarButton-editorInk.svg ... 
2026-04-03 19:07:54 +0000  1189 bytes for ./www/pdfjs-viewer/images/toolbarButton-editorInk.svg
2026-04-03 19:07:54 +0000  copying file ./www/pdfjs-viewer/images/toolbarButton-zoomIn.svg ... 
2026-04-03 19:07:54 +0000  958 bytes for ./www/pdfjs-viewer/images/toolbarButton-zoomIn.svg
2026-04-03 19:07:54 +0000  copying file ./www/pdfjs-viewer/images/annotation-noicon.svg ... 
2026-04-03 19:07:54 +0000  158 bytes for ./www/pdfjs-viewer/images/annotation-noicon.svg
2026-04-03 19:07:54 +0000  copying file ./www/pdfjs-viewer/images/comment-editButton.svg ... 
2026-04-03 19:07:54 +0000  908 bytes for ./www/pdfjs-viewer/images/comment-editButton.svg
2026-04-03 19:07:54 +0000  copying file ./www/pdfjs-viewer/images/altText_spinner.svg ... 
2026-04-03 19:07:54 +0000  2710 bytes for ./www/pdfjs-viewer/images/altText_spinner.svg
2026-04-03 19:07:54 +0000  copying file ./www/pdfjs-viewer/images/toolbarButton-menuArrow.svg ... 
2026-04-03 19:07:54 +0000  681 bytes for ./www/pdfjs-viewer/images/toolbarButton-menuArrow.svg
2026-04-03 19:07:54 +0000  copying file ./www/pdfjs-viewer/images/secondaryToolbarButton-scrollHorizontal.svg ... 
2026-04-03 19:07:54 +0000  971 bytes for ./www/pdfjs-viewer/images/secondaryToolbarButton-scrollHorizontal.svg
2026-04-03 19:07:54 +0000  copying file ./www/pdfjs-viewer/images/messageBar_warning.svg ... 
2026-04-03 19:07:54 +0000  811 bytes for ./www/pdfjs-viewer/images/messageBar_warning.svg
2026-04-03 19:07:54 +0000  copying file ./www/pdfjs-viewer/images/toolbarButton-presentationMode.svg ... 
2026-04-03 19:07:54 +0000  681 bytes for ./www/pdfjs-viewer/images/toolbarButton-presentationMode.svg
2026-04-03 19:07:54 +0000  copying file ./www/pdfjs-viewer/images/annotation-insert.svg ... 
2026-04-03 19:07:54 +0000  408 bytes for ./www/pdfjs-viewer/images/annotation-insert.svg
2026-04-03 19:07:54 +0000  copying file ./www/pdfjs-viewer/images/toolbarButton-pageDown.svg ... 
2026-04-03 19:07:54 +0000  701 bytes for ./www/pdfjs-viewer/images/toolbarButton-pageDown.svg
2026-04-03 19:07:54 +0000  copying file ./www/pdfjs-viewer/images/editor-toolbar-delete.svg ... 
2026-04-03 19:07:54 +0000  909 bytes for ./www/pdfjs-viewer/images/editor-toolbar-delete.svg
2026-04-03 19:07:54 +0000  copying file ./www/pdfjs-viewer/images/comment-closeButton.svg ... 
2026-04-03 19:07:54 +0000  1199 bytes for ./www/pdfjs-viewer/images/comment-closeButton.svg
2026-04-03 19:07:54 +0000  copying file ./www/pdfjs-viewer/images/treeitem-collapsed.svg ... 
2026-04-03 19:07:54 +0000  93 bytes for ./www/pdfjs-viewer/images/treeitem-collapsed.svg
2026-04-03 19:07:54 +0000  copying file ./www/pdfjs-viewer/images/annotation-paragraph.svg ... 
1143 bytes for ./www/pdfjs-viewer/images/annotation-paragraph.svg
2026-04-03 19:07:54 +0000  copying file ./www/pdfjs-viewer/images/toolbarButton-editorFreeText.svg ... 
2026-04-03 19:07:54 +0000  498 bytes for ./www/pdfjs-viewer/images/toolbarButton-editorFreeText.svg
2026-04-03 19:07:54 +0000  copying file ./www/pdfjs-viewer/images/annotation-key.svg ... 
2026-04-03 19:07:54 +0000  1452 bytes for ./www/pdfjs-viewer/images/annotation-key.svg
2026-04-03 19:07:54 +0000  copying file ./www/pdfjs-viewer/images/annotation-paperclip.svg ... 
2026-04-03 19:07:54 +0000  552 bytes for ./www/pdfjs-viewer/images/annotation-paperclip.svg
2026-04-03 19:07:54 +0000  copying file ./www/pdfjs-viewer/images/toolbarButton-viewOutline.svg ... 
2026-04-03 19:07:54 +0000  332 bytes for ./www/pdfjs-viewer/images/toolbarButton-viewOutline.svg
2026-04-03 19:07:54 +0000  copying file ./www/pdfjs-viewer/images/secondaryToolbarButton-scrollVertical.svg ... 
2026-04-03 19:07:54 +0000  969 bytes for ./www/pdfjs-viewer/images/secondaryToolbarButton-scrollVertical.svg
2026-04-03 19:07:54 +0000  copying file ./www/pdfjs-viewer/images/annotation-comment.svg ... 
2026-04-03 19:07:54 +0000  883 bytes for ./www/pdfjs-viewer/images/annotation-comment.svg
2026-04-03 19:07:54 +0000  copying file ./www/pdfjs-viewer/images/secondaryToolbarButton-lastPage.svg ... 
2026-04-03 19:07:54 +0000  257 bytes for ./www/pdfjs-viewer/images/secondaryToolbarButton-lastPage.svg
2026-04-03 19:07:54 +0000  copying file ./www/pdfjs-viewer/images/altText_done.svg ... 
2026-04-03 19:07:54 +0000  1087 bytes for ./www/pdfjs-viewer/images/altText_done.svg
2026-04-03 19:07:54 +0000  copying file ./www/pdfjs-viewer/images/altText_disclaimer.svg ... 
2026-04-03 19:07:54 +0000  3397 bytes for ./www/pdfjs-viewer/images/altText_disclaimer.svg
2026-04-03 19:07:54 +0000  copying file ./www/pdfjs-viewer/images/loading.svg ... 
2026-04-03 19:07:54 +0000  1559 bytes for ./www/pdfjs-viewer/images/loading.svg
2026-04-03 19:07:54 +0000  copying file ./www/pdfjs-viewer/images/annotation-newparagraph.svg ... 
2026-04-03 19:07:54 +0000  426 bytes for ./www/pdfjs-viewer/images/annotation-newparagraph.svg
2026-04-03 19:07:54 +0000  copying file ./www/pdfjs-viewer/images/altText_warning.svg ... 
2026-04-03 19:07:54 +0000  1532 bytes for ./www/pdfjs-viewer/images/altText_warning.svg
2026-04-03 19:07:54 +0000  copying file ./www/pdfjs-viewer/images/altText_add.svg ... 
2026-04-03 19:07:54 +0000  920 bytes for ./www/pdfjs-viewer/images/altText_add.svg
2026-04-03 19:07:54 +0000  copying file ./www/pdfjs-viewer/images/secondaryToolbarButton-firstPage.svg ... 
2026-04-03 19:07:54 +0000  260 bytes for ./www/pdfjs-viewer/images/secondaryToolbarButton-firstPage.svg
copying file ./www/pdfjs-viewer/images/annotation-help.svg ... 
2026-04-03 19:07:54 +0000  2168 bytes for ./www/pdfjs-viewer/images/annotation-help.svg
2026-04-03 19:07:54 +0000  copying file ./www/pdfjs-viewer/images/toolbarButton-secondaryToolbarToggle.svg ... 
2026-04-03 19:07:54 +0000  1080 bytes for ./www/pdfjs-viewer/images/toolbarButton-secondaryToolbarToggle.svg
copying file ./www/pdfjs-viewer/images/findbarButton-previous.svg ... 
2026-04-03 19:07:54 +0000  578 bytes for ./www/pdfjs-viewer/images/findbarButton-previous.svg
2026-04-03 19:07:54 +0000  copying file ./www/pdfjs-viewer/images/toolbarButton-bookmark.svg ... 
2026-04-03 19:07:54 +0000  861 bytes for ./www/pdfjs-viewer/images/toolbarButton-bookmark.svg
copying file ./www/pdfjs-viewer/images/secondaryToolbarButton-handTool.svg ... 
2026-04-03 19:07:54 +0000  1344 bytes for ./www/pdfjs-viewer/images/secondaryToolbarButton-handTool.svg
2026-04-03 19:07:54 +0000  copying file ./www/pdfjs-viewer/images/annotation-pushpin.svg ... 
2026-04-03 19:07:54 +0000  1375 bytes for ./www/pdfjs-viewer/images/annotation-pushpin.svg
2026-04-03 19:07:54 +0000  copying file ./www/pdfjs-viewer/images/toolbarButton-print.svg ... 
2026-04-03 19:07:54 +0000  927 bytes for ./www/pdfjs-viewer/images/toolbarButton-print.svg
2026-04-03 19:07:54 +0000  copying file ./www/pdfjs-viewer/images/secondaryToolbarButton-spreadEven.svg ... 
2026-04-03 19:07:54 +0000  775 bytes for ./www/pdfjs-viewer/images/secondaryToolbarButton-spreadEven.svg
2026-04-03 19:07:54 +0000  copying file ./www/pdfjs-viewer/images/toolbarButton-openFile.svg ... 
2026-04-03 19:07:54 +0000  1400 bytes for ./www/pdfjs-viewer/images/toolbarButton-openFile.svg
2026-04-03 19:07:54 +0000  copying file ./www/pdfjs-viewer/images/toolbarButton-zoomOut.svg ... 
2026-04-03 19:07:54 +0000  472 bytes for ./www/pdfjs-viewer/images/toolbarButton-zoomOut.svg
2026-04-03 19:07:54 +0000  copying file ./www/pdfjs-viewer/images/cursor-editorFreeText.svg ... 
2026-04-03 19:07:54 +0000  1452 bytes for ./www/pdfjs-viewer/images/cursor-editorFreeText.svg
2026-04-03 19:07:54 +0000  copying file ./www/pdfjs-viewer/images/secondaryToolbarButton-rotateCw.svg ... 
2026-04-03 19:07:54 +0000  576 bytes for ./www/pdfjs-viewer/images/secondaryToolbarButton-rotateCw.svg
2026-04-03 19:07:54 +0000  copying file ./www/pdfjs-viewer/images/secondaryToolbarButton-spreadNone.svg ... 
2026-04-03 19:07:54 +0000  395 bytes for ./www/pdfjs-viewer/images/secondaryToolbarButton-spreadNone.svg
2026-04-03 19:07:54 +0000  copying file ./www/pdfjs-viewer/images/secondaryToolbarButton-scrollPage.svg ... 
2026-04-03 19:07:54 +0000  731 bytes for ./www/pdfjs-viewer/images/secondaryToolbarButton-scrollPage.svg
2026-04-03 19:07:54 +0000  copying file ./www/pdfjs-viewer/images/findbarButton-next.svg ... 
2026-04-03 19:07:54 +0000  578 bytes for ./www/pdfjs-viewer/images/findbarButton-next.svg
2026-04-03 19:07:54 +0000  copying file ./www/pdfjs-viewer/images/messageBar_info.svg ... 
2026-04-03 19:07:54 +0000  1076 bytes for ./www/pdfjs-viewer/images/messageBar_info.svg
2026-04-03 19:07:54 +0000  copying file ./www/pdfjs-viewer/images/toolbarButton-editorHighlight.svg ... 
2026-04-03 19:07:54 +0000  910 bytes for ./www/pdfjs-viewer/images/toolbarButton-editorHighlight.svg
2026-04-03 19:07:54 +0000  copying file ./www/pdfjs-viewer/images/toolbarButton-viewAttachments.svg ... 
2026-04-03 19:07:54 +0000  570 bytes for ./www/pdfjs-viewer/images/toolbarButton-viewAttachments.svg
2026-04-03 19:07:54 +0000  copying file ./www/pdfjs-viewer/images/cursor-editorFreeHighlight.svg ... 
2026-04-03 19:07:54 +0000  2936 bytes for ./www/pdfjs-viewer/images/cursor-editorFreeHighlight.svg
2026-04-03 19:07:54 +0000  copying file ./www/pdfjs-viewer/images/toolbarButton-search.svg ... 
1234 bytes for ./www/pdfjs-viewer/images/toolbarButton-search.svg
copying file ./www/pdfjs-viewer/images/secondaryToolbarButton-rotateCcw.svg ... 
2026-04-03 19:07:54 +0000  596 bytes for ./www/pdfjs-viewer/images/secondaryToolbarButton-rotateCcw.svg
copying file ./www/pdfjs-viewer/images/secondaryToolbarButton-documentProperties.svg ... 
2026-04-03 19:07:54 +0000  417 bytes for ./www/pdfjs-viewer/images/secondaryToolbarButton-documentProperties.svg
2026-04-03 19:07:54 +0000  copying file ./www/pdfjs-viewer/images/editor-toolbar-edit.svg ... 
2026-04-03 19:07:54 +0000  869 bytes for ./www/pdfjs-viewer/images/editor-toolbar-edit.svg
2026-04-03 19:07:54 +0000  copying file ./www/pdfjs-viewer/images/toolbarButton-sidebarToggle.svg ... 
2026-04-03 19:07:54 +0000  1560 bytes for ./www/pdfjs-viewer/images/toolbarButton-sidebarToggle.svg
2026-04-03 19:07:54 +0000  copying file ./www/pdfjs-viewer/iccs/CGATS001Compat-v2-micro.icc ... 
8464 bytes for ./www/pdfjs-viewer/iccs/CGATS001Compat-v2-micro.icc
copying file ./www/pdfjs-viewer/iccs/LICENSE ... 
2026-04-03 19:07:54 +0000  6553 bytes for ./www/pdfjs-viewer/iccs/LICENSE
copying file ./www/pdfjs-viewer/wasm/openjpeg.wasm ... 
2026-04-03 19:07:54 +0000  250009 bytes for ./www/pdfjs-viewer/wasm/openjpeg.wasm
2026-04-03 19:07:54 +0000  copying file ./www/pdfjs-viewer/wasm/openjpeg_nowasm_fallback.js ... 
2026-04-03 19:07:54 +0000  451777 bytes for ./www/pdfjs-viewer/wasm/openjpeg_nowasm_fallback.js
2026-04-03 19:07:54 +0000  copying file ./www/pdfjs-viewer/wasm/LICENSE_QCMS ... 
2026-04-03 19:07:54 +0000  1121 bytes for ./www/pdfjs-viewer/wasm/LICENSE_QCMS
2026-04-03 19:07:54 +0000  copying file ./www/pdfjs-viewer/wasm/LICENSE_OPENJPEG ... 
2026-04-03 19:07:54 +0000  2112 bytes for ./www/pdfjs-viewer/wasm/LICENSE_OPENJPEG
2026-04-03 19:07:54 +0000  copying file ./www/pdfjs-viewer/wasm/LICENSE_PDFJS_OPENJPEG ... 
2026-04-03 19:07:54 +0000  1285 bytes for ./www/pdfjs-viewer/wasm/LICENSE_PDFJS_OPENJPEG
2026-04-03 19:07:54 +0000  copying file ./www/pdfjs-viewer/wasm/qcms_bg.wasm ... 
2026-04-03 19:07:54 +0000  94519 bytes for ./www/pdfjs-viewer/wasm/qcms_bg.wasm
2026-04-03 19:07:54 +0000  copying file ./www/pdfjs-viewer/wasm/LICENSE_PDFJS_QCMS ... 
2026-04-03 19:07:54 +0000  1285 bytes for ./www/pdfjs-viewer/wasm/LICENSE_PDFJS_QCMS
2026-04-03 19:07:54 +0000  copying file ./www/pdfjs-viewer/pdf_viewer.mjs ... 
2026-04-03 19:07:54 +0000  293962 bytes for ./www/pdfjs-viewer/pdf_viewer.mjs
2026-04-03 19:07:54 +0000  copying file ./www/pdfjs-viewer/pdf.mjs ... 
2026-04-03 19:07:54 +0000  785559 bytes for ./www/pdfjs-viewer/pdf.mjs
2026-04-03 19:07:54 +0000  copying file ./www/pdfjs-viewer/standard_fonts/FoxitDingbats.pfb ... 
2026-04-03 19:07:54 +0000  29513 bytes for ./www/pdfjs-viewer/standard_fonts/FoxitDingbats.pfb
2026-04-03 19:07:54 +0000  copying file ./www/pdfjs-viewer/standard_fonts/LiberationSans-Bold.ttf ... 
2026-04-03 19:07:54 +0000  137052 bytes for ./www/pdfjs-viewer/standard_fonts/LiberationSans-Bold.ttf
2026-04-03 19:07:54 +0000  copying file ./www/pdfjs-viewer/standard_fonts/FoxitSymbol.pfb ... 
2026-04-03 19:07:54 +0000  16729 bytes for ./www/pdfjs-viewer/standard_fonts/FoxitSymbol.pfb
copying file ./www/pdfjs-viewer/standard_fonts/Sacramento.ttf ... 
2026-04-03 19:07:54 +0000  64808 bytes for ./www/pdfjs-viewer/standard_fonts/Sacramento.ttf
2026-04-03 19:07:54 +0000  copying file ./www/pdfjs-viewer/standard_fonts/LiberationSans-BoldItalic.ttf ... 
2026-04-03 19:07:54 +0000  135124 bytes for ./www/pdfjs-viewer/standard_fonts/LiberationSans-BoldItalic.ttf
2026-04-03 19:07:54 +0000  copying file ./www/pdfjs-viewer/standard_fonts/LICENSE_LIBERATION ... 
2026-04-03 19:07:54 +0000  4414 bytes for ./www/pdfjs-viewer/standard_fonts/LICENSE_LIBERATION
2026-04-03 19:07:54 +0000  copying file ./www/pdfjs-viewer/standard_fonts/FoxitFixedBoldItalic.pfb ... 
2026-04-03 19:07:54 +0000  19151 bytes for ./www/pdfjs-viewer/standard_fonts/FoxitFixedBoldItalic.pfb
2026-04-03 19:07:54 +0000  copying file ./www/pdfjs-viewer/standard_fonts/FoxitFixedItalic.pfb ... 
2026-04-03 19:07:54 +0000  18746 bytes for ./www/pdfjs-viewer/standard_fonts/FoxitFixedItalic.pfb
2026-04-03 19:07:54 +0000  copying file ./www/pdfjs-viewer/standard_fonts/FoxitSerifItalic.pfb ... 
2026-04-03 19:07:54 +0000  21227 bytes for ./www/pdfjs-viewer/standard_fonts/FoxitSerifItalic.pfb
2026-04-03 19:07:54 +0000  copying file ./www/pdfjs-viewer/standard_fonts/FoxitSerifBoldItalic.pfb ... 
2026-04-03 19:07:54 +0000  20733 bytes for ./www/pdfjs-viewer/standard_fonts/FoxitSerifBoldItalic.pfb
2026-04-03 19:07:54 +0000  copying file ./www/pdfjs-viewer/standard_fonts/FoxitSerifBold.pfb ... 
2026-04-03 19:07:54 +0000  19395 bytes for ./www/pdfjs-viewer/standard_fonts/FoxitSerifBold.pfb
2026-04-03 19:07:54 +0000  copying file ./www/pdfjs-viewer/standard_fonts/Allura.ttf ... 
2026-04-03 19:07:54 +0000  234288 bytes for ./www/pdfjs-viewer/standard_fonts/Allura.ttf
2026-04-03 19:07:54 +0000  copying file ./www/pdfjs-viewer/standard_fonts/AlexBrush.ttf ... 
2026-04-03 19:07:54 +0000  115420 bytes for ./www/pdfjs-viewer/standard_fonts/AlexBrush.ttf
2026-04-03 19:07:54 +0000  copying file ./www/pdfjs-viewer/standard_fonts/FoxitFixed.pfb ... 
2026-04-03 19:07:54 +0000  17597 bytes for ./www/pdfjs-viewer/standard_fonts/FoxitFixed.pfb
2026-04-03 19:07:54 +0000  copying file ./www/pdfjs-viewer/standard_fonts/Kalam.ttf ... 
2026-04-03 19:07:54 +0000  427336 bytes for ./www/pdfjs-viewer/standard_fonts/Kalam.ttf
2026-04-03 19:07:54 +0000  copying file ./www/pdfjs-viewer/standard_fonts/LiberationSans-Italic.ttf ... 
2026-04-03 19:07:54 +0000  162036 bytes for ./www/pdfjs-viewer/standard_fonts/LiberationSans-Italic.ttf
copying file ./www/pdfjs-viewer/standard_fonts/FoxitSerif.pfb ... 
2026-04-03 19:07:54 +0000  19469 bytes for ./www/pdfjs-viewer/standard_fonts/FoxitSerif.pfb
2026-04-03 19:07:54 +0000  copying file ./www/pdfjs-viewer/standard_fonts/LICENSE_FOXIT ... 
2026-04-03 19:07:54 +0000  1553 bytes for ./www/pdfjs-viewer/standard_fonts/LICENSE_FOXIT
2026-04-03 19:07:54 +0000  copying file ./www/pdfjs-viewer/standard_fonts/Handlee.ttf ... 
2026-04-03 19:07:54 +0000  37792 bytes for ./www/pdfjs-viewer/standard_fonts/Handlee.ttf
2026-04-03 19:07:54 +0000  copying file ./www/pdfjs-viewer/standard_fonts/LiberationSans-Regular.ttf ... 
2026-04-03 19:07:54 +0000  139512 bytes for ./www/pdfjs-viewer/standard_fonts/LiberationSans-Regular.ttf
2026-04-03 19:07:54 +0000  copying file ./www/pdfjs-viewer/standard_fonts/FoxitFixedBold.pfb ... 
2026-04-03 19:07:54 +0000  18055 bytes for ./www/pdfjs-viewer/standard_fonts/FoxitFixedBold.pfb
2026-04-03 19:07:54 +0000  copying file ./www/pdfjs-viewer/viewer.mjs ... 
2026-04-03 19:07:54 +0000  579392 bytes for ./www/pdfjs-viewer/viewer.mjs
copying file ./www/pdfjs-viewer/pdf_viewer.css ... 
2026-04-03 19:07:54 +0000  199686 bytes for ./www/pdfjs-viewer/pdf_viewer.css
2026-04-03 19:07:54 +0000  copying file ./www/pdfjs-viewer/cmaps/78-EUC-V.bcmap ... 
2026-04-03 19:07:54 +0000  173 bytes for ./www/pdfjs-viewer/cmaps/78-EUC-V.bcmap
2026-04-03 19:07:54 +0000  copying file ./www/pdfjs-viewer/cmaps/GBKp-EUC-H.bcmap ... 
2026-04-03 19:07:54 +0000  14686 bytes for ./www/pdfjs-viewer/cmaps/GBKp-EUC-H.bcmap
2026-04-03 19:07:54 +0000  copying file ./www/pdfjs-viewer/cmaps/Katakana.bcmap ... 
2026-04-03 19:07:54 +0000  100 bytes for ./www/pdfjs-viewer/cmaps/Katakana.bcmap
2026-04-03 19:07:54 +0000  copying file ./www/pdfjs-viewer/cmaps/KSCpc-EUC-H.bcmap ... 
2026-04-03 19:07:54 +0000  2024 bytes for ./www/pdfjs-viewer/cmaps/KSCpc-EUC-H.bcmap
2026-04-03 19:07:54 +0000  copying file ./www/pdfjs-viewer/cmaps/Adobe-CNS1-UCS2.bcmap ... 
2026-04-03 19:07:54 +0000  41193 bytes for ./www/pdfjs-viewer/cmaps/Adobe-CNS1-UCS2.bcmap
2026-04-03 19:07:54 +0000  copying file ./www/pdfjs-viewer/cmaps/Adobe-CNS1-5.bcmap ... 
2026-04-03 19:07:54 +0000  406 bytes for ./www/pdfjs-viewer/cmaps/Adobe-CNS1-5.bcmap
2026-04-03 19:07:54 +0000  copying file ./www/pdfjs-viewer/cmaps/Adobe-Japan1-6.bcmap ... 
2026-04-03 19:07:54 +0000  485 bytes for ./www/pdfjs-viewer/cmaps/Adobe-Japan1-6.bcmap
2026-04-03 19:07:54 +0000  copying file ./www/pdfjs-viewer/cmaps/Adobe-Japan1-4.bcmap ... 
2026-04-03 19:07:54 +0000  337 bytes for ./www/pdfjs-viewer/cmaps/Adobe-Japan1-4.bcmap
2026-04-03 19:07:54 +0000  copying file ./www/pdfjs-viewer/cmaps/Adobe-Japan1-UCS2.bcmap ... 
2026-04-03 19:07:54 +0000  40951 bytes for ./www/pdfjs-viewer/cmaps/Adobe-Japan1-UCS2.bcmap
2026-04-03 19:07:54 +0000  copying file ./www/pdfjs-viewer/cmaps/HKscs-B5-H.bcmap ... 
2026-04-03 19:07:54 +0000  4437 bytes for ./www/pdfjs-viewer/cmaps/HKscs-B5-H.bcmap
2026-04-03 19:07:54 +0000  copying file ./www/pdfjs-viewer/cmaps/UniJISX0213-UTF32-H.bcmap ... 
2026-04-03 19:07:54 +0000  40517 bytes for ./www/pdfjs-viewer/cmaps/UniJISX0213-UTF32-H.bcmap
2026-04-03 19:07:54 +0000  copying file ./www/pdfjs-viewer/cmaps/HKdla-B5-V.bcmap ... 
2026-04-03 19:07:54 +0000  148 bytes for ./www/pdfjs-viewer/cmaps/HKdla-B5-V.bcmap
2026-04-03 19:07:54 +0000  copying file ./www/pdfjs-viewer/cmaps/ETenms-B5-H.bcmap ... 
2026-04-03 19:07:54 +0000  101 bytes for ./www/pdfjs-viewer/cmaps/ETenms-B5-H.bcmap
2026-04-03 19:07:54 +0000  copying file ./www/pdfjs-viewer/cmaps/H.bcmap ... 
2026-04-03 19:07:54 +0000  553 bytes for ./www/pdfjs-viewer/cmaps/H.bcmap
2026-04-03 19:07:54 +0000  copying file ./www/pdfjs-viewer/cmaps/Adobe-Korea1-UCS2.bcmap ... 
2026-04-03 19:07:54 +0000  23293 bytes for ./www/pdfjs-viewer/cmaps/Adobe-Korea1-UCS2.bcmap
2026-04-03 19:07:54 +0000  copying file ./www/pdfjs-viewer/cmaps/UniJIS-UTF8-V.bcmap ... 
2026-04-03 19:07:54 +0000  678 bytes for ./www/pdfjs-viewer/cmaps/UniJIS-UTF8-V.bcmap
2026-04-03 19:07:54 +0000  copying file ./www/pdfjs-viewer/cmaps/WP-Symbol.bcmap ... 
2026-04-03 19:07:54 +0000  179 bytes for ./www/pdfjs-viewer/cmaps/WP-Symbol.bcmap
2026-04-03 19:07:54 +0000  copying file ./www/pdfjs-viewer/cmaps/Add-H.bcmap ... 
2026-04-03 19:07:54 +0000  2419 bytes for ./www/pdfjs-viewer/cmaps/Add-H.bcmap
2026-04-03 19:07:54 +0000  copying file ./www/pdfjs-viewer/cmaps/Adobe-Japan1-0.bcmap ... 
2026-04-03 19:07:54 +0000  225 bytes for ./www/pdfjs-viewer/cmaps/Adobe-Japan1-0.bcmap
2026-04-03 19:07:54 +0000  copying file ./www/pdfjs-viewer/cmaps/Adobe-CNS1-3.bcmap ... 
2026-04-03 19:07:54 +0000  401 bytes for ./www/pdfjs-viewer/cmaps/Adobe-CNS1-3.bcmap
2026-04-03 19:07:54 +0000  copying file ./www/pdfjs-viewer/cmaps/HKm314-B5-H.bcmap ... 
2026-04-03 19:07:54 +0000  1772 bytes for ./www/pdfjs-viewer/cmaps/HKm314-B5-H.bcmap
2026-04-03 19:07:54 +0000  copying file ./www/pdfjs-viewer/cmaps/UniCNS-UTF8-V.bcmap ... 
2026-04-03 19:07:54 +0000  157 bytes for ./www/pdfjs-viewer/cmaps/UniCNS-UTF8-V.bcmap
2026-04-03 19:07:54 +0000  copying file ./www/pdfjs-viewer/cmaps/LICENSE ... 
2026-04-03 19:07:54 +0000  2080 bytes for ./www/pdfjs-viewer/cmaps/LICENSE
2026-04-03 19:07:54 +0000  copying file ./www/pdfjs-viewer/cmaps/ETHK-B5-H.bcmap ... 
2026-04-03 19:07:54 +0000  4426 bytes for ./www/pdfjs-viewer/cmaps/ETHK-B5-H.bcmap
copying file ./www/pdfjs-viewer/cmaps/KSC-Johab-V.bcmap ... 
2026-04-03 19:07:54 +0000  166 bytes for ./www/pdfjs-viewer/cmaps/KSC-Johab-V.bcmap
2026-04-03 19:07:54 +0000  copying file ./www/pdfjs-viewer/cmaps/Adobe-CNS1-1.bcmap ... 
2026-04-03 19:07:54 +0000  371 bytes for ./www/pdfjs-viewer/cmaps/Adobe-CNS1-1.bcmap
2026-04-03 19:07:54 +0000  copying file ./www/pdfjs-viewer/cmaps/UniGB-UCS2-V.bcmap ... 
2026-04-03 19:07:54 +0000  193 bytes for ./www/pdfjs-viewer/cmaps/UniGB-UCS2-V.bcmap
2026-04-03 19:07:54 +0000  copying file ./www/pdfjs-viewer/cmaps/Adobe-Japan1-2.bcmap ... 
2026-04-03 19:07:54 +0000  233 bytes for ./www/pdfjs-viewer/cmaps/Adobe-Japan1-2.bcmap
2026-04-03 19:07:54 +0000  copying file ./www/pdfjs-viewer/cmaps/KSC-V.bcmap ... 
2026-04-03 19:07:54 +0000  160 bytes for ./www/pdfjs-viewer/cmaps/KSC-V.bcmap
2026-04-03 19:07:54 +0000  copying file ./www/pdfjs-viewer/cmaps/UniJISPro-UTF8-V.bcmap ... 
2026-04-03 19:07:54 +0000  726 bytes for ./www/pdfjs-viewer/cmaps/UniJISPro-UTF8-V.bcmap
2026-04-03 19:07:54 +0000  copying file ./www/pdfjs-viewer/cmaps/KSC-EUC-H.bcmap ... 
2026-04-03 19:07:54 +0000  1848 bytes for ./www/pdfjs-viewer/cmaps/KSC-EUC-H.bcmap
2026-04-03 19:07:54 +0000  copying file ./www/pdfjs-viewer/cmaps/RKSJ-H.bcmap ... 
2026-04-03 19:07:54 +0000  534 bytes for ./www/pdfjs-viewer/cmaps/RKSJ-H.bcmap
2026-04-03 19:07:54 +0000  copying file ./www/pdfjs-viewer/cmaps/Add-RKSJ-V.bcmap ... 
2026-04-03 19:07:54 +0000  287 bytes for ./www/pdfjs-viewer/cmaps/Add-RKSJ-V.bcmap
2026-04-03 19:07:54 +0000  copying file ./www/pdfjs-viewer/cmaps/UniKS-UCS2-V.bcmap ... 
2026-04-03 19:07:54 +0000  178 bytes for ./www/pdfjs-viewer/cmaps/UniKS-UCS2-V.bcmap
2026-04-03 19:07:54 +0000  copying file ./www/pdfjs-viewer/cmaps/78-V.bcmap ... 
2026-04-03 19:07:54 +0000  169 bytes for ./www/pdfjs-viewer/cmaps/78-V.bcmap
2026-04-03 19:07:54 +0000  copying file ./www/pdfjs-viewer/cmaps/CNS-EUC-H.bcmap ... 
2026-04-03 19:07:54 +0000  1780 bytes for ./www/pdfjs-viewer/cmaps/CNS-EUC-H.bcmap
2026-04-03 19:07:54 +0000  copying file ./www/pdfjs-viewer/cmaps/HKm471-B5-V.bcmap ... 
2026-04-03 19:07:54 +0000  149 bytes for ./www/pdfjs-viewer/cmaps/HKm471-B5-V.bcmap
2026-04-03 19:07:54 +0000  copying file ./www/pdfjs-viewer/cmaps/HKgccs-B5-H.bcmap ... 
2026-04-03 19:07:54 +0000  2292 bytes for ./www/pdfjs-viewer/cmaps/HKgccs-B5-H.bcmap
2026-04-03 19:07:54 +0000  copying file ./www/pdfjs-viewer/cmaps/UniCNS-UTF8-H.bcmap ... 
2026-04-03 19:07:54 +0000  53629 bytes for ./www/pdfjs-viewer/cmaps/UniCNS-UTF8-H.bcmap
copying file ./www/pdfjs-viewer/cmaps/HKm314-B5-V.bcmap ... 
2026-04-03 19:07:54 +0000  149 bytes for ./www/pdfjs-viewer/cmaps/HKm314-B5-V.bcmap
2026-04-03 19:07:54 +0000  copying file ./www/pdfjs-viewer/cmaps/Adobe-Japan1-5.bcmap ... 
2026-04-03 19:07:54 +0000  430 bytes for ./www/pdfjs-viewer/cmaps/Adobe-Japan1-5.bcmap
2026-04-03 19:07:54 +0000  copying file ./www/pdfjs-viewer/cmaps/Adobe-CNS1-6.bcmap ... 
2026-04-03 19:07:54 +0000  406 bytes for ./www/pdfjs-viewer/cmaps/Adobe-CNS1-6.bcmap
copying file ./www/pdfjs-viewer/cmaps/Add-V.bcmap ... 
2026-04-03 19:07:54 +0000  282 bytes for ./www/pdfjs-viewer/cmaps/Add-V.bcmap
2026-04-03 19:07:54 +0000  copying file ./www/pdfjs-viewer/cmaps/UniJIS-UTF8-H.bcmap ... 
2026-04-03 19:07:54 +0000  41695 bytes for ./www/pdfjs-viewer/cmaps/UniJIS-UTF8-H.bcmap
2026-04-03 19:07:54 +0000  copying file ./www/pdfjs-viewer/cmaps/UniJISPro-UCS2-HW-V.bcmap ... 
2026-04-03 19:07:54 +0000  705 bytes for ./www/pdfjs-viewer/cmaps/UniJISPro-UCS2-HW-V.bcmap
2026-04-03 19:07:54 +0000  copying file ./www/pdfjs-viewer/cmaps/HKgccs-B5-V.bcmap ... 
2026-04-03 19:07:54 +0000  149 bytes for ./www/pdfjs-viewer/cmaps/HKgccs-B5-V.bcmap
2026-04-03 19:07:54 +0000  copying file ./www/pdfjs-viewer/cmaps/HKm471-B5-H.bcmap ... 
2026-04-03 19:07:54 +0000  2171 bytes for ./www/pdfjs-viewer/cmaps/HKm471-B5-H.bcmap
2026-04-03 19:07:54 +0000  copying file ./www/pdfjs-viewer/cmaps/CNS-EUC-V.bcmap ... 
2026-04-03 19:07:54 +0000  1920 bytes for ./www/pdfjs-viewer/cmaps/CNS-EUC-V.bcmap
2026-04-03 19:07:54 +0000  copying file ./www/pdfjs-viewer/cmaps/78-H.bcmap ... 
2026-04-03 19:07:54 +0000  2379 bytes for ./www/pdfjs-viewer/cmaps/78-H.bcmap
2026-04-03 19:07:54 +0000  copying file ./www/pdfjs-viewer/cmaps/UniKS-UCS2-H.bcmap ... 
2026-04-03 19:07:54 +0000  25783 bytes for ./www/pdfjs-viewer/cmaps/UniKS-UCS2-H.bcmap
2026-04-03 19:07:54 +0000  copying file ./www/pdfjs-viewer/cmaps/KSC-EUC-V.bcmap ... 
2026-04-03 19:07:54 +0000  164 bytes for ./www/pdfjs-viewer/cmaps/KSC-EUC-V.bcmap
2026-04-03 19:07:54 +0000  copying file ./www/pdfjs-viewer/cmaps/Add-RKSJ-H.bcmap ... 
2026-04-03 19:07:54 +0000  2413 bytes for ./www/pdfjs-viewer/cmaps/Add-RKSJ-H.bcmap
copying file ./www/pdfjs-viewer/cmaps/RKSJ-V.bcmap ... 
2026-04-03 19:07:54 +0000  170 bytes for ./www/pdfjs-viewer/cmaps/RKSJ-V.bcmap
2026-04-03 19:07:54 +0000  copying file ./www/pdfjs-viewer/cmaps/Adobe-CNS1-4.bcmap ... 
2026-04-03 19:07:54 +0000  405 bytes for ./www/pdfjs-viewer/cmaps/Adobe-CNS1-4.bcmap
copying file ./www/pdfjs-viewer/cmaps/UniGB-UCS2-H.bcmap ... 
2026-04-03 19:07:54 +0000  43366 bytes for ./www/pdfjs-viewer/cmaps/UniGB-UCS2-H.bcmap
copying file ./www/pdfjs-viewer/cmaps/KSC-Johab-H.bcmap ... 
2026-04-03 19:07:54 +0000  16791 bytes for ./www/pdfjs-viewer/cmaps/KSC-Johab-H.bcmap
2026-04-03 19:07:54 +0000  copying file ./www/pdfjs-viewer/cmaps/KSC-H.bcmap ... 
2026-04-03 19:07:54 +0000  1831 bytes for ./www/pdfjs-viewer/cmaps/KSC-H.bcmap
2026-04-03 19:07:54 +0000  copying file ./www/pdfjs-viewer/cmaps/ETHK-B5-V.bcmap ... 
2026-04-03 19:07:54 +0000  158 bytes for ./www/pdfjs-viewer/cmaps/ETHK-B5-V.bcmap
2026-04-03 19:07:54 +0000  copying file ./www/pdfjs-viewer/cmaps/Adobe-CNS1-0.bcmap ... 
2026-04-03 19:07:54 +0000  317 bytes for ./www/pdfjs-viewer/cmaps/Adobe-CNS1-0.bcmap
2026-04-03 19:07:54 +0000  copying file ./www/pdfjs-viewer/cmaps/Adobe-Japan1-3.bcmap ... 
2026-04-03 19:07:54 +0000  242 bytes for ./www/pdfjs-viewer/cmaps/Adobe-Japan1-3.bcmap
2026-04-03 19:07:54 +0000  copying file ./www/pdfjs-viewer/cmaps/KSCpc-EUC-V.bcmap ... 
2026-04-03 19:07:54 +0000  166 bytes for ./www/pdfjs-viewer/cmaps/KSCpc-EUC-V.bcmap
2026-04-03 19:07:54 +0000  copying file ./www/pdfjs-viewer/cmaps/GBKp-EUC-V.bcmap ... 
2026-04-03 19:07:54 +0000  181 bytes for ./www/pdfjs-viewer/cmaps/GBKp-EUC-V.bcmap
2026-04-03 19:07:54 +0000  copying file ./www/pdfjs-viewer/cmaps/78-EUC-H.bcmap ... 
2026-04-03 19:07:54 +0000  2404 bytes for ./www/pdfjs-viewer/cmaps/78-EUC-H.bcmap
2026-04-03 19:07:54 +0000  copying file ./www/pdfjs-viewer/cmaps/Roman.bcmap ... 
2026-04-03 19:07:54 +0000  96 bytes for ./www/pdfjs-viewer/cmaps/Roman.bcmap
copying file ./www/pdfjs-viewer/cmaps/V.bcmap ... 
2026-04-03 19:07:54 +0000  166 bytes for ./www/pdfjs-viewer/cmaps/V.bcmap
2026-04-03 19:07:54 +0000  copying file ./www/pdfjs-viewer/cmaps/ETenms-B5-V.bcmap ... 
2026-04-03 19:07:54 +0000  172 bytes for ./www/pdfjs-viewer/cmaps/ETenms-B5-V.bcmap
2026-04-03 19:07:54 +0000  copying file ./www/pdfjs-viewer/cmaps/HKdla-B5-H.bcmap ... 
2026-04-03 19:07:54 +0000  2654 bytes for ./www/pdfjs-viewer/cmaps/HKdla-B5-H.bcmap
2026-04-03 19:07:54 +0000  copying file ./www/pdfjs-viewer/cmaps/UniJISX0213-UTF32-V.bcmap ... 
2026-04-03 19:07:54 +0000  684 bytes for ./www/pdfjs-viewer/cmaps/UniJISX0213-UTF32-V.bcmap
2026-04-03 19:07:54 +0000  copying file ./www/pdfjs-viewer/cmaps/HKscs-B5-V.bcmap ... 
2026-04-03 19:07:54 +0000  159 bytes for ./www/pdfjs-viewer/cmaps/HKscs-B5-V.bcmap
2026-04-03 19:07:54 +0000  copying file ./www/pdfjs-viewer/cmaps/Adobe-Japan1-1.bcmap ... 
2026-04-03 19:07:54 +0000  226 bytes for ./www/pdfjs-viewer/cmaps/Adobe-Japan1-1.bcmap
copying file ./www/pdfjs-viewer/cmaps/Adobe-CNS1-2.bcmap ... 
2026-04-03 19:07:54 +0000  376 bytes for ./www/pdfjs-viewer/cmaps/Adobe-CNS1-2.bcmap
2026-04-03 19:07:54 +0000  copying file ./www/pdfjs-viewer/cmaps/90msp-RKSJ-V.bcmap ... 
2026-04-03 19:07:54 +0000  291 bytes for ./www/pdfjs-viewer/cmaps/90msp-RKSJ-V.bcmap
2026-04-03 19:07:54 +0000  copying file ./www/pdfjs-viewer/cmaps/B5pc-V.bcmap ... 
2026-04-03 19:07:54 +0000  144 bytes for ./www/pdfjs-viewer/cmaps/B5pc-V.bcmap
2026-04-03 19:07:54 +0000  copying file ./www/pdfjs-viewer/cmaps/Adobe-GB1-1.bcmap ... 
2026-04-03 19:07:54 +0000  250 bytes for ./www/pdfjs-viewer/cmaps/Adobe-GB1-1.bcmap
copying file ./www/pdfjs-viewer/cmaps/B5-H.bcmap ... 
2026-04-03 19:07:54 +0000  1086 bytes for ./www/pdfjs-viewer/cmaps/B5-H.bcmap
2026-04-03 19:07:54 +0000  copying file ./www/pdfjs-viewer/cmaps/UniCNS-UTF16-V.bcmap ... 
2026-04-03 19:07:54 +0000  156 bytes for ./www/pdfjs-viewer/cmaps/UniCNS-UTF16-V.bcmap
2026-04-03 19:07:54 +0000  copying file ./www/pdfjs-viewer/cmaps/UniGB-UTF16-H.bcmap ... 
2026-04-03 19:07:54 +0000  44086 bytes for ./www/pdfjs-viewer/cmaps/UniGB-UTF16-H.bcmap
2026-04-03 19:07:54 +0000  copying file ./www/pdfjs-viewer/cmaps/Hankaku.bcmap ... 
2026-04-03 19:07:54 +0000  132 bytes for ./www/pdfjs-viewer/cmaps/Hankaku.bcmap
2026-04-03 19:07:54 +0000  copying file ./www/pdfjs-viewer/cmaps/90ms-RKSJ-V.bcmap ... 
2026-04-03 19:07:54 +0000  290 bytes for ./www/pdfjs-viewer/cmaps/90ms-RKSJ-V.bcmap
2026-04-03 19:07:54 +0000  copying file ./www/pdfjs-viewer/cmaps/EUC-V.bcmap ... 
2026-04-03 19:07:54 +0000  170 bytes for ./www/pdfjs-viewer/cmaps/EUC-V.bcmap
2026-04-03 19:07:54 +0000  copying file ./www/pdfjs-viewer/cmaps/UniJIS2004-UTF16-H.bcmap ... 
2026-04-03 19:07:54 +0000  39534 bytes for ./www/pdfjs-viewer/cmaps/UniJIS2004-UTF16-H.bcmap
2026-04-03 19:07:54 +0000  copying file ./www/pdfjs-viewer/cmaps/UniJIS2004-UTF8-H.bcmap ... 
2026-04-03 19:07:54 +0000  41779 bytes for ./www/pdfjs-viewer/cmaps/UniJIS2004-UTF8-H.bcmap
2026-04-03 19:07:54 +0000  copying file ./www/pdfjs-viewer/cmaps/GBTpc-EUC-V.bcmap ... 
2026-04-03 19:07:54 +0000  182 bytes for ./www/pdfjs-viewer/cmaps/GBTpc-EUC-V.bcmap
2026-04-03 19:07:54 +0000  copying file ./www/pdfjs-viewer/cmaps/UniCNS-UTF32-H.bcmap ... 
2026-04-03 19:07:54 +0000  52679 bytes for ./www/pdfjs-viewer/cmaps/UniCNS-UTF32-H.bcmap
copying file ./www/pdfjs-viewer/cmaps/UniGB-UTF32-V.bcmap ... 
2026-04-03 19:07:54 +0000  182 bytes for ./www/pdfjs-viewer/cmaps/UniGB-UTF32-V.bcmap
2026-04-03 19:07:54 +0000  copying file ./www/pdfjs-viewer/cmaps/GBT-H.bcmap ... 
2026-04-03 19:07:54 +0000  7269 bytes for ./www/pdfjs-viewer/cmaps/GBT-H.bcmap
2026-04-03 19:07:54 +0000  copying file ./www/pdfjs-viewer/cmaps/78-RKSJ-H.bcmap ... 
2026-04-03 19:07:54 +0000  2398 bytes for ./www/pdfjs-viewer/cmaps/78-RKSJ-H.bcmap
2026-04-03 19:07:54 +0000  copying file ./www/pdfjs-viewer/cmaps/78ms-RKSJ-H.bcmap ... 
2026-04-03 19:07:54 +0000  2651 bytes for ./www/pdfjs-viewer/cmaps/78ms-RKSJ-H.bcmap
2026-04-03 19:07:54 +0000  copying file ./www/pdfjs-viewer/cmaps/HKdlb-B5-H.bcmap ... 
2026-04-03 19:07:54 +0000  2414 bytes for ./www/pdfjs-viewer/cmaps/HKdlb-B5-H.bcmap
2026-04-03 19:07:54 +0000  copying file ./www/pdfjs-viewer/cmaps/83pv-RKSJ-H.bcmap ... 
2026-04-03 19:07:54 +0000  905 bytes for ./www/pdfjs-viewer/cmaps/83pv-RKSJ-H.bcmap
2026-04-03 19:07:54 +0000  copying file ./www/pdfjs-viewer/cmaps/GBT-EUC-H.bcmap ... 
2026-04-03 19:07:54 +0000  7290 bytes for ./www/pdfjs-viewer/cmaps/GBT-EUC-H.bcmap
2026-04-03 19:07:54 +0000  copying file ./www/pdfjs-viewer/cmaps/UniJIS2004-UTF32-V.bcmap ... 
2026-04-03 19:07:54 +0000  681 bytes for ./www/pdfjs-viewer/cmaps/UniJIS2004-UTF32-V.bcmap
2026-04-03 19:07:54 +0000  copying file ./www/pdfjs-viewer/cmaps/GBpc-EUC-V.bcmap ... 
2026-04-03 19:07:54 +0000  181 bytes for ./www/pdfjs-viewer/cmaps/GBpc-EUC-V.bcmap
2026-04-03 19:07:54 +0000  copying file ./www/pdfjs-viewer/cmaps/Adobe-Korea1-1.bcmap ... 
2026-04-03 19:07:54 +0000  386 bytes for ./www/pdfjs-viewer/cmaps/Adobe-Korea1-1.bcmap
2026-04-03 19:07:54 +0000  copying file ./www/pdfjs-viewer/cmaps/ETen-B5-H.bcmap ... 
2026-04-03 19:07:54 +0000  1125 bytes for ./www/pdfjs-viewer/cmaps/ETen-B5-H.bcmap
2026-04-03 19:07:54 +0000  copying file ./www/pdfjs-viewer/cmaps/KSCms-UHC-HW-H.bcmap ... 
2026-04-03 19:07:54 +0000  2789 bytes for ./www/pdfjs-viewer/cmaps/KSCms-UHC-HW-H.bcmap
2026-04-03 19:07:54 +0000  copying file ./www/pdfjs-viewer/cmaps/CNS1-V.bcmap ... 
2026-04-03 19:07:54 +0000  143 bytes for ./www/pdfjs-viewer/cmaps/CNS1-V.bcmap
2026-04-03 19:07:54 +0000  copying file ./www/pdfjs-viewer/cmaps/GBK-EUC-H.bcmap ... 
2026-04-03 19:07:54 +0000  14692 bytes for ./www/pdfjs-viewer/cmaps/GBK-EUC-H.bcmap
2026-04-03 19:07:54 +0000  copying file ./www/pdfjs-viewer/cmaps/Ext-V.bcmap ... 
2026-04-03 19:07:54 +0000  215 bytes for ./www/pdfjs-viewer/cmaps/Ext-V.bcmap
2026-04-03 19:07:54 +0000  copying file ./www/pdfjs-viewer/cmaps/Adobe-GB1-3.bcmap ... 
2026-04-03 19:07:54 +0000  470 bytes for ./www/pdfjs-viewer/cmaps/Adobe-GB1-3.bcmap
2026-04-03 19:07:54 +0000  copying file ./www/pdfjs-viewer/cmaps/UniJIS-UCS2-H.bcmap ... 
2026-04-03 19:07:54 +0000  25439 bytes for ./www/pdfjs-viewer/cmaps/UniJIS-UCS2-H.bcmap
2026-04-03 19:07:54 +0000  copying file ./www/pdfjs-viewer/cmaps/CNS2-H.bcmap ... 
2026-04-03 19:07:54 +0000  504 bytes for ./www/pdfjs-viewer/cmaps/CNS2-H.bcmap
2026-04-03 19:07:54 +0000  copying file ./www/pdfjs-viewer/cmaps/UniKS-UTF16-V.bcmap ... 
2026-04-03 19:07:54 +0000  164 bytes for ./www/pdfjs-viewer/cmaps/UniKS-UTF16-V.bcmap
2026-04-03 19:07:54 +0000  copying file ./www/pdfjs-viewer/cmaps/NWP-V.bcmap ... 
2026-04-03 19:07:54 +0000  252 bytes for ./www/pdfjs-viewer/cmaps/NWP-V.bcmap
2026-04-03 19:07:54 +0000  copying file ./www/pdfjs-viewer/cmaps/KSCms-UHC-V.bcmap ... 
2026-04-03 19:07:54 +0000  166 bytes for ./www/pdfjs-viewer/cmaps/KSCms-UHC-V.bcmap
2026-04-03 19:07:54 +0000  copying file ./www/pdfjs-viewer/cmaps/GB-V.bcmap ... 
2026-04-03 19:07:54 +0000  175 bytes for ./www/pdfjs-viewer/cmaps/GB-V.bcmap
2026-04-03 19:07:54 +0000  copying file ./www/pdfjs-viewer/cmaps/UniJIS-UTF32-V.bcmap ... 
2026-04-03 19:07:54 +0000  677 bytes for ./www/pdfjs-viewer/cmaps/UniJIS-UTF32-V.bcmap
2026-04-03 19:07:54 +0000  copying file ./www/pdfjs-viewer/cmaps/UniJIS-UCS2-HW-H.bcmap ... 
2026-04-03 19:07:54 +0000  119 bytes for ./www/pdfjs-viewer/cmaps/UniJIS-UCS2-HW-H.bcmap
2026-04-03 19:07:54 +0000  copying file ./www/pdfjs-viewer/cmaps/UniCNS-UCS2-H.bcmap ... 
2026-04-03 19:07:54 +0000  48280 bytes for ./www/pdfjs-viewer/cmaps/UniCNS-UCS2-H.bcmap
2026-04-03 19:07:54 +0000  copying file ./www/pdfjs-viewer/cmaps/UniJISX02132004-UTF32-H.bcmap ... 
2026-04-03 19:07:54 +0000  40608 bytes for ./www/pdfjs-viewer/cmaps/UniJISX02132004-UTF32-H.bcmap
2026-04-03 19:07:54 +0000  copying file ./www/pdfjs-viewer/cmaps/UniGB-UTF8-H.bcmap ... 
2026-04-03 19:07:54 +0000  46837 bytes for ./www/pdfjs-viewer/cmaps/UniGB-UTF8-H.bcmap
2026-04-03 19:07:54 +0000  copying file ./www/pdfjs-viewer/cmaps/GB-EUC-V.bcmap ... 
2026-04-03 19:07:54 +0000  179 bytes for ./www/pdfjs-viewer/cmaps/GB-EUC-V.bcmap
2026-04-03 19:07:54 +0000  copying file ./www/pdfjs-viewer/cmaps/UniJIS-UTF16-H.bcmap ... 
2026-04-03 19:07:54 +0000  39443 bytes for ./www/pdfjs-viewer/cmaps/UniJIS-UTF16-H.bcmap
2026-04-03 19:07:54 +0000  copying file ./www/pdfjs-viewer/cmaps/Adobe-GB1-5.bcmap ... 
2026-04-03 19:07:54 +0000  625 bytes for ./www/pdfjs-viewer/cmaps/Adobe-GB1-5.bcmap
2026-04-03 19:07:54 +0000  copying file ./www/pdfjs-viewer/cmaps/UniKS-UTF8-H.bcmap ... 
2026-04-03 19:07:54 +0000  27790 bytes for ./www/pdfjs-viewer/cmaps/UniKS-UTF8-H.bcmap
2026-04-03 19:07:54 +0000  copying file ./www/pdfjs-viewer/cmaps/UniKS-UTF32-H.bcmap ... 
2026-04-03 19:07:54 +0000  26451 bytes for ./www/pdfjs-viewer/cmaps/UniKS-UTF32-H.bcmap
2026-04-03 19:07:54 +0000  copying file ./www/pdfjs-viewer/cmaps/90pv-RKSJ-H.bcmap ... 
2026-04-03 19:07:54 +0000  982 bytes for ./www/pdfjs-viewer/cmaps/90pv-RKSJ-H.bcmap
2026-04-03 19:07:54 +0000  copying file ./www/pdfjs-viewer/cmaps/GBK2K-V.bcmap ... 
2026-04-03 19:07:54 +0000  219 bytes for ./www/pdfjs-viewer/cmaps/GBK2K-V.bcmap
2026-04-03 19:07:54 +0000  copying file ./www/pdfjs-viewer/cmaps/Ext-RKSJ-V.bcmap ... 
2026-04-03 19:07:54 +0000  218 bytes for ./www/pdfjs-viewer/cmaps/Ext-RKSJ-V.bcmap
2026-04-03 19:07:54 +0000  copying file ./www/pdfjs-viewer/cmaps/UniCNS-UCS2-V.bcmap ... 
2026-04-03 19:07:54 +0000  156 bytes for ./www/pdfjs-viewer/cmaps/UniCNS-UCS2-V.bcmap
2026-04-03 19:07:54 +0000  copying file ./www/pdfjs-viewer/cmaps/UniJIS-UCS2-HW-V.bcmap ... 
2026-04-03 19:07:54 +0000  680 bytes for ./www/pdfjs-viewer/cmaps/UniJIS-UCS2-HW-V.bcmap
2026-04-03 19:07:54 +0000  copying file ./www/pdfjs-viewer/cmaps/UniJIS-UTF32-H.bcmap ... 
2026-04-03 19:07:54 +0000  40539 bytes for ./www/pdfjs-viewer/cmaps/UniJIS-UTF32-H.bcmap
copying file ./www/pdfjs-viewer/cmaps/GB-H.bcmap ... 
2026-04-03 19:07:54 +0000  528 bytes for ./www/pdfjs-viewer/cmaps/GB-H.bcmap
2026-04-03 19:07:54 +0000  copying file ./www/pdfjs-viewer/cmaps/KSCms-UHC-H.bcmap ... 
2026-04-03 19:07:54 +0000  2787 bytes for ./www/pdfjs-viewer/cmaps/KSCms-UHC-H.bcmap
2026-04-03 19:07:54 +0000  copying file ./www/pdfjs-viewer/cmaps/NWP-H.bcmap ... 
2026-04-03 19:07:54 +0000  2765 bytes for ./www/pdfjs-viewer/cmaps/NWP-H.bcmap
2026-04-03 19:07:54 +0000  copying file ./www/pdfjs-viewer/cmaps/UniKS-UTF16-H.bcmap ... 
2026-04-03 19:07:54 +0000  26327 bytes for ./www/pdfjs-viewer/cmaps/UniKS-UTF16-H.bcmap
2026-04-03 19:07:54 +0000  copying file ./www/pdfjs-viewer/cmaps/Adobe-GB1-2.bcmap ... 
2026-04-03 19:07:54 +0000  465 bytes for ./www/pdfjs-viewer/cmaps/Adobe-GB1-2.bcmap
2026-04-03 19:07:54 +0000  copying file ./www/pdfjs-viewer/cmaps/CNS2-V.bcmap ... 
2026-04-03 19:07:54 +0000  93 bytes for ./www/pdfjs-viewer/cmaps/CNS2-V.bcmap
2026-04-03 19:07:54 +0000  copying file ./www/pdfjs-viewer/cmaps/Hiragana.bcmap ... 
2026-04-03 19:07:54 +0000  124 bytes for ./www/pdfjs-viewer/cmaps/Hiragana.bcmap
2026-04-03 19:07:54 +0000  copying file ./www/pdfjs-viewer/cmaps/UniJIS-UCS2-V.bcmap ... 
2026-04-03 19:07:54 +0000  664 bytes for ./www/pdfjs-viewer/cmaps/UniJIS-UCS2-V.bcmap
2026-04-03 19:07:54 +0000  copying file ./www/pdfjs-viewer/cmaps/Adobe-Korea1-0.bcmap ... 
2026-04-03 19:07:54 +0000  241 bytes for ./www/pdfjs-viewer/cmaps/Adobe-Korea1-0.bcmap
2026-04-03 19:07:54 +0000  copying file ./www/pdfjs-viewer/cmaps/GBK2K-H.bcmap ... 
2026-04-03 19:07:54 +0000  19662 bytes for ./www/pdfjs-viewer/cmaps/GBK2K-H.bcmap
2026-04-03 19:07:54 +0000  copying file ./www/pdfjs-viewer/cmaps/90pv-RKSJ-V.bcmap ... 
2026-04-03 19:07:54 +0000  260 bytes for ./www/pdfjs-viewer/cmaps/90pv-RKSJ-V.bcmap
2026-04-03 19:07:54 +0000  copying file ./www/pdfjs-viewer/cmaps/Ext-RKSJ-H.bcmap ... 
2026-04-03 19:07:54 +0000  2542 bytes for ./www/pdfjs-viewer/cmaps/Ext-RKSJ-H.bcmap
2026-04-03 19:07:54 +0000  copying file ./www/pdfjs-viewer/cmaps/Adobe-Korea1-2.bcmap ... 
2026-04-03 19:07:54 +0000  391 bytes for ./www/pdfjs-viewer/cmaps/Adobe-Korea1-2.bcmap
2026-04-03 19:07:54 +0000  copying file ./www/pdfjs-viewer/cmaps/UniKS-UTF32-V.bcmap ... 
2026-04-03 19:07:54 +0000  168 bytes for ./www/pdfjs-viewer/cmaps/UniKS-UTF32-V.bcmap
2026-04-03 19:07:54 +0000  copying file ./www/pdfjs-viewer/cmaps/UniKS-UTF8-V.bcmap ... 
2026-04-03 19:07:54 +0000  169 bytes for ./www/pdfjs-viewer/cmaps/UniKS-UTF8-V.bcmap
copying file ./www/pdfjs-viewer/cmaps/Adobe-GB1-0.bcmap ... 
2026-04-03 19:07:54 +0000  217 bytes for ./www/pdfjs-viewer/cmaps/Adobe-GB1-0.bcmap
2026-04-03 19:07:54 +0000  copying file ./www/pdfjs-viewer/cmaps/UniJIS-UTF16-V.bcmap ... 
2026-04-03 19:07:54 +0000  643 bytes for ./www/pdfjs-viewer/cmaps/UniJIS-UTF16-V.bcmap
2026-04-03 19:07:54 +0000  copying file ./www/pdfjs-viewer/cmaps/UniJISPro-UCS2-V.bcmap ... 
2026-04-03 19:07:54 +0000  689 bytes for ./www/pdfjs-viewer/cmaps/UniJISPro-UCS2-V.bcmap
2026-04-03 19:07:54 +0000  copying file ./www/pdfjs-viewer/cmaps/GB-EUC-H.bcmap ... 
2026-04-03 19:07:54 +0000  549 bytes for ./www/pdfjs-viewer/cmaps/GB-EUC-H.bcmap
copying file ./www/pdfjs-viewer/cmaps/UniGB-UTF8-V.bcmap ... 
2026-04-03 19:07:54 +0000  181 bytes for ./www/pdfjs-viewer/cmaps/UniGB-UTF8-V.bcmap
2026-04-03 19:07:54 +0000  copying file ./www/pdfjs-viewer/cmaps/UniJISX02132004-UTF32-V.bcmap ... 
2026-04-03 19:07:54 +0000  688 bytes for ./www/pdfjs-viewer/cmaps/UniJISX02132004-UTF32-V.bcmap
2026-04-03 19:07:54 +0000  copying file ./www/pdfjs-viewer/cmaps/GBTpc-EUC-H.bcmap ... 
2026-04-03 19:07:54 +0000  7298 bytes for ./www/pdfjs-viewer/cmaps/GBTpc-EUC-H.bcmap
2026-04-03 19:07:54 +0000  copying file ./www/pdfjs-viewer/cmaps/Adobe-GB1-UCS2.bcmap ... 
2026-04-03 19:07:54 +0000  33974 bytes for ./www/pdfjs-viewer/cmaps/Adobe-GB1-UCS2.bcmap
2026-04-03 19:07:54 +0000  copying file ./www/pdfjs-viewer/cmaps/UniJIS2004-UTF16-V.bcmap ... 
2026-04-03 19:07:54 +0000  647 bytes for ./www/pdfjs-viewer/cmaps/UniJIS2004-UTF16-V.bcmap
2026-04-03 19:07:54 +0000  copying file ./www/pdfjs-viewer/cmaps/UniJIS2004-UTF8-V.bcmap ... 
2026-04-03 19:07:54 +0000  682 bytes for ./www/pdfjs-viewer/cmaps/UniJIS2004-UTF8-V.bcmap
2026-04-03 19:07:54 +0000  copying file ./www/pdfjs-viewer/cmaps/90ms-RKSJ-H.bcmap ... 
2026-04-03 19:07:54 +0000  721 bytes for ./www/pdfjs-viewer/cmaps/90ms-RKSJ-H.bcmap
2026-04-03 19:07:54 +0000  copying file ./www/pdfjs-viewer/cmaps/EUC-H.bcmap ... 
2026-04-03 19:07:54 +0000  578 bytes for ./www/pdfjs-viewer/cmaps/EUC-H.bcmap
2026-04-03 19:07:54 +0000  copying file ./www/pdfjs-viewer/cmaps/UniGB-UTF16-V.bcmap ... 
2026-04-03 19:07:54 +0000  178 bytes for ./www/pdfjs-viewer/cmaps/UniGB-UTF16-V.bcmap
2026-04-03 19:07:54 +0000  copying file ./www/pdfjs-viewer/cmaps/UniCNS-UTF16-H.bcmap ... 
2026-04-03 19:07:54 +0000  50419 bytes for ./www/pdfjs-viewer/cmaps/UniCNS-UTF16-H.bcmap
2026-04-03 19:07:54 +0000  copying file ./www/pdfjs-viewer/cmaps/B5pc-H.bcmap ... 
2026-04-03 19:07:54 +0000  1099 bytes for ./www/pdfjs-viewer/cmaps/B5pc-H.bcmap
2026-04-03 19:07:54 +0000  copying file ./www/pdfjs-viewer/cmaps/90msp-RKSJ-H.bcmap ... 
2026-04-03 19:07:54 +0000  715 bytes for ./www/pdfjs-viewer/cmaps/90msp-RKSJ-H.bcmap
2026-04-03 19:07:54 +0000  copying file ./www/pdfjs-viewer/cmaps/B5-V.bcmap ... 
2026-04-03 19:07:54 +0000  142 bytes for ./www/pdfjs-viewer/cmaps/B5-V.bcmap
copying file ./www/pdfjs-viewer/cmaps/Adobe-GB1-4.bcmap ... 
2026-04-03 19:07:54 +0000  601 bytes for ./www/pdfjs-viewer/cmaps/Adobe-GB1-4.bcmap
2026-04-03 19:07:54 +0000  copying file ./www/pdfjs-viewer/cmaps/Ext-H.bcmap ... 
2026-04-03 19:07:54 +0000  2536 bytes for ./www/pdfjs-viewer/cmaps/Ext-H.bcmap
2026-04-03 19:07:54 +0000  copying file ./www/pdfjs-viewer/cmaps/GBK-EUC-V.bcmap ... 
2026-04-03 19:07:54 +0000  180 bytes for ./www/pdfjs-viewer/cmaps/GBK-EUC-V.bcmap
2026-04-03 19:07:54 +0000  copying file ./www/pdfjs-viewer/cmaps/CNS1-H.bcmap ... 
2026-04-03 19:07:54 +0000  706 bytes for ./www/pdfjs-viewer/cmaps/CNS1-H.bcmap
2026-04-03 19:07:54 +0000  copying file ./www/pdfjs-viewer/cmaps/ETen-B5-V.bcmap ... 
2026-04-03 19:07:54 +0000  158 bytes for ./www/pdfjs-viewer/cmaps/ETen-B5-V.bcmap
2026-04-03 19:07:54 +0000  copying file ./www/pdfjs-viewer/cmaps/KSCms-UHC-HW-V.bcmap ... 
2026-04-03 19:07:54 +0000  169 bytes for ./www/pdfjs-viewer/cmaps/KSCms-UHC-HW-V.bcmap
2026-04-03 19:07:54 +0000  copying file ./www/pdfjs-viewer/cmaps/UniJIS2004-UTF32-H.bcmap ... 
2026-04-03 19:07:54 +0000  40630 bytes for ./www/pdfjs-viewer/cmaps/UniJIS2004-UTF32-H.bcmap
2026-04-03 19:07:54 +0000  copying file ./www/pdfjs-viewer/cmaps/GBpc-EUC-H.bcmap ... 
2026-04-03 19:07:54 +0000  557 bytes for ./www/pdfjs-viewer/cmaps/GBpc-EUC-H.bcmap
2026-04-03 19:07:54 +0000  copying file ./www/pdfjs-viewer/cmaps/GBT-EUC-V.bcmap ... 
2026-04-03 19:07:54 +0000  180 bytes for ./www/pdfjs-viewer/cmaps/GBT-EUC-V.bcmap
2026-04-03 19:07:54 +0000  copying file ./www/pdfjs-viewer/cmaps/HKdlb-B5-V.bcmap ... 
2026-04-03 19:07:54 +0000  148 bytes for ./www/pdfjs-viewer/cmaps/HKdlb-B5-V.bcmap
2026-04-03 19:07:54 +0000  copying file ./www/pdfjs-viewer/cmaps/78ms-RKSJ-V.bcmap ... 
2026-04-03 19:07:54 +0000  290 bytes for ./www/pdfjs-viewer/cmaps/78ms-RKSJ-V.bcmap
2026-04-03 19:07:54 +0000  copying file ./www/pdfjs-viewer/cmaps/78-RKSJ-V.bcmap ... 
2026-04-03 19:07:54 +0000  173 bytes for ./www/pdfjs-viewer/cmaps/78-RKSJ-V.bcmap
2026-04-03 19:07:54 +0000  copying file ./www/pdfjs-viewer/cmaps/GBT-V.bcmap ... 
2026-04-03 19:07:54 +0000  176 bytes for ./www/pdfjs-viewer/cmaps/GBT-V.bcmap
2026-04-03 19:07:54 +0000  copying file ./www/pdfjs-viewer/cmaps/UniGB-UTF32-H.bcmap ... 
2026-04-03 19:07:54 +0000  45738 bytes for ./www/pdfjs-viewer/cmaps/UniGB-UTF32-H.bcmap
2026-04-03 19:07:54 +0000  copying file ./www/pdfjs-viewer/cmaps/UniCNS-UTF32-V.bcmap ... 
2026-04-03 19:07:54 +0000  160 bytes for ./www/pdfjs-viewer/cmaps/UniCNS-UTF32-V.bcmap
2026-04-03 19:07:54 +0000  copying file ./www/pdfjs-viewer/viewer.html ... 
2026-04-03 19:07:54 +0000  53189 bytes for ./www/pdfjs-viewer/viewer.html
2026-04-03 19:07:54 +0000  copying file ./www/pdfjs-viewer/viewer.mjs.map ... 
2026-04-03 19:07:54 +0000  1529865 bytes for ./www/pdfjs-viewer/viewer.mjs.map
2026-04-03 19:07:54 +0000  copying file ./www/pdfjs-viewer/viewer.css ... 
2026-04-03 19:07:54 +0000  256663 bytes for ./www/pdfjs-viewer/viewer.css
2026-04-03 19:07:54 +0000  copying file ./www/pdfjs-viewer/sign-viewer.html ... 
2026-04-03 19:07:54 +0000  10932 bytes for ./www/pdfjs-viewer/sign-viewer.html
2026-04-03 19:07:54 +0000  copying file ./www/pdfjs-viewer/form-viewer.html ... 
2026-04-03 19:07:54 +0000  9978 bytes for ./www/pdfjs-viewer/form-viewer.html
2026-04-03 19:07:54 +0000  copying file ./www/pdfjs-viewer/pdf.worker.mjs ... 
2026-04-03 19:07:54 +0000  1906302 bytes for ./www/pdfjs-viewer/pdf.worker.mjs
2026-04-03 19:07:54 +0000  copying file ./www/pdfjs-viewer/pdf.sandbox.mjs ... 
2026-04-03 19:07:54 +0000  728534 bytes for ./www/pdfjs-viewer/pdf.sandbox.mjs
2026-04-03 19:07:54 +0000  copying file ./www/pdfjs-viewer/pdf_viewer.mjs.map ... 
2026-04-03 19:07:54 +0000  800150 bytes for ./www/pdfjs-viewer/pdf_viewer.mjs.map
2026-04-03 19:07:54 +0000  copying file ./www/coherentpdf.browser.min.js ... 
2026-04-03 19:07:54 +0000  1325062 bytes for ./www/coherentpdf.browser.min.js
2026-04-03 19:07:54 +0000  copying file ./www/qpdf.wasm ... 
2026-04-03 19:07:54 +0000  1334286 bytes for ./www/qpdf.wasm
2026-04-03 19:07:54 +0000  copying file ./www/pdfjs-annotation-viewer/LICENSE ... 
2026-04-03 19:07:54 +0000  10174 bytes for ./www/pdfjs-annotation-viewer/LICENSE
2026-04-03 19:07:54 +0000  copying file ./www/pdfjs-annotation-viewer/web/locale/sl/viewer.ftl ... 
2026-04-03 19:07:54 +0000  15532 bytes for ./www/pdfjs-annotation-viewer/web/locale/sl/viewer.ftl
2026-04-03 19:07:54 +0000  copying file ./www/pdfjs-annotation-viewer/web/locale/szl/viewer.ftl ... 
2026-04-03 19:07:55 +0000  9898 bytes for ./www/pdfjs-annotation-viewer/web/locale/szl/viewer.ftl
2026-04-03 19:07:55 +0000  copying file ./www/pdfjs-annotation-viewer/web/locale/sk/viewer.ftl ... 
2026-04-03 19:07:55 +0000  16522 bytes for ./www/pdfjs-annotation-viewer/web/locale/sk/viewer.ftl
2026-04-03 19:07:55 +0000  copying file ./www/pdfjs-annotation-viewer/web/locale/ur/viewer.ftl ... 
2026-04-03 19:07:55 +0000  10357 bytes for ./www/pdfjs-annotation-viewer/web/locale/ur/viewer.ftl
2026-04-03 19:07:55 +0000  copying file ./www/pdfjs-annotation-viewer/web/locale/fy-NL/viewer.ftl ... 
2026-04-03 19:07:55 +0000  15786 bytes for ./www/pdfjs-annotation-viewer/web/locale/fy-NL/viewer.ftl
2026-04-03 19:07:55 +0000  copying file ./www/pdfjs-annotation-viewer/web/locale/kab/viewer.ftl ... 
2026-04-03 19:07:55 +0000  13066 bytes for ./www/pdfjs-annotation-viewer/web/locale/kab/viewer.ftl
2026-04-03 19:07:55 +0000  copying file ./www/pdfjs-annotation-viewer/web/locale/uz/viewer.ftl ... 
2026-04-03 19:07:55 +0000  6557 bytes for ./www/pdfjs-annotation-viewer/web/locale/uz/viewer.ftl
2026-04-03 19:07:55 +0000  copying file ./www/pdfjs-annotation-viewer/web/locale/sc/viewer.ftl ... 
2026-04-03 19:07:55 +0000  11569 bytes for ./www/pdfjs-annotation-viewer/web/locale/sc/viewer.ftl
2026-04-03 19:07:55 +0000  copying file ./www/pdfjs-annotation-viewer/web/locale/pl/viewer.ftl ... 
2026-04-03 19:07:55 +0000  16341 bytes for ./www/pdfjs-annotation-viewer/web/locale/pl/viewer.ftl
2026-04-03 19:07:55 +0000  copying file ./www/pdfjs-annotation-viewer/web/locale/vi/viewer.ftl ... 
2026-04-03 19:07:55 +0000  16690 bytes for ./www/pdfjs-annotation-viewer/web/locale/vi/viewer.ftl
2026-04-03 19:07:55 +0000  copying file ./www/pdfjs-annotation-viewer/web/locale/sq/viewer.ftl ... 
2026-04-03 19:07:55 +0000  15550 bytes for ./www/pdfjs-annotation-viewer/web/locale/sq/viewer.ftl
2026-04-03 19:07:55 +0000  copying file ./www/pdfjs-annotation-viewer/web/locale/he/viewer.ftl ... 
2026-04-03 19:07:55 +0000  17270 bytes for ./www/pdfjs-annotation-viewer/web/locale/he/viewer.ftl
2026-04-03 19:07:55 +0000  copying file ./www/pdfjs-annotation-viewer/web/locale/ms/viewer.ftl ... 
2026-04-03 19:07:55 +0000  9194 bytes for ./www/pdfjs-annotation-viewer/web/locale/ms/viewer.ftl
2026-04-03 19:07:55 +0000  copying file ./www/pdfjs-annotation-viewer/web/locale/km/viewer.ftl ... 
2026-04-03 19:07:55 +0000  11385 bytes for ./www/pdfjs-annotation-viewer/web/locale/km/viewer.ftl
2026-04-03 19:07:55 +0000  copying file ./www/pdfjs-annotation-viewer/web/locale/nn-NO/viewer.ftl ... 
2026-04-03 19:07:55 +0000  13671 bytes for ./www/pdfjs-annotation-viewer/web/locale/nn-NO/viewer.ftl
2026-04-03 19:07:55 +0000  copying file ./www/pdfjs-annotation-viewer/web/locale/be/viewer.ftl ... 
2026-04-03 19:07:55 +0000  19586 bytes for ./www/pdfjs-annotation-viewer/web/locale/be/viewer.ftl
2026-04-03 19:07:55 +0000  copying file ./www/pdfjs-annotation-viewer/web/locale/es-ES/viewer.ftl ... 
2026-04-03 19:07:55 +0000  16262 bytes for ./www/pdfjs-annotation-viewer/web/locale/es-ES/viewer.ftl
2026-04-03 19:07:55 +0000  copying file ./www/pdfjs-annotation-viewer/web/locale/da/viewer.ftl ... 
2026-04-03 19:07:55 +0000  15685 bytes for ./www/pdfjs-annotation-viewer/web/locale/da/viewer.ftl
2026-04-03 19:07:55 +0000  copying file ./www/pdfjs-annotation-viewer/web/locale/gn/viewer.ftl ... 
2026-04-03 19:07:55 +0000  16393 bytes for ./www/pdfjs-annotation-viewer/web/locale/gn/viewer.ftl
2026-04-03 19:07:55 +0000  copying file ./www/pdfjs-annotation-viewer/web/locale/mr/viewer.ftl ... 
2026-04-03 19:07:55 +0000  11774 bytes for ./www/pdfjs-annotation-viewer/web/locale/mr/viewer.ftl
2026-04-03 19:07:55 +0000  copying file ./www/pdfjs-annotation-viewer/web/locale/kk/viewer.ftl ... 
2026-04-03 19:07:55 +0000  19315 bytes for ./www/pdfjs-annotation-viewer/web/locale/kk/viewer.ftl
2026-04-03 19:07:55 +0000  copying file ./www/pdfjs-annotation-viewer/web/locale/trs/viewer.ftl ... 
2026-04-03 19:07:55 +0000  7141 bytes for ./www/pdfjs-annotation-viewer/web/locale/trs/viewer.ftl
2026-04-03 19:07:55 +0000  copying file ./www/pdfjs-annotation-viewer/web/locale/es-CL/viewer.ftl ... 
2026-04-03 19:07:55 +0000  16276 bytes for ./www/pdfjs-annotation-viewer/web/locale/es-CL/viewer.ftl
2026-04-03 19:07:55 +0000  copying file ./www/pdfjs-annotation-viewer/web/locale/ja/viewer.ftl ... 
2026-04-03 19:07:55 +0000  16962 bytes for ./www/pdfjs-annotation-viewer/web/locale/ja/viewer.ftl
2026-04-03 19:07:55 +0000  copying file ./www/pdfjs-annotation-viewer/web/locale/el/viewer.ftl ... 
2026-04-03 19:07:55 +0000  20103 bytes for ./www/pdfjs-annotation-viewer/web/locale/el/viewer.ftl
2026-04-03 19:07:55 +0000  copying file ./www/pdfjs-annotation-viewer/web/locale/sco/viewer.ftl ... 
2026-04-03 19:07:55 +0000  9776 bytes for ./www/pdfjs-annotation-viewer/web/locale/sco/viewer.ftl
2026-04-03 19:07:55 +0000  copying file ./www/pdfjs-annotation-viewer/web/locale/lv/viewer.ftl ... 
2026-04-03 19:07:55 +0000  9383 bytes for ./www/pdfjs-annotation-viewer/web/locale/lv/viewer.ftl
2026-04-03 19:07:55 +0000  copying file ./www/pdfjs-annotation-viewer/web/locale/es-AR/viewer.ftl ... 
2026-04-03 19:07:55 +0000  16102 bytes for ./www/pdfjs-annotation-viewer/web/locale/es-AR/viewer.ftl
2026-04-03 19:07:55 +0000  copying file ./www/pdfjs-annotation-viewer/web/locale/oc/viewer.ftl ... 
2026-04-03 19:07:55 +0000  13879 bytes for ./www/pdfjs-annotation-viewer/web/locale/oc/viewer.ftl
2026-04-03 19:07:55 +0000  copying file ./www/pdfjs-annotation-viewer/web/locale/it/viewer.ftl ... 
2026-04-03 19:07:55 +0000  16050 bytes for ./www/pdfjs-annotation-viewer/web/locale/it/viewer.ftl
2026-04-03 19:07:55 +0000  copying file ./www/pdfjs-annotation-viewer/web/locale/ca/viewer.ftl ... 
2026-04-03 19:07:55 +0000  11724 bytes for ./www/pdfjs-annotation-viewer/web/locale/ca/viewer.ftl
2026-04-03 19:07:55 +0000  copying file ./www/pdfjs-annotation-viewer/web/locale/is/viewer.ftl ... 
2026-04-03 19:07:55 +0000  15797 bytes for ./www/pdfjs-annotation-viewer/web/locale/is/viewer.ftl
2026-04-03 19:07:55 +0000  copying file ./www/pdfjs-annotation-viewer/web/locale/cs/viewer.ftl ... 
2026-04-03 19:07:55 +0000  16308 bytes for ./www/pdfjs-annotation-viewer/web/locale/cs/viewer.ftl
2026-04-03 19:07:55 +0000  copying file ./www/pdfjs-annotation-viewer/web/locale/es-MX/viewer.ftl ... 
2026-04-03 19:07:55 +0000  11638 bytes for ./www/pdfjs-annotation-viewer/web/locale/es-MX/viewer.ftl
2026-04-03 19:07:55 +0000  copying file ./www/pdfjs-annotation-viewer/web/locale/scn/viewer.ftl ... 
2026-04-03 19:07:55 +0000  1593 bytes for ./www/pdfjs-annotation-viewer/web/locale/scn/viewer.ftl
2026-04-03 19:07:55 +0000  copying file ./www/pdfjs-annotation-viewer/web/locale/ia/viewer.ftl ... 
2026-04-03 19:07:55 +0000  15812 bytes for ./www/pdfjs-annotation-viewer/web/locale/ia/viewer.ftl
2026-04-03 19:07:55 +0000  copying file ./www/pdfjs-annotation-viewer/web/locale/te/viewer.ftl ... 
2026-04-03 19:07:55 +0000  11843 bytes for ./www/pdfjs-annotation-viewer/web/locale/te/viewer.ftl
2026-04-03 19:07:55 +0000  copying file ./www/pdfjs-annotation-viewer/web/locale/fur/viewer.ftl ... 
2026-04-03 19:07:55 +0000  16217 bytes for ./www/pdfjs-annotation-viewer/web/locale/fur/viewer.ftl
2026-04-03 19:07:55 +0000  copying file ./www/pdfjs-annotation-viewer/web/locale/ga-IE/viewer.ftl ... 
2026-04-03 19:07:55 +0000  7833 bytes for ./www/pdfjs-annotation-viewer/web/locale/ga-IE/viewer.ftl
2026-04-03 19:07:55 +0000  copying file ./www/pdfjs-annotation-viewer/web/locale/ach/viewer.ftl ... 
2026-04-03 19:07:55 +0000  7983 bytes for ./www/pdfjs-annotation-viewer/web/locale/ach/viewer.ftl
2026-04-03 19:07:55 +0000  copying file ./www/pdfjs-annotation-viewer/web/locale/ru/viewer.ftl ... 
2026-04-03 19:07:55 +0000  19808 bytes for ./www/pdfjs-annotation-viewer/web/locale/ru/viewer.ftl
2026-04-03 19:07:55 +0000  copying file ./www/pdfjs-annotation-viewer/web/locale/tl/viewer.ftl ... 
2026-04-03 19:07:55 +0000  10011 bytes for ./www/pdfjs-annotation-viewer/web/locale/tl/viewer.ftl
2026-04-03 19:07:55 +0000  copying file ./www/pdfjs-annotation-viewer/web/locale/en-GB/viewer.ftl ... 
2026-04-03 19:07:55 +0000  15236 bytes for ./www/pdfjs-annotation-viewer/web/locale/en-GB/viewer.ftl
2026-04-03 19:07:55 +0000  copying file ./www/pdfjs-annotation-viewer/web/locale/meh/viewer.ftl ... 
2026-04-03 19:07:55 +0000  2260 bytes for ./www/pdfjs-annotation-viewer/web/locale/meh/viewer.ftl
2026-04-03 19:07:55 +0000  copying file ./www/pdfjs-annotation-viewer/web/locale/locale.json ... 
2026-04-03 19:07:55 +0000  2498 bytes for ./www/pdfjs-annotation-viewer/web/locale/locale.json
2026-04-03 19:07:55 +0000  copying file ./www/pdfjs-annotation-viewer/web/locale/hye/viewer.ftl ... 
2026-04-03 19:07:55 +0000  12628 bytes for ./www/pdfjs-annotation-viewer/web/locale/hye/viewer.ftl
2026-04-03 19:07:55 +0000  copying file ./www/pdfjs-annotation-viewer/web/locale/hy-AM/viewer.ftl ... 
2026-04-03 19:07:55 +0000  12053 bytes for ./www/pdfjs-annotation-viewer/web/locale/hy-AM/viewer.ftl
2026-04-03 19:07:55 +0000  copying file ./www/pdfjs-annotation-viewer/web/locale/gu-IN/viewer.ftl ... 
2026-04-03 19:07:55 +0000  12479 bytes for ./www/pdfjs-annotation-viewer/web/locale/gu-IN/viewer.ftl
2026-04-03 19:07:55 +0000  copying file ./www/pdfjs-annotation-viewer/web/locale/xh/viewer.ftl ... 
2026-04-03 19:07:55 +0000  7776 bytes for ./www/pdfjs-annotation-viewer/web/locale/xh/viewer.ftl
2026-04-03 19:07:55 +0000  copying file ./www/pdfjs-annotation-viewer/web/locale/ro/viewer.ftl ... 
2026-04-03 19:07:55 +0000  9862 bytes for ./www/pdfjs-annotation-viewer/web/locale/ro/viewer.ftl
2026-04-03 19:07:55 +0000  copying file ./www/pdfjs-annotation-viewer/web/locale/hsb/viewer.ftl ... 
2026-04-03 19:07:55 +0000  16491 bytes for ./www/pdfjs-annotation-viewer/web/locale/hsb/viewer.ftl
2026-04-03 19:07:55 +0000  copying file ./www/pdfjs-annotation-viewer/web/locale/cak/viewer.ftl ... 
2026-04-03 19:07:55 +0000  11480 bytes for ./www/pdfjs-annotation-viewer/web/locale/cak/viewer.ftl
2026-04-03 19:07:55 +0000  copying file ./www/pdfjs-annotation-viewer/web/locale/zh-CN/viewer.ftl ... 
2026-04-03 19:07:55 +0000  14669 bytes for ./www/pdfjs-annotation-viewer/web/locale/zh-CN/viewer.ftl
2026-04-03 19:07:55 +0000  copying file ./www/pdfjs-annotation-viewer/web/locale/hi-IN/viewer.ftl ... 
2026-04-03 19:07:55 +0000  12614 bytes for ./www/pdfjs-annotation-viewer/web/locale/hi-IN/viewer.ftl
2026-04-03 19:07:55 +0000  copying file ./www/pdfjs-annotation-viewer/web/locale/ckb/viewer.ftl ... 
2026-04-03 19:07:55 +0000  10564 bytes for ./www/pdfjs-annotation-viewer/web/locale/ckb/viewer.ftl
2026-04-03 19:07:55 +0000  copying file ./www/pdfjs-annotation-viewer/web/locale/uk/viewer.ftl ... 
2026-04-03 19:07:55 +0000  19271 bytes for ./www/pdfjs-annotation-viewer/web/locale/uk/viewer.ftl
2026-04-03 19:07:55 +0000  copying file ./www/pdfjs-annotation-viewer/web/locale/sr/viewer.ftl ... 
2026-04-03 19:07:55 +0000  13848 bytes for ./www/pdfjs-annotation-viewer/web/locale/sr/viewer.ftl
2026-04-03 19:07:55 +0000  copying file ./www/pdfjs-annotation-viewer/web/locale/brx/viewer.ftl ... 
2026-04-03 19:07:55 +0000  10555 bytes for ./www/pdfjs-annotation-viewer/web/locale/brx/viewer.ftl
2026-04-03 19:07:55 +0000  copying file ./www/pdfjs-annotation-viewer/web/locale/en-CA/viewer.ftl ... 
2026-04-03 19:07:55 +0000  15240 bytes for ./www/pdfjs-annotation-viewer/web/locale/en-CA/viewer.ftl
2026-04-03 19:07:55 +0000  copying file ./www/pdfjs-annotation-viewer/web/locale/ltg/viewer.ftl ... 
2026-04-03 19:07:55 +0000  9311 bytes for ./www/pdfjs-annotation-viewer/web/locale/ltg/viewer.ftl
2026-04-03 19:07:55 +0000  copying file ./www/pdfjs-annotation-viewer/web/locale/pt-PT/viewer.ftl ... 
2026-04-03 19:07:55 +0000  16189 bytes for ./www/pdfjs-annotation-viewer/web/locale/pt-PT/viewer.ftl
2026-04-03 19:07:55 +0000  copying file ./www/pdfjs-annotation-viewer/web/locale/si/viewer.ftl ... 
2026-04-03 19:07:55 +0000  12008 bytes for ./www/pdfjs-annotation-viewer/web/locale/si/viewer.ftl
2026-04-03 19:07:55 +0000  copying file ./www/pdfjs-annotation-viewer/web/locale/bo/viewer.ftl ... 
2026-04-03 19:07:55 +0000  9120 bytes for ./www/pdfjs-annotation-viewer/web/locale/bo/viewer.ftl
2026-04-03 19:07:55 +0000  copying file ./www/pdfjs-annotation-viewer/web/locale/mk/viewer.ftl ... 
2026-04-03 19:07:55 +0000  9659 bytes for ./www/pdfjs-annotation-viewer/web/locale/mk/viewer.ftl
2026-04-03 19:07:55 +0000  copying file ./www/pdfjs-annotation-viewer/web/locale/sat/viewer.ftl ... 
2026-04-03 19:07:55 +0000  16483 bytes for ./www/pdfjs-annotation-viewer/web/locale/sat/viewer.ftl
2026-04-03 19:07:55 +0000  copying file ./www/pdfjs-annotation-viewer/web/locale/an/viewer.ftl ... 
2026-04-03 19:07:55 +0000  10101 bytes for ./www/pdfjs-annotation-viewer/web/locale/an/viewer.ftl
2026-04-03 19:07:55 +0000  copying file ./www/pdfjs-annotation-viewer/web/locale/lij/viewer.ftl ... 
2026-04-03 19:07:55 +0000  9467 bytes for ./www/pdfjs-annotation-viewer/web/locale/lij/viewer.ftl
2026-04-03 19:07:55 +0000  copying file ./www/pdfjs-annotation-viewer/web/locale/kn/viewer.ftl ... 
2026-04-03 19:07:55 +0000  10661 bytes for ./www/pdfjs-annotation-viewer/web/locale/kn/viewer.ftl
2026-04-03 19:07:55 +0000  copying file ./www/pdfjs-annotation-viewer/web/locale/bs/viewer.ftl ... 
2026-04-03 19:07:55 +0000  8299 bytes for ./www/pdfjs-annotation-viewer/web/locale/bs/viewer.ftl
2026-04-03 19:07:55 +0000  copying file ./www/pdfjs-annotation-viewer/web/locale/zh-TW/viewer.ftl ... 
2026-04-03 19:07:55 +0000  15113 bytes for ./www/pdfjs-annotation-viewer/web/locale/zh-TW/viewer.ftl
2026-04-03 19:07:55 +0000  copying file ./www/pdfjs-annotation-viewer/web/locale/my/viewer.ftl ... 
2026-04-03 19:07:55 +0000  10184 bytes for ./www/pdfjs-annotation-viewer/web/locale/my/viewer.ftl
2026-04-03 19:07:55 +0000  copying file ./www/pdfjs-annotation-viewer/web/locale/ar/viewer.ftl ... 
2026-04-03 19:07:55 +0000  17907 bytes for ./www/pdfjs-annotation-viewer/web/locale/ar/viewer.ftl
2026-04-03 19:07:55 +0000  copying file ./www/pdfjs-annotation-viewer/web/locale/nb-NO/viewer.ftl ... 
2026-04-03 19:07:55 +0000  15318 bytes for ./www/pdfjs-annotation-viewer/web/locale/nb-NO/viewer.ftl
2026-04-03 19:07:55 +0000  copying file ./www/pdfjs-annotation-viewer/web/locale/gl/viewer.ftl ... 
2026-04-03 19:07:55 +0000  14760 bytes for ./www/pdfjs-annotation-viewer/web/locale/gl/viewer.ftl
2026-04-03 19:07:55 +0000  copying file ./www/pdfjs-annotation-viewer/web/locale/hr/viewer.ftl ... 
2026-04-03 19:07:55 +0000  10824 bytes for ./www/pdfjs-annotation-viewer/web/locale/hr/viewer.ftl
2026-04-03 19:07:55 +0000  copying file ./www/pdfjs-annotation-viewer/web/locale/pt-BR/viewer.ftl ... 
2026-04-03 19:07:55 +0000  15777 bytes for ./www/pdfjs-annotation-viewer/web/locale/pt-BR/viewer.ftl
2026-04-03 19:07:55 +0000  copying file ./www/pdfjs-annotation-viewer/web/locale/hu/viewer.ftl ... 
2026-04-03 19:07:55 +0000  16193 bytes for ./www/pdfjs-annotation-viewer/web/locale/hu/viewer.ftl
2026-04-03 19:07:55 +0000  copying file ./www/pdfjs-annotation-viewer/web/locale/nl/viewer.ftl ... 
2026-04-03 19:07:55 +0000  16046 bytes for ./www/pdfjs-annotation-viewer/web/locale/nl/viewer.ftl
2026-04-03 19:07:55 +0000  copying file ./www/pdfjs-annotation-viewer/web/locale/bg/viewer.ftl ... 
2026-04-03 19:07:55 +0000  19196 bytes for ./www/pdfjs-annotation-viewer/web/locale/bg/viewer.ftl
2026-04-03 19:07:55 +0000  copying file ./www/pdfjs-annotation-viewer/web/locale/bn/viewer.ftl ... 
2026-04-03 19:07:55 +0000  12486 bytes for ./www/pdfjs-annotation-viewer/web/locale/bn/viewer.ftl
2026-04-03 19:07:55 +0000  copying file ./www/pdfjs-annotation-viewer/web/locale/ast/viewer.ftl ... 
2026-04-03 19:07:55 +0000  7246 bytes for ./www/pdfjs-annotation-viewer/web/locale/ast/viewer.ftl
2026-04-03 19:07:55 +0000  copying file ./www/pdfjs-annotation-viewer/web/locale/af/viewer.ftl ... 
2026-04-03 19:07:55 +0000  7365 bytes for ./www/pdfjs-annotation-viewer/web/locale/af/viewer.ftl
2026-04-03 19:07:55 +0000  copying file ./www/pdfjs-annotation-viewer/web/locale/ka/viewer.ftl ... 
2026-04-03 19:07:55 +0000  21596 bytes for ./www/pdfjs-annotation-viewer/web/locale/ka/viewer.ftl
2026-04-03 19:07:55 +0000  copying file ./www/pdfjs-annotation-viewer/web/locale/de/viewer.ftl ... 
2026-04-03 19:07:55 +0000  16228 bytes for ./www/pdfjs-annotation-viewer/web/locale/de/viewer.ftl
2026-04-03 19:07:55 +0000  copying file ./www/pdfjs-annotation-viewer/web/locale/az/viewer.ftl ... 
2026-04-03 19:07:55 +0000  10136 bytes for ./www/pdfjs-annotation-viewer/web/locale/az/viewer.ftl
2026-04-03 19:07:55 +0000  copying file ./www/pdfjs-annotation-viewer/web/locale/gd/viewer.ftl ... 
2026-04-03 19:07:55 +0000  12039 bytes for ./www/pdfjs-annotation-viewer/web/locale/gd/viewer.ftl
2026-04-03 19:07:55 +0000  copying file ./www/pdfjs-annotation-viewer/web/locale/br/viewer.ftl ... 
2026-04-03 19:07:55 +0000  12137 bytes for ./www/pdfjs-annotation-viewer/web/locale/br/viewer.ftl
2026-04-03 19:07:55 +0000  copying file ./www/pdfjs-annotation-viewer/web/locale/skr/viewer.ftl ... 
2026-04-03 19:07:55 +0000  17922 bytes for ./www/pdfjs-annotation-viewer/web/locale/skr/viewer.ftl
2026-04-03 19:07:55 +0000  copying file ./www/pdfjs-annotation-viewer/web/locale/ko/viewer.ftl ... 
2026-04-03 19:07:55 +0000  16084 bytes for ./www/pdfjs-annotation-viewer/web/locale/ko/viewer.ftl
2026-04-03 19:07:55 +0000  copying file ./www/pdfjs-annotation-viewer/web/locale/fi/viewer.ftl ... 
2026-04-03 19:07:55 +0000  15838 bytes for ./www/pdfjs-annotation-viewer/web/locale/fi/viewer.ftl
2026-04-03 19:07:55 +0000  copying file ./www/pdfjs-annotation-viewer/web/locale/son/viewer.ftl ... 
2026-04-03 19:07:55 +0000  7026 bytes for ./www/pdfjs-annotation-viewer/web/locale/son/viewer.ftl
2026-04-03 19:07:55 +0000  copying file ./www/pdfjs-annotation-viewer/web/locale/eo/viewer.ftl ... 
2026-04-03 19:07:55 +0000  15584 bytes for ./www/pdfjs-annotation-viewer/web/locale/eo/viewer.ftl
2026-04-03 19:07:55 +0000  copying file ./www/pdfjs-annotation-viewer/web/locale/id/viewer.ftl ... 
2026-04-03 19:07:55 +0000  11055 bytes for ./www/pdfjs-annotation-viewer/web/locale/id/viewer.ftl
2026-04-03 19:07:55 +0000  copying file ./www/pdfjs-annotation-viewer/web/locale/fr/viewer.ftl ... 
2026-04-03 19:07:55 +0000  16493 bytes for ./www/pdfjs-annotation-viewer/web/locale/fr/viewer.ftl
2026-04-03 19:07:55 +0000  copying file ./www/pdfjs-annotation-viewer/web/locale/sv-SE/viewer.ftl ... 
2026-04-03 19:07:55 +0000  15598 bytes for ./www/pdfjs-annotation-viewer/web/locale/sv-SE/viewer.ftl
2026-04-03 19:07:55 +0000  copying file ./www/pdfjs-annotation-viewer/web/locale/et/viewer.ftl ... 
2026-04-03 19:07:55 +0000  10270 bytes for ./www/pdfjs-annotation-viewer/web/locale/et/viewer.ftl
2026-04-03 19:07:55 +0000  copying file ./www/pdfjs-annotation-viewer/web/locale/fa/viewer.ftl ... 
2026-04-03 19:07:55 +0000  10211 bytes for ./www/pdfjs-annotation-viewer/web/locale/fa/viewer.ftl
2026-04-03 19:07:55 +0000  copying file ./www/pdfjs-annotation-viewer/web/locale/lt/viewer.ftl ... 
2026-04-03 19:07:55 +0000  10633 bytes for ./www/pdfjs-annotation-viewer/web/locale/lt/viewer.ftl
2026-04-03 19:07:55 +0000  copying file ./www/pdfjs-annotation-viewer/web/locale/ff/viewer.ftl ... 
2026-04-03 19:07:55 +0000  9192 bytes for ./www/pdfjs-annotation-viewer/web/locale/ff/viewer.ftl
2026-04-03 19:07:55 +0000  copying file ./www/pdfjs-annotation-viewer/web/locale/cy/viewer.ftl ... 
2026-04-03 19:07:55 +0000  16060 bytes for ./www/pdfjs-annotation-viewer/web/locale/cy/viewer.ftl
2026-04-03 19:07:55 +0000  copying file ./www/pdfjs-annotation-viewer/web/locale/en-US/viewer.ftl ... 
2026-04-03 19:07:55 +0000  14945 bytes for ./www/pdfjs-annotation-viewer/web/locale/en-US/viewer.ftl
2026-04-03 19:07:55 +0000  copying file ./www/pdfjs-annotation-viewer/web/locale/eu/viewer.ftl ... 
2026-04-03 19:07:55 +0000  16029 bytes for ./www/pdfjs-annotation-viewer/web/locale/eu/viewer.ftl
2026-04-03 19:07:55 +0000  copying file ./www/pdfjs-annotation-viewer/web/locale/lo/viewer.ftl ... 
2026-04-03 19:07:55 +0000  15113 bytes for ./www/pdfjs-annotation-viewer/web/locale/lo/viewer.ftl
2026-04-03 19:07:55 +0000  copying file ./www/pdfjs-annotation-viewer/web/locale/ne-NP/viewer.ftl ... 
2026-04-03 19:07:55 +0000  12084 bytes for ./www/pdfjs-annotation-viewer/web/locale/ne-NP/viewer.ftl
2026-04-03 19:07:55 +0000  copying file ./www/pdfjs-annotation-viewer/web/locale/rm/viewer.ftl ... 
2026-04-03 19:07:55 +0000  16127 bytes for ./www/pdfjs-annotation-viewer/web/locale/rm/viewer.ftl
2026-04-03 19:07:55 +0000  copying file ./www/pdfjs-annotation-viewer/web/locale/dsb/viewer.ftl ... 
2026-04-03 19:07:55 +0000  16483 bytes for ./www/pdfjs-annotation-viewer/web/locale/dsb/viewer.ftl
2026-04-03 19:07:55 +0000  copying file ./www/pdfjs-annotation-viewer/web/locale/ta/viewer.ftl ... 
2026-04-03 19:07:55 +0000  11748 bytes for ./www/pdfjs-annotation-viewer/web/locale/ta/viewer.ftl
2026-04-03 19:07:55 +0000  copying file ./www/pdfjs-annotation-viewer/web/locale/th/viewer.ftl ... 
2026-04-03 19:07:55 +0000  20722 bytes for ./www/pdfjs-annotation-viewer/web/locale/th/viewer.ftl
2026-04-03 19:07:55 +0000  copying file ./www/pdfjs-annotation-viewer/web/locale/tr/viewer.ftl ... 
2026-04-03 19:07:55 +0000  15675 bytes for ./www/pdfjs-annotation-viewer/web/locale/tr/viewer.ftl
2026-04-03 19:07:55 +0000  copying file ./www/pdfjs-annotation-viewer/web/locale/wo/viewer.ftl ... 
2026-04-03 19:07:55 +0000  3505 bytes for ./www/pdfjs-annotation-viewer/web/locale/wo/viewer.ftl
2026-04-03 19:07:55 +0000  copying file ./www/pdfjs-annotation-viewer/web/locale/pa-IN/viewer.ftl ... 
2026-04-03 19:07:55 +0000  19953 bytes for ./www/pdfjs-annotation-viewer/web/locale/pa-IN/viewer.ftl
2026-04-03 19:07:55 +0000  copying file ./www/pdfjs-annotation-viewer/web/locale/tg/viewer.ftl ... 
2026-04-03 19:07:55 +0000  19713 bytes for ./www/pdfjs-annotation-viewer/web/locale/tg/viewer.ftl
2026-04-03 19:07:55 +0000  copying file ./www/pdfjs-annotation-viewer/web/images/treeitem-expanded.svg ... 
2026-04-03 19:07:55 +0000  94 bytes for ./www/pdfjs-annotation-viewer/web/images/treeitem-expanded.svg
2026-04-03 19:07:55 +0000  copying file ./www/pdfjs-annotation-viewer/web/images/secondaryToolbarButton-spreadOdd.svg ... 
2026-04-03 19:07:55 +0000  711 bytes for ./www/pdfjs-annotation-viewer/web/images/secondaryToolbarButton-spreadOdd.svg
2026-04-03 19:07:55 +0000  copying file ./www/pdfjs-annotation-viewer/web/images/gv-toolbarButton-download.svg ... 
2026-04-03 19:07:55 +0000  782 bytes for ./www/pdfjs-annotation-viewer/web/images/gv-toolbarButton-download.svg
2026-04-03 19:07:55 +0000  copying file ./www/pdfjs-annotation-viewer/web/images/toolbarButton-download.svg ... 
2026-04-03 19:07:55 +0000  1036 bytes for ./www/pdfjs-annotation-viewer/web/images/toolbarButton-download.svg
2026-04-03 19:07:55 +0000  copying file ./www/pdfjs-annotation-viewer/web/images/toolbarButton-currentOutlineItem.svg ... 
2026-04-03 19:07:55 +0000  607 bytes for ./www/pdfjs-annotation-viewer/web/images/toolbarButton-currentOutlineItem.svg
2026-04-03 19:07:55 +0000  copying file ./www/pdfjs-annotation-viewer/web/images/annotation-check.svg ... 
2026-04-03 19:07:55 +0000  415 bytes for ./www/pdfjs-annotation-viewer/web/images/annotation-check.svg
2026-04-03 19:07:55 +0000  copying file ./www/pdfjs-annotation-viewer/web/images/toolbarButton-pageUp.svg ... 
2026-04-03 19:07:55 +0000  682 bytes for ./www/pdfjs-annotation-viewer/web/images/toolbarButton-pageUp.svg
2026-04-03 19:07:55 +0000  copying file ./www/pdfjs-annotation-viewer/web/images/annotation-note.svg ... 
2026-04-03 19:07:55 +0000  1041 bytes for ./www/pdfjs-annotation-viewer/web/images/annotation-note.svg
2026-04-03 19:07:55 +0000  copying file ./www/pdfjs-annotation-viewer/web/images/toolbarButton-editorStamp.svg ... 
2026-04-03 19:07:55 +0000  734 bytes for ./www/pdfjs-annotation-viewer/web/images/toolbarButton-editorStamp.svg
2026-04-03 19:07:55 +0000  copying file ./www/pdfjs-annotation-viewer/web/images/secondaryToolbarButton-selectTool.svg ... 
2026-04-03 19:07:55 +0000  1085 bytes for ./www/pdfjs-annotation-viewer/web/images/secondaryToolbarButton-selectTool.svg
2026-04-03 19:07:55 +0000  copying file ./www/pdfjs-annotation-viewer/web/images/secondaryToolbarButton-scrollWrapped.svg ... 
2026-04-03 19:07:55 +0000  1228 bytes for ./www/pdfjs-annotation-viewer/web/images/secondaryToolbarButton-scrollWrapped.svg
2026-04-03 19:07:55 +0000  copying file ./www/pdfjs-annotation-viewer/web/images/loading-icon.gif ... 
2026-04-03 19:07:55 +0000  2545 bytes for ./www/pdfjs-annotation-viewer/web/images/loading-icon.gif
2026-04-03 19:07:55 +0000  copying file ./www/pdfjs-annotation-viewer/web/images/cursor-editorInk.svg ... 
2026-04-03 19:07:55 +0000  1323 bytes for ./www/pdfjs-annotation-viewer/web/images/cursor-editorInk.svg
2026-04-03 19:07:55 +0000  copying file ./www/pdfjs-annotation-viewer/web/images/cursor-editorTextHighlight.svg ... 
2026-04-03 19:07:55 +0000  5402 bytes for ./www/pdfjs-annotation-viewer/web/images/cursor-editorTextHighlight.svg
2026-04-03 19:07:55 +0000  copying file ./www/pdfjs-annotation-viewer/web/images/toolbarButton-viewThumbnail.svg ... 
2026-04-03 19:07:55 +0000  1396 bytes for ./www/pdfjs-annotation-viewer/web/images/toolbarButton-viewThumbnail.svg
2026-04-03 19:07:55 +0000  copying file ./www/pdfjs-annotation-viewer/web/images/toolbarButton-viewLayers.svg ... 
2026-04-03 19:07:55 +0000  671 bytes for ./www/pdfjs-annotation-viewer/web/images/toolbarButton-viewLayers.svg
2026-04-03 19:07:55 +0000  copying file ./www/pdfjs-annotation-viewer/web/images/toolbarButton-editorInk.svg ... 
2026-04-03 19:07:55 +0000  1189 bytes for ./www/pdfjs-annotation-viewer/web/images/toolbarButton-editorInk.svg
2026-04-03 19:07:55 +0000  copying file ./www/pdfjs-annotation-viewer/web/images/toolbarButton-zoomIn.svg ... 
2026-04-03 19:07:55 +0000  958 bytes for ./www/pdfjs-annotation-viewer/web/images/toolbarButton-zoomIn.svg
2026-04-03 19:07:55 +0000  copying file ./www/pdfjs-annotation-viewer/web/images/annotation-noicon.svg ... 
2026-04-03 19:07:55 +0000  158 bytes for ./www/pdfjs-annotation-viewer/web/images/annotation-noicon.svg
2026-04-03 19:07:55 +0000  copying file ./www/pdfjs-annotation-viewer/web/images/toolbarButton-menuArrow.svg ... 
2026-04-03 19:07:55 +0000  681 bytes for ./www/pdfjs-annotation-viewer/web/images/toolbarButton-menuArrow.svg
2026-04-03 19:07:55 +0000  copying file ./www/pdfjs-annotation-viewer/web/images/secondaryToolbarButton-scrollHorizontal.svg ... 
2026-04-03 19:07:55 +0000  971 bytes for ./www/pdfjs-annotation-viewer/web/images/secondaryToolbarButton-scrollHorizontal.svg
2026-04-03 19:07:55 +0000  copying file ./www/pdfjs-annotation-viewer/web/images/toolbarButton-presentationMode.svg ... 
2026-04-03 19:07:55 +0000  681 bytes for ./www/pdfjs-annotation-viewer/web/images/toolbarButton-presentationMode.svg
2026-04-03 19:07:55 +0000  copying file ./www/pdfjs-annotation-viewer/web/images/annotation-insert.svg ... 
2026-04-03 19:07:55 +0000  408 bytes for ./www/pdfjs-annotation-viewer/web/images/annotation-insert.svg
2026-04-03 19:07:55 +0000  copying file ./www/pdfjs-annotation-viewer/web/images/toolbarButton-pageDown.svg ... 
2026-04-03 19:07:55 +0000  701 bytes for ./www/pdfjs-annotation-viewer/web/images/toolbarButton-pageDown.svg
2026-04-03 19:07:55 +0000  copying file ./www/pdfjs-annotation-viewer/web/images/editor-toolbar-delete.svg ... 
2026-04-03 19:07:55 +0000  909 bytes for ./www/pdfjs-annotation-viewer/web/images/editor-toolbar-delete.svg
2026-04-03 19:07:55 +0000  copying file ./www/pdfjs-annotation-viewer/web/images/treeitem-collapsed.svg ... 
2026-04-03 19:07:55 +0000  93 bytes for ./www/pdfjs-annotation-viewer/web/images/treeitem-collapsed.svg
2026-04-03 19:07:55 +0000  copying file ./www/pdfjs-annotation-viewer/web/images/annotation-paragraph.svg ... 
2026-04-03 19:07:55 +0000  1143 bytes for ./www/pdfjs-annotation-viewer/web/images/annotation-paragraph.svg
2026-04-03 19:07:55 +0000  copying file ./www/pdfjs-annotation-viewer/web/images/toolbarButton-editorFreeText.svg ... 
2026-04-03 19:07:55 +0000  498 bytes for ./www/pdfjs-annotation-viewer/web/images/toolbarButton-editorFreeText.svg
2026-04-03 19:07:55 +0000  copying file ./www/pdfjs-annotation-viewer/web/images/annotation-key.svg ... 
2026-04-03 19:07:55 +0000  1452 bytes for ./www/pdfjs-annotation-viewer/web/images/annotation-key.svg
2026-04-03 19:07:55 +0000  copying file ./www/pdfjs-annotation-viewer/web/images/annotation-paperclip.svg ... 
2026-04-03 19:07:55 +0000  552 bytes for ./www/pdfjs-annotation-viewer/web/images/annotation-paperclip.svg
2026-04-03 19:07:55 +0000  copying file ./www/pdfjs-annotation-viewer/web/images/toolbarButton-viewOutline.svg ... 
2026-04-03 19:07:55 +0000  332 bytes for ./www/pdfjs-annotation-viewer/web/images/toolbarButton-viewOutline.svg
2026-04-03 19:07:55 +0000  copying file ./www/pdfjs-annotation-viewer/web/images/secondaryToolbarButton-scrollVertical.svg ... 
2026-04-03 19:07:55 +0000  969 bytes for ./www/pdfjs-annotation-viewer/web/images/secondaryToolbarButton-scrollVertical.svg
2026-04-03 19:07:55 +0000  copying file ./www/pdfjs-annotation-viewer/web/images/annotation-comment.svg ... 
883 bytes for ./www/pdfjs-annotation-viewer/web/images/annotation-comment.svg
copying file ./www/pdfjs-annotation-viewer/web/images/secondaryToolbarButton-lastPage.svg ... 
257 bytes for ./www/pdfjs-annotation-viewer/web/images/secondaryToolbarButton-lastPage.svg
copying file ./www/pdfjs-annotation-viewer/web/images/altText_done.svg ... 
1087 bytes for ./www/pdfjs-annotation-viewer/web/images/altText_done.svg
copying file ./www/pdfjs-annotation-viewer/web/images/loading.svg ... 
2026-04-03 19:07:55 +0000  1559 bytes for ./www/pdfjs-annotation-viewer/web/images/loading.svg
copying file ./www/pdfjs-annotation-viewer/web/images/annotation-newparagraph.svg ... 
2026-04-03 19:07:55 +0000  426 bytes for ./www/pdfjs-annotation-viewer/web/images/annotation-newparagraph.svg
2026-04-03 19:07:55 +0000  copying file ./www/pdfjs-annotation-viewer/web/images/altText_add.svg ... 
2026-04-03 19:07:55 +0000  920 bytes for ./www/pdfjs-annotation-viewer/web/images/altText_add.svg
2026-04-03 19:07:55 +0000  copying file ./www/pdfjs-annotation-viewer/web/images/secondaryToolbarButton-firstPage.svg ... 
2026-04-03 19:07:55 +0000  260 bytes for ./www/pdfjs-annotation-viewer/web/images/secondaryToolbarButton-firstPage.svg
2026-04-03 19:07:55 +0000  copying file ./www/pdfjs-annotation-viewer/web/images/annotation-help.svg ... 
2026-04-03 19:07:55 +0000  2168 bytes for ./www/pdfjs-annotation-viewer/web/images/annotation-help.svg
2026-04-03 19:07:55 +0000  copying file ./www/pdfjs-annotation-viewer/web/images/toolbarButton-secondaryToolbarToggle.svg ... 
2026-04-03 19:07:55 +0000  1080 bytes for ./www/pdfjs-annotation-viewer/web/images/toolbarButton-secondaryToolbarToggle.svg
2026-04-03 19:07:55 +0000  copying file ./www/pdfjs-annotation-viewer/web/images/findbarButton-previous.svg ... 
2026-04-03 19:07:55 +0000  578 bytes for ./www/pdfjs-annotation-viewer/web/images/findbarButton-previous.svg
2026-04-03 19:07:55 +0000  copying file ./www/pdfjs-annotation-viewer/web/images/toolbarButton-bookmark.svg ... 
2026-04-03 19:07:55 +0000  861 bytes for ./www/pdfjs-annotation-viewer/web/images/toolbarButton-bookmark.svg
2026-04-03 19:07:55 +0000  copying file ./www/pdfjs-annotation-viewer/web/images/secondaryToolbarButton-handTool.svg ... 
2026-04-03 19:07:55 +0000  1344 bytes for ./www/pdfjs-annotation-viewer/web/images/secondaryToolbarButton-handTool.svg
2026-04-03 19:07:55 +0000  copying file ./www/pdfjs-annotation-viewer/web/images/annotation-pushpin.svg ... 
2026-04-03 19:07:55 +0000  1375 bytes for ./www/pdfjs-annotation-viewer/web/images/annotation-pushpin.svg
copying file ./www/pdfjs-annotation-viewer/web/images/toolbarButton-print.svg ... 
927 bytes for ./www/pdfjs-annotation-viewer/web/images/toolbarButton-print.svg
copying file ./www/pdfjs-annotation-viewer/web/images/secondaryToolbarButton-spreadEven.svg ... 
2026-04-03 19:07:55 +0000  775 bytes for ./www/pdfjs-annotation-viewer/web/images/secondaryToolbarButton-spreadEven.svg
2026-04-03 19:07:55 +0000  copying file ./www/pdfjs-annotation-viewer/web/images/toolbarButton-openFile.svg ... 
2026-04-03 19:07:55 +0000  1400 bytes for ./www/pdfjs-annotation-viewer/web/images/toolbarButton-openFile.svg
2026-04-03 19:07:55 +0000  copying file ./www/pdfjs-annotation-viewer/web/images/toolbarButton-zoomOut.svg ... 
2026-04-03 19:07:55 +0000  472 bytes for ./www/pdfjs-annotation-viewer/web/images/toolbarButton-zoomOut.svg
2026-04-03 19:07:55 +0000  copying file ./www/pdfjs-annotation-viewer/web/images/cursor-editorFreeText.svg ... 
2026-04-03 19:07:55 +0000  1452 bytes for ./www/pdfjs-annotation-viewer/web/images/cursor-editorFreeText.svg
2026-04-03 19:07:55 +0000  copying file ./www/pdfjs-annotation-viewer/web/images/secondaryToolbarButton-rotateCw.svg ... 
2026-04-03 19:07:55 +0000  576 bytes for ./www/pdfjs-annotation-viewer/web/images/secondaryToolbarButton-rotateCw.svg
2026-04-03 19:07:55 +0000  copying file ./www/pdfjs-annotation-viewer/web/images/secondaryToolbarButton-spreadNone.svg ... 
2026-04-03 19:07:55 +0000  395 bytes for ./www/pdfjs-annotation-viewer/web/images/secondaryToolbarButton-spreadNone.svg
2026-04-03 19:07:55 +0000  copying file ./www/pdfjs-annotation-viewer/web/images/secondaryToolbarButton-scrollPage.svg ... 
2026-04-03 19:07:55 +0000  731 bytes for ./www/pdfjs-annotation-viewer/web/images/secondaryToolbarButton-scrollPage.svg
2026-04-03 19:07:55 +0000  copying file ./www/pdfjs-annotation-viewer/web/images/findbarButton-next.svg ... 
2026-04-03 19:07:55 +0000  578 bytes for ./www/pdfjs-annotation-viewer/web/images/findbarButton-next.svg
2026-04-03 19:07:55 +0000  copying file ./www/pdfjs-annotation-viewer/web/images/toolbarButton-editorHighlight.svg ... 
2026-04-03 19:07:55 +0000  910 bytes for ./www/pdfjs-annotation-viewer/web/images/toolbarButton-editorHighlight.svg
2026-04-03 19:07:55 +0000  copying file ./www/pdfjs-annotation-viewer/web/images/toolbarButton-viewAttachments.svg ... 
2026-04-03 19:07:55 +0000  570 bytes for ./www/pdfjs-annotation-viewer/web/images/toolbarButton-viewAttachments.svg
2026-04-03 19:07:55 +0000  copying file ./www/pdfjs-annotation-viewer/web/images/cursor-editorFreeHighlight.svg ... 
2026-04-03 19:07:55 +0000  2936 bytes for ./www/pdfjs-annotation-viewer/web/images/cursor-editorFreeHighlight.svg
2026-04-03 19:07:55 +0000  copying file ./www/pdfjs-annotation-viewer/web/images/toolbarButton-search.svg ... 
2026-04-03 19:07:55 +0000  1234 bytes for ./www/pdfjs-annotation-viewer/web/images/toolbarButton-search.svg
2026-04-03 19:07:55 +0000  copying file ./www/pdfjs-annotation-viewer/web/images/secondaryToolbarButton-rotateCcw.svg ... 
2026-04-03 19:07:55 +0000  596 bytes for ./www/pdfjs-annotation-viewer/web/images/secondaryToolbarButton-rotateCcw.svg
2026-04-03 19:07:55 +0000  copying file ./www/pdfjs-annotation-viewer/web/images/secondaryToolbarButton-documentProperties.svg ... 
2026-04-03 19:07:55 +0000  417 bytes for ./www/pdfjs-annotation-viewer/web/images/secondaryToolbarButton-documentProperties.svg
2026-04-03 19:07:55 +0000  copying file ./www/pdfjs-annotation-viewer/web/images/toolbarButton-sidebarToggle.svg ... 
2026-04-03 19:07:55 +0000  1560 bytes for ./www/pdfjs-annotation-viewer/web/images/toolbarButton-sidebarToggle.svg
2026-04-03 19:07:55 +0000  copying file ./www/pdfjs-annotation-viewer/web/pdfjs-annotation-extension/pdfjs-annotation-extension.js ... 
2026-04-03 19:07:55 +0000  3982885 bytes for ./www/pdfjs-annotation-viewer/web/pdfjs-annotation-extension/pdfjs-annotation-extension.js
2026-04-03 19:07:55 +0000  copying file ./www/pdfjs-annotation-viewer/web/pdfjs-annotation-extension/font/Allura.ttf ... 
2026-04-03 19:07:55 +0000  234288 bytes for ./www/pdfjs-annotation-viewer/web/pdfjs-annotation-extension/font/Allura.ttf
copying file ./www/pdfjs-annotation-viewer/web/pdfjs-annotation-extension/font/Kalam.ttf ... 
2026-04-03 19:07:55 +0000  427336 bytes for ./www/pdfjs-annotation-viewer/web/pdfjs-annotation-extension/font/Kalam.ttf
2026-04-03 19:07:55 +0000  copying file ./www/pdfjs-annotation-viewer/web/standard_fonts/FoxitDingbats.pfb ... 
2026-04-03 19:07:55 +0000  29513 bytes for ./www/pdfjs-annotation-viewer/web/standard_fonts/FoxitDingbats.pfb
copying file ./www/pdfjs-annotation-viewer/web/standard_fonts/LiberationSans-Bold.ttf ... 
2026-04-03 19:07:55 +0000  137052 bytes for ./www/pdfjs-annotation-viewer/web/standard_fonts/LiberationSans-Bold.ttf
2026-04-03 19:07:55 +0000  copying file ./www/pdfjs-annotation-viewer/web/standard_fonts/FoxitSymbol.pfb ... 
2026-04-03 19:07:55 +0000  16729 bytes for ./www/pdfjs-annotation-viewer/web/standard_fonts/FoxitSymbol.pfb
2026-04-03 19:07:55 +0000  copying file ./www/pdfjs-annotation-viewer/web/standard_fonts/LiberationSans-BoldItalic.ttf ... 
2026-04-03 19:07:55 +0000  135124 bytes for ./www/pdfjs-annotation-viewer/web/standard_fonts/LiberationSans-BoldItalic.ttf
2026-04-03 19:07:55 +0000  copying file ./www/pdfjs-annotation-viewer/web/standard_fonts/LICENSE_LIBERATION ... 
2026-04-03 19:07:55 +0000  4414 bytes for ./www/pdfjs-annotation-viewer/web/standard_fonts/LICENSE_LIBERATION
2026-04-03 19:07:55 +0000  copying file ./www/pdfjs-annotation-viewer/web/standard_fonts/FoxitFixedBoldItalic.pfb ... 
2026-04-03 19:07:55 +0000  19151 bytes for ./www/pdfjs-annotation-viewer/web/standard_fonts/FoxitFixedBoldItalic.pfb
2026-04-03 19:07:55 +0000  copying file ./www/pdfjs-annotation-viewer/web/standard_fonts/FoxitFixedItalic.pfb ... 
2026-04-03 19:07:55 +0000  18746 bytes for ./www/pdfjs-annotation-viewer/web/standard_fonts/FoxitFixedItalic.pfb
copying file ./www/pdfjs-annotation-viewer/web/standard_fonts/FoxitSerifItalic.pfb ... 
2026-04-03 19:07:55 +0000  21227 bytes for ./www/pdfjs-annotation-viewer/web/standard_fonts/FoxitSerifItalic.pfb
2026-04-03 19:07:55 +0000  copying file ./www/pdfjs-annotation-viewer/web/standard_fonts/FoxitSerifBoldItalic.pfb ... 
2026-04-03 19:07:55 +0000  20733 bytes for ./www/pdfjs-annotation-viewer/web/standard_fonts/FoxitSerifBoldItalic.pfb
2026-04-03 19:07:55 +0000  copying file ./www/pdfjs-annotation-viewer/web/standard_fonts/FoxitSerifBold.pfb ... 
2026-04-03 19:07:55 +0000  19395 bytes for ./www/pdfjs-annotation-viewer/web/standard_fonts/FoxitSerifBold.pfb
2026-04-03 19:07:55 +0000  copying file ./www/pdfjs-annotation-viewer/web/standard_fonts/FoxitFixed.pfb ... 
2026-04-03 19:07:55 +0000  17597 bytes for ./www/pdfjs-annotation-viewer/web/standard_fonts/FoxitFixed.pfb
2026-04-03 19:07:55 +0000  copying file ./www/pdfjs-annotation-viewer/web/standard_fonts/LiberationSans-Italic.ttf ... 
2026-04-03 19:07:55 +0000  162036 bytes for ./www/pdfjs-annotation-viewer/web/standard_fonts/LiberationSans-Italic.ttf
2026-04-03 19:07:55 +0000  copying file ./www/pdfjs-annotation-viewer/web/standard_fonts/FoxitSerif.pfb ... 
2026-04-03 19:07:55 +0000  19469 bytes for ./www/pdfjs-annotation-viewer/web/standard_fonts/FoxitSerif.pfb
2026-04-03 19:07:55 +0000  copying file ./www/pdfjs-annotation-viewer/web/standard_fonts/LICENSE_FOXIT ... 
2026-04-03 19:07:55 +0000  1553 bytes for ./www/pdfjs-annotation-viewer/web/standard_fonts/LICENSE_FOXIT
2026-04-03 19:07:55 +0000  copying file ./www/pdfjs-annotation-viewer/web/standard_fonts/LiberationSans-Regular.ttf ... 
2026-04-03 19:07:55 +0000  139512 bytes for ./www/pdfjs-annotation-viewer/web/standard_fonts/LiberationSans-Regular.ttf
2026-04-03 19:07:55 +0000  copying file ./www/pdfjs-annotation-viewer/web/standard_fonts/FoxitFixedBold.pfb ... 
2026-04-03 19:07:55 +0000  18055 bytes for ./www/pdfjs-annotation-viewer/web/standard_fonts/FoxitFixedBold.pfb
copying file ./www/pdfjs-annotation-viewer/web/viewer.js ... 
2026-04-03 19:07:55 +0000  447547 bytes for ./www/pdfjs-annotation-viewer/web/viewer.js
2026-04-03 19:07:55 +0000  copying file ./www/pdfjs-annotation-viewer/web/cmaps/78-EUC-V.bcmap ... 
2026-04-03 19:07:55 +0000  173 bytes for ./www/pdfjs-annotation-viewer/web/cmaps/78-EUC-V.bcmap
2026-04-03 19:07:55 +0000  copying file ./www/pdfjs-annotation-viewer/web/cmaps/GBKp-EUC-H.bcmap ... 
2026-04-03 19:07:55 +0000  14686 bytes for ./www/pdfjs-annotation-viewer/web/cmaps/GBKp-EUC-H.bcmap
2026-04-03 19:07:55 +0000  copying file ./www/pdfjs-annotation-viewer/web/cmaps/Katakana.bcmap ... 
2026-04-03 19:07:55 +0000  100 bytes for ./www/pdfjs-annotation-viewer/web/cmaps/Katakana.bcmap
2026-04-03 19:07:55 +0000  copying file ./www/pdfjs-annotation-viewer/web/cmaps/KSCpc-EUC-H.bcmap ... 
2026-04-03 19:07:55 +0000  2024 bytes for ./www/pdfjs-annotation-viewer/web/cmaps/KSCpc-EUC-H.bcmap
2026-04-03 19:07:55 +0000  copying file ./www/pdfjs-annotation-viewer/web/cmaps/Adobe-CNS1-UCS2.bcmap ... 
2026-04-03 19:07:55 +0000  41193 bytes for ./www/pdfjs-annotation-viewer/web/cmaps/Adobe-CNS1-UCS2.bcmap
2026-04-03 19:07:55 +0000  copying file ./www/pdfjs-annotation-viewer/web/cmaps/Adobe-CNS1-5.bcmap ... 
2026-04-03 19:07:55 +0000  406 bytes for ./www/pdfjs-annotation-viewer/web/cmaps/Adobe-CNS1-5.bcmap
2026-04-03 19:07:55 +0000  copying file ./www/pdfjs-annotation-viewer/web/cmaps/Adobe-Japan1-6.bcmap ... 
2026-04-03 19:07:55 +0000  485 bytes for ./www/pdfjs-annotation-viewer/web/cmaps/Adobe-Japan1-6.bcmap
2026-04-03 19:07:55 +0000  copying file ./www/pdfjs-annotation-viewer/web/cmaps/Adobe-Japan1-4.bcmap ... 
2026-04-03 19:07:55 +0000  337 bytes for ./www/pdfjs-annotation-viewer/web/cmaps/Adobe-Japan1-4.bcmap
2026-04-03 19:07:55 +0000  copying file ./www/pdfjs-annotation-viewer/web/cmaps/Adobe-Japan1-UCS2.bcmap ... 
2026-04-03 19:07:55 +0000  40951 bytes for ./www/pdfjs-annotation-viewer/web/cmaps/Adobe-Japan1-UCS2.bcmap
2026-04-03 19:07:55 +0000  copying file ./www/pdfjs-annotation-viewer/web/cmaps/HKscs-B5-H.bcmap ... 
2026-04-03 19:07:55 +0000  4437 bytes for ./www/pdfjs-annotation-viewer/web/cmaps/HKscs-B5-H.bcmap
2026-04-03 19:07:55 +0000  copying file ./www/pdfjs-annotation-viewer/web/cmaps/UniJISX0213-UTF32-H.bcmap ... 
2026-04-03 19:07:55 +0000  40517 bytes for ./www/pdfjs-annotation-viewer/web/cmaps/UniJISX0213-UTF32-H.bcmap
2026-04-03 19:07:55 +0000  copying file ./www/pdfjs-annotation-viewer/web/cmaps/HKdla-B5-V.bcmap ... 
2026-04-03 19:07:55 +0000  148 bytes for ./www/pdfjs-annotation-viewer/web/cmaps/HKdla-B5-V.bcmap
2026-04-03 19:07:55 +0000  copying file ./www/pdfjs-annotation-viewer/web/cmaps/ETenms-B5-H.bcmap ... 
2026-04-03 19:07:55 +0000  101 bytes for ./www/pdfjs-annotation-viewer/web/cmaps/ETenms-B5-H.bcmap
2026-04-03 19:07:55 +0000  copying file ./www/pdfjs-annotation-viewer/web/cmaps/H.bcmap ... 
2026-04-03 19:07:55 +0000  553 bytes for ./www/pdfjs-annotation-viewer/web/cmaps/H.bcmap
2026-04-03 19:07:55 +0000  copying file ./www/pdfjs-annotation-viewer/web/cmaps/Adobe-Korea1-UCS2.bcmap ... 
2026-04-03 19:07:55 +0000  23293 bytes for ./www/pdfjs-annotation-viewer/web/cmaps/Adobe-Korea1-UCS2.bcmap
2026-04-03 19:07:55 +0000  copying file ./www/pdfjs-annotation-viewer/web/cmaps/UniJIS-UTF8-V.bcmap ... 
2026-04-03 19:07:55 +0000  678 bytes for ./www/pdfjs-annotation-viewer/web/cmaps/UniJIS-UTF8-V.bcmap
2026-04-03 19:07:55 +0000  copying file ./www/pdfjs-annotation-viewer/web/cmaps/WP-Symbol.bcmap ... 
2026-04-03 19:07:55 +0000  179 bytes for ./www/pdfjs-annotation-viewer/web/cmaps/WP-Symbol.bcmap
2026-04-03 19:07:55 +0000  copying file ./www/pdfjs-annotation-viewer/web/cmaps/Add-H.bcmap ... 
2026-04-03 19:07:55 +0000  2419 bytes for ./www/pdfjs-annotation-viewer/web/cmaps/Add-H.bcmap
2026-04-03 19:07:55 +0000  copying file ./www/pdfjs-annotation-viewer/web/cmaps/Adobe-Japan1-0.bcmap ... 
2026-04-03 19:07:55 +0000  225 bytes for ./www/pdfjs-annotation-viewer/web/cmaps/Adobe-Japan1-0.bcmap
2026-04-03 19:07:55 +0000  copying file ./www/pdfjs-annotation-viewer/web/cmaps/Adobe-CNS1-3.bcmap ... 
2026-04-03 19:07:55 +0000  401 bytes for ./www/pdfjs-annotation-viewer/web/cmaps/Adobe-CNS1-3.bcmap
2026-04-03 19:07:55 +0000  copying file ./www/pdfjs-annotation-viewer/web/cmaps/HKm314-B5-H.bcmap ... 
2026-04-03 19:07:55 +0000  1772 bytes for ./www/pdfjs-annotation-viewer/web/cmaps/HKm314-B5-H.bcmap
2026-04-03 19:07:55 +0000  copying file ./www/pdfjs-annotation-viewer/web/cmaps/UniCNS-UTF8-V.bcmap ... 
2026-04-03 19:07:55 +0000  157 bytes for ./www/pdfjs-annotation-viewer/web/cmaps/UniCNS-UTF8-V.bcmap
2026-04-03 19:07:55 +0000  copying file ./www/pdfjs-annotation-viewer/web/cmaps/LICENSE ... 
2026-04-03 19:07:55 +0000  2080 bytes for ./www/pdfjs-annotation-viewer/web/cmaps/LICENSE
2026-04-03 19:07:55 +0000  copying file ./www/pdfjs-annotation-viewer/web/cmaps/ETHK-B5-H.bcmap ... 
2026-04-03 19:07:55 +0000  4426 bytes for ./www/pdfjs-annotation-viewer/web/cmaps/ETHK-B5-H.bcmap
2026-04-03 19:07:55 +0000  copying file ./www/pdfjs-annotation-viewer/web/cmaps/KSC-Johab-V.bcmap ... 
2026-04-03 19:07:55 +0000  166 bytes for ./www/pdfjs-annotation-viewer/web/cmaps/KSC-Johab-V.bcmap
2026-04-03 19:07:55 +0000  copying file ./www/pdfjs-annotation-viewer/web/cmaps/Adobe-CNS1-1.bcmap ... 
2026-04-03 19:07:55 +0000  371 bytes for ./www/pdfjs-annotation-viewer/web/cmaps/Adobe-CNS1-1.bcmap
2026-04-03 19:07:55 +0000  copying file ./www/pdfjs-annotation-viewer/web/cmaps/UniGB-UCS2-V.bcmap ... 
2026-04-03 19:07:55 +0000  193 bytes for ./www/pdfjs-annotation-viewer/web/cmaps/UniGB-UCS2-V.bcmap
2026-04-03 19:07:55 +0000  copying file ./www/pdfjs-annotation-viewer/web/cmaps/Adobe-Japan1-2.bcmap ... 
2026-04-03 19:07:55 +0000  233 bytes for ./www/pdfjs-annotation-viewer/web/cmaps/Adobe-Japan1-2.bcmap
2026-04-03 19:07:55 +0000  copying file ./www/pdfjs-annotation-viewer/web/cmaps/KSC-V.bcmap ... 
2026-04-03 19:07:55 +0000  160 bytes for ./www/pdfjs-annotation-viewer/web/cmaps/KSC-V.bcmap
2026-04-03 19:07:55 +0000  copying file ./www/pdfjs-annotation-viewer/web/cmaps/UniJISPro-UTF8-V.bcmap ... 
2026-04-03 19:07:55 +0000  726 bytes for ./www/pdfjs-annotation-viewer/web/cmaps/UniJISPro-UTF8-V.bcmap
2026-04-03 19:07:55 +0000  copying file ./www/pdfjs-annotation-viewer/web/cmaps/KSC-EUC-H.bcmap ... 
2026-04-03 19:07:55 +0000  1848 bytes for ./www/pdfjs-annotation-viewer/web/cmaps/KSC-EUC-H.bcmap
2026-04-03 19:07:55 +0000  copying file ./www/pdfjs-annotation-viewer/web/cmaps/RKSJ-H.bcmap ... 
2026-04-03 19:07:55 +0000  534 bytes for ./www/pdfjs-annotation-viewer/web/cmaps/RKSJ-H.bcmap
2026-04-03 19:07:55 +0000  copying file ./www/pdfjs-annotation-viewer/web/cmaps/Add-RKSJ-V.bcmap ... 
2026-04-03 19:07:55 +0000  287 bytes for ./www/pdfjs-annotation-viewer/web/cmaps/Add-RKSJ-V.bcmap
2026-04-03 19:07:55 +0000  copying file ./www/pdfjs-annotation-viewer/web/cmaps/UniKS-UCS2-V.bcmap ... 
2026-04-03 19:07:55 +0000  178 bytes for ./www/pdfjs-annotation-viewer/web/cmaps/UniKS-UCS2-V.bcmap
2026-04-03 19:07:55 +0000  copying file ./www/pdfjs-annotation-viewer/web/cmaps/78-V.bcmap ... 
2026-04-03 19:07:55 +0000  169 bytes for ./www/pdfjs-annotation-viewer/web/cmaps/78-V.bcmap
2026-04-03 19:07:55 +0000  copying file ./www/pdfjs-annotation-viewer/web/cmaps/CNS-EUC-H.bcmap ... 
2026-04-03 19:07:55 +0000  1780 bytes for ./www/pdfjs-annotation-viewer/web/cmaps/CNS-EUC-H.bcmap
2026-04-03 19:07:55 +0000  copying file ./www/pdfjs-annotation-viewer/web/cmaps/HKm471-B5-V.bcmap ... 
2026-04-03 19:07:55 +0000  149 bytes for ./www/pdfjs-annotation-viewer/web/cmaps/HKm471-B5-V.bcmap
2026-04-03 19:07:55 +0000  copying file ./www/pdfjs-annotation-viewer/web/cmaps/HKgccs-B5-H.bcmap ... 
2026-04-03 19:07:55 +0000  2292 bytes for ./www/pdfjs-annotation-viewer/web/cmaps/HKgccs-B5-H.bcmap
2026-04-03 19:07:55 +0000  copying file ./www/pdfjs-annotation-viewer/web/cmaps/UniCNS-UTF8-H.bcmap ... 
2026-04-03 19:07:55 +0000  53629 bytes for ./www/pdfjs-annotation-viewer/web/cmaps/UniCNS-UTF8-H.bcmap
2026-04-03 19:07:55 +0000  copying file ./www/pdfjs-annotation-viewer/web/cmaps/HKm314-B5-V.bcmap ... 
2026-04-03 19:07:55 +0000  149 bytes for ./www/pdfjs-annotation-viewer/web/cmaps/HKm314-B5-V.bcmap
2026-04-03 19:07:55 +0000  copying file ./www/pdfjs-annotation-viewer/web/cmaps/Adobe-Japan1-5.bcmap ... 
2026-04-03 19:07:55 +0000  430 bytes for ./www/pdfjs-annotation-viewer/web/cmaps/Adobe-Japan1-5.bcmap
2026-04-03 19:07:55 +0000  copying file ./www/pdfjs-annotation-viewer/web/cmaps/Adobe-CNS1-6.bcmap ... 
2026-04-03 19:07:55 +0000  406 bytes for ./www/pdfjs-annotation-viewer/web/cmaps/Adobe-CNS1-6.bcmap
2026-04-03 19:07:55 +0000  copying file ./www/pdfjs-annotation-viewer/web/cmaps/Add-V.bcmap ... 
2026-04-03 19:07:55 +0000  282 bytes for ./www/pdfjs-annotation-viewer/web/cmaps/Add-V.bcmap
2026-04-03 19:07:55 +0000  copying file ./www/pdfjs-annotation-viewer/web/cmaps/UniJIS-UTF8-H.bcmap ... 
2026-04-03 19:07:55 +0000  41695 bytes for ./www/pdfjs-annotation-viewer/web/cmaps/UniJIS-UTF8-H.bcmap
2026-04-03 19:07:55 +0000  copying file ./www/pdfjs-annotation-viewer/web/cmaps/UniJISPro-UCS2-HW-V.bcmap ... 
2026-04-03 19:07:55 +0000  705 bytes for ./www/pdfjs-annotation-viewer/web/cmaps/UniJISPro-UCS2-HW-V.bcmap
2026-04-03 19:07:55 +0000  copying file ./www/pdfjs-annotation-viewer/web/cmaps/HKgccs-B5-V.bcmap ... 
2026-04-03 19:07:55 +0000  149 bytes for ./www/pdfjs-annotation-viewer/web/cmaps/HKgccs-B5-V.bcmap
2026-04-03 19:07:55 +0000  copying file ./www/pdfjs-annotation-viewer/web/cmaps/HKm471-B5-H.bcmap ... 
2026-04-03 19:07:55 +0000  2171 bytes for ./www/pdfjs-annotation-viewer/web/cmaps/HKm471-B5-H.bcmap
2026-04-03 19:07:55 +0000  copying file ./www/pdfjs-annotation-viewer/web/cmaps/CNS-EUC-V.bcmap ... 
2026-04-03 19:07:55 +0000  1920 bytes for ./www/pdfjs-annotation-viewer/web/cmaps/CNS-EUC-V.bcmap
2026-04-03 19:07:55 +0000  copying file ./www/pdfjs-annotation-viewer/web/cmaps/78-H.bcmap ... 
2026-04-03 19:07:55 +0000  2379 bytes for ./www/pdfjs-annotation-viewer/web/cmaps/78-H.bcmap
2026-04-03 19:07:55 +0000  copying file ./www/pdfjs-annotation-viewer/web/cmaps/UniKS-UCS2-H.bcmap ... 
2026-04-03 19:07:55 +0000  25783 bytes for ./www/pdfjs-annotation-viewer/web/cmaps/UniKS-UCS2-H.bcmap
2026-04-03 19:07:55 +0000  copying file ./www/pdfjs-annotation-viewer/web/cmaps/KSC-EUC-V.bcmap ... 
2026-04-03 19:07:55 +0000  164 bytes for ./www/pdfjs-annotation-viewer/web/cmaps/KSC-EUC-V.bcmap
2026-04-03 19:07:55 +0000  copying file ./www/pdfjs-annotation-viewer/web/cmaps/Add-RKSJ-H.bcmap ... 
2026-04-03 19:07:55 +0000  2413 bytes for ./www/pdfjs-annotation-viewer/web/cmaps/Add-RKSJ-H.bcmap
2026-04-03 19:07:55 +0000  copying file ./www/pdfjs-annotation-viewer/web/cmaps/RKSJ-V.bcmap ... 
2026-04-03 19:07:55 +0000  170 bytes for ./www/pdfjs-annotation-viewer/web/cmaps/RKSJ-V.bcmap
2026-04-03 19:07:55 +0000  copying file ./www/pdfjs-annotation-viewer/web/cmaps/Adobe-CNS1-4.bcmap ... 
2026-04-03 19:07:55 +0000  405 bytes for ./www/pdfjs-annotation-viewer/web/cmaps/Adobe-CNS1-4.bcmap
2026-04-03 19:07:55 +0000  copying file ./www/pdfjs-annotation-viewer/web/cmaps/UniGB-UCS2-H.bcmap ... 
2026-04-03 19:07:55 +0000  43366 bytes for ./www/pdfjs-annotation-viewer/web/cmaps/UniGB-UCS2-H.bcmap
2026-04-03 19:07:55 +0000  copying file ./www/pdfjs-annotation-viewer/web/cmaps/KSC-Johab-H.bcmap ... 
2026-04-03 19:07:55 +0000  16791 bytes for ./www/pdfjs-annotation-viewer/web/cmaps/KSC-Johab-H.bcmap
2026-04-03 19:07:55 +0000  copying file ./www/pdfjs-annotation-viewer/web/cmaps/KSC-H.bcmap ... 
2026-04-03 19:07:55 +0000  1831 bytes for ./www/pdfjs-annotation-viewer/web/cmaps/KSC-H.bcmap
2026-04-03 19:07:55 +0000  copying file ./www/pdfjs-annotation-viewer/web/cmaps/ETHK-B5-V.bcmap ... 
2026-04-03 19:07:55 +0000  158 bytes for ./www/pdfjs-annotation-viewer/web/cmaps/ETHK-B5-V.bcmap
2026-04-03 19:07:55 +0000  copying file ./www/pdfjs-annotation-viewer/web/cmaps/Adobe-CNS1-0.bcmap ... 
2026-04-03 19:07:55 +0000  317 bytes for ./www/pdfjs-annotation-viewer/web/cmaps/Adobe-CNS1-0.bcmap
2026-04-03 19:07:55 +0000  copying file ./www/pdfjs-annotation-viewer/web/cmaps/Adobe-Japan1-3.bcmap ... 
2026-04-03 19:07:55 +0000  242 bytes for ./www/pdfjs-annotation-viewer/web/cmaps/Adobe-Japan1-3.bcmap
2026-04-03 19:07:55 +0000  copying file ./www/pdfjs-annotation-viewer/web/cmaps/KSCpc-EUC-V.bcmap ... 
2026-04-03 19:07:55 +0000  166 bytes for ./www/pdfjs-annotation-viewer/web/cmaps/KSCpc-EUC-V.bcmap
2026-04-03 19:07:55 +0000  copying file ./www/pdfjs-annotation-viewer/web/cmaps/GBKp-EUC-V.bcmap ... 
2026-04-03 19:07:55 +0000  181 bytes for ./www/pdfjs-annotation-viewer/web/cmaps/GBKp-EUC-V.bcmap
2026-04-03 19:07:55 +0000  copying file ./www/pdfjs-annotation-viewer/web/cmaps/78-EUC-H.bcmap ... 
2026-04-03 19:07:55 +0000  2404 bytes for ./www/pdfjs-annotation-viewer/web/cmaps/78-EUC-H.bcmap
2026-04-03 19:07:55 +0000  copying file ./www/pdfjs-annotation-viewer/web/cmaps/Roman.bcmap ... 
2026-04-03 19:07:55 +0000  96 bytes for ./www/pdfjs-annotation-viewer/web/cmaps/Roman.bcmap
2026-04-03 19:07:55 +0000  copying file ./www/pdfjs-annotation-viewer/web/cmaps/V.bcmap ... 
2026-04-03 19:07:55 +0000  166 bytes for ./www/pdfjs-annotation-viewer/web/cmaps/V.bcmap
2026-04-03 19:07:55 +0000  copying file ./www/pdfjs-annotation-viewer/web/cmaps/ETenms-B5-V.bcmap ... 
2026-04-03 19:07:55 +0000  172 bytes for ./www/pdfjs-annotation-viewer/web/cmaps/ETenms-B5-V.bcmap
2026-04-03 19:07:55 +0000  copying file ./www/pdfjs-annotation-viewer/web/cmaps/HKdla-B5-H.bcmap ... 
2026-04-03 19:07:55 +0000  2654 bytes for ./www/pdfjs-annotation-viewer/web/cmaps/HKdla-B5-H.bcmap
2026-04-03 19:07:55 +0000  copying file ./www/pdfjs-annotation-viewer/web/cmaps/UniJISX0213-UTF32-V.bcmap ... 
2026-04-03 19:07:55 +0000  684 bytes for ./www/pdfjs-annotation-viewer/web/cmaps/UniJISX0213-UTF32-V.bcmap
2026-04-03 19:07:55 +0000  copying file ./www/pdfjs-annotation-viewer/web/cmaps/HKscs-B5-V.bcmap ... 
2026-04-03 19:07:55 +0000  159 bytes for ./www/pdfjs-annotation-viewer/web/cmaps/HKscs-B5-V.bcmap
2026-04-03 19:07:55 +0000  copying file ./www/pdfjs-annotation-viewer/web/cmaps/Adobe-Japan1-1.bcmap ... 
2026-04-03 19:07:55 +0000  226 bytes for ./www/pdfjs-annotation-viewer/web/cmaps/Adobe-Japan1-1.bcmap
2026-04-03 19:07:55 +0000  copying file ./www/pdfjs-annotation-viewer/web/cmaps/Adobe-CNS1-2.bcmap ... 
2026-04-03 19:07:55 +0000  376 bytes for ./www/pdfjs-annotation-viewer/web/cmaps/Adobe-CNS1-2.bcmap
2026-04-03 19:07:55 +0000  copying file ./www/pdfjs-annotation-viewer/web/cmaps/90msp-RKSJ-V.bcmap ... 
2026-04-03 19:07:55 +0000  291 bytes for ./www/pdfjs-annotation-viewer/web/cmaps/90msp-RKSJ-V.bcmap
2026-04-03 19:07:55 +0000  copying file ./www/pdfjs-annotation-viewer/web/cmaps/B5pc-V.bcmap ... 
2026-04-03 19:07:55 +0000  144 bytes for ./www/pdfjs-annotation-viewer/web/cmaps/B5pc-V.bcmap
2026-04-03 19:07:55 +0000  copying file ./www/pdfjs-annotation-viewer/web/cmaps/Adobe-GB1-1.bcmap ... 
2026-04-03 19:07:55 +0000  250 bytes for ./www/pdfjs-annotation-viewer/web/cmaps/Adobe-GB1-1.bcmap
2026-04-03 19:07:55 +0000  copying file ./www/pdfjs-annotation-viewer/web/cmaps/B5-H.bcmap ... 
2026-04-03 19:07:55 +0000  1086 bytes for ./www/pdfjs-annotation-viewer/web/cmaps/B5-H.bcmap
2026-04-03 19:07:55 +0000  copying file ./www/pdfjs-annotation-viewer/web/cmaps/UniCNS-UTF16-V.bcmap ... 
2026-04-03 19:07:55 +0000  156 bytes for ./www/pdfjs-annotation-viewer/web/cmaps/UniCNS-UTF16-V.bcmap
2026-04-03 19:07:55 +0000  copying file ./www/pdfjs-annotation-viewer/web/cmaps/UniGB-UTF16-H.bcmap ... 
2026-04-03 19:07:55 +0000  44086 bytes for ./www/pdfjs-annotation-viewer/web/cmaps/UniGB-UTF16-H.bcmap
2026-04-03 19:07:55 +0000  copying file ./www/pdfjs-annotation-viewer/web/cmaps/Hankaku.bcmap ... 
2026-04-03 19:07:55 +0000  132 bytes for ./www/pdfjs-annotation-viewer/web/cmaps/Hankaku.bcmap
2026-04-03 19:07:55 +0000  copying file ./www/pdfjs-annotation-viewer/web/cmaps/90ms-RKSJ-V.bcmap ... 
2026-04-03 19:07:55 +0000  290 bytes for ./www/pdfjs-annotation-viewer/web/cmaps/90ms-RKSJ-V.bcmap
2026-04-03 19:07:55 +0000  copying file ./www/pdfjs-annotation-viewer/web/cmaps/EUC-V.bcmap ... 
2026-04-03 19:07:55 +0000  170 bytes for ./www/pdfjs-annotation-viewer/web/cmaps/EUC-V.bcmap
2026-04-03 19:07:55 +0000  copying file ./www/pdfjs-annotation-viewer/web/cmaps/UniJIS2004-UTF16-H.bcmap ... 
2026-04-03 19:07:55 +0000  39534 bytes for ./www/pdfjs-annotation-viewer/web/cmaps/UniJIS2004-UTF16-H.bcmap
2026-04-03 19:07:55 +0000  copying file ./www/pdfjs-annotation-viewer/web/cmaps/UniJIS2004-UTF8-H.bcmap ... 
2026-04-03 19:07:55 +0000  41779 bytes for ./www/pdfjs-annotation-viewer/web/cmaps/UniJIS2004-UTF8-H.bcmap
2026-04-03 19:07:55 +0000  copying file ./www/pdfjs-annotation-viewer/web/cmaps/GBTpc-EUC-V.bcmap ... 
2026-04-03 19:07:55 +0000  182 bytes for ./www/pdfjs-annotation-viewer/web/cmaps/GBTpc-EUC-V.bcmap
2026-04-03 19:07:55 +0000  copying file ./www/pdfjs-annotation-viewer/web/cmaps/UniCNS-UTF32-H.bcmap ... 
2026-04-03 19:07:55 +0000  52679 bytes for ./www/pdfjs-annotation-viewer/web/cmaps/UniCNS-UTF32-H.bcmap
2026-04-03 19:07:55 +0000  copying file ./www/pdfjs-annotation-viewer/web/cmaps/UniGB-UTF32-V.bcmap ... 
2026-04-03 19:07:55 +0000  182 bytes for ./www/pdfjs-annotation-viewer/web/cmaps/UniGB-UTF32-V.bcmap
2026-04-03 19:07:55 +0000  copying file ./www/pdfjs-annotation-viewer/web/cmaps/GBT-H.bcmap ... 
2026-04-03 19:07:55 +0000  7269 bytes for ./www/pdfjs-annotation-viewer/web/cmaps/GBT-H.bcmap
2026-04-03 19:07:55 +0000  copying file ./www/pdfjs-annotation-viewer/web/cmaps/78-RKSJ-H.bcmap ... 
2026-04-03 19:07:55 +0000  2398 bytes for ./www/pdfjs-annotation-viewer/web/cmaps/78-RKSJ-H.bcmap
2026-04-03 19:07:55 +0000  copying file ./www/pdfjs-annotation-viewer/web/cmaps/78ms-RKSJ-H.bcmap ... 
2026-04-03 19:07:55 +0000  2651 bytes for ./www/pdfjs-annotation-viewer/web/cmaps/78ms-RKSJ-H.bcmap
2026-04-03 19:07:55 +0000  copying file ./www/pdfjs-annotation-viewer/web/cmaps/HKdlb-B5-H.bcmap ... 
2026-04-03 19:07:55 +0000  2414 bytes for ./www/pdfjs-annotation-viewer/web/cmaps/HKdlb-B5-H.bcmap
2026-04-03 19:07:55 +0000  copying file ./www/pdfjs-annotation-viewer/web/cmaps/83pv-RKSJ-H.bcmap ... 
2026-04-03 19:07:55 +0000  905 bytes for ./www/pdfjs-annotation-viewer/web/cmaps/83pv-RKSJ-H.bcmap
2026-04-03 19:07:55 +0000  copying file ./www/pdfjs-annotation-viewer/web/cmaps/GBT-EUC-H.bcmap ... 
2026-04-03 19:07:55 +0000  7290 bytes for ./www/pdfjs-annotation-viewer/web/cmaps/GBT-EUC-H.bcmap
2026-04-03 19:07:55 +0000  copying file ./www/pdfjs-annotation-viewer/web/cmaps/UniJIS2004-UTF32-V.bcmap ... 
2026-04-03 19:07:55 +0000  681 bytes for ./www/pdfjs-annotation-viewer/web/cmaps/UniJIS2004-UTF32-V.bcmap
2026-04-03 19:07:55 +0000  copying file ./www/pdfjs-annotation-viewer/web/cmaps/GBpc-EUC-V.bcmap ... 
2026-04-03 19:07:55 +0000  181 bytes for ./www/pdfjs-annotation-viewer/web/cmaps/GBpc-EUC-V.bcmap
2026-04-03 19:07:55 +0000  copying file ./www/pdfjs-annotation-viewer/web/cmaps/Adobe-Korea1-1.bcmap ... 
2026-04-03 19:07:55 +0000  386 bytes for ./www/pdfjs-annotation-viewer/web/cmaps/Adobe-Korea1-1.bcmap
2026-04-03 19:07:55 +0000  copying file ./www/pdfjs-annotation-viewer/web/cmaps/ETen-B5-H.bcmap ... 
2026-04-03 19:07:55 +0000  1125 bytes for ./www/pdfjs-annotation-viewer/web/cmaps/ETen-B5-H.bcmap
2026-04-03 19:07:55 +0000  copying file ./www/pdfjs-annotation-viewer/web/cmaps/KSCms-UHC-HW-H.bcmap ... 
2026-04-03 19:07:55 +0000  2789 bytes for ./www/pdfjs-annotation-viewer/web/cmaps/KSCms-UHC-HW-H.bcmap
2026-04-03 19:07:55 +0000  copying file ./www/pdfjs-annotation-viewer/web/cmaps/CNS1-V.bcmap ... 
2026-04-03 19:07:55 +0000  143 bytes for ./www/pdfjs-annotation-viewer/web/cmaps/CNS1-V.bcmap
2026-04-03 19:07:55 +0000  copying file ./www/pdfjs-annotation-viewer/web/cmaps/GBK-EUC-H.bcmap ... 
2026-04-03 19:07:55 +0000  14692 bytes for ./www/pdfjs-annotation-viewer/web/cmaps/GBK-EUC-H.bcmap
2026-04-03 19:07:55 +0000  copying file ./www/pdfjs-annotation-viewer/web/cmaps/Ext-V.bcmap ... 
2026-04-03 19:07:55 +0000  215 bytes for ./www/pdfjs-annotation-viewer/web/cmaps/Ext-V.bcmap
2026-04-03 19:07:55 +0000  copying file ./www/pdfjs-annotation-viewer/web/cmaps/Adobe-GB1-3.bcmap ... 
2026-04-03 19:07:55 +0000  470 bytes for ./www/pdfjs-annotation-viewer/web/cmaps/Adobe-GB1-3.bcmap
2026-04-03 19:07:55 +0000  copying file ./www/pdfjs-annotation-viewer/web/cmaps/UniJIS-UCS2-H.bcmap ... 
2026-04-03 19:07:55 +0000  25439 bytes for ./www/pdfjs-annotation-viewer/web/cmaps/UniJIS-UCS2-H.bcmap
2026-04-03 19:07:55 +0000  copying file ./www/pdfjs-annotation-viewer/web/cmaps/CNS2-H.bcmap ... 
2026-04-03 19:07:55 +0000  504 bytes for ./www/pdfjs-annotation-viewer/web/cmaps/CNS2-H.bcmap
2026-04-03 19:07:55 +0000  copying file ./www/pdfjs-annotation-viewer/web/cmaps/UniKS-UTF16-V.bcmap ... 
2026-04-03 19:07:55 +0000  164 bytes for ./www/pdfjs-annotation-viewer/web/cmaps/UniKS-UTF16-V.bcmap
2026-04-03 19:07:55 +0000  copying file ./www/pdfjs-annotation-viewer/web/cmaps/NWP-V.bcmap ... 
2026-04-03 19:07:55 +0000  252 bytes for ./www/pdfjs-annotation-viewer/web/cmaps/NWP-V.bcmap
copying file ./www/pdfjs-annotation-viewer/web/cmaps/KSCms-UHC-V.bcmap ... 
2026-04-03 19:07:55 +0000  166 bytes for ./www/pdfjs-annotation-viewer/web/cmaps/KSCms-UHC-V.bcmap
2026-04-03 19:07:55 +0000  copying file ./www/pdfjs-annotation-viewer/web/cmaps/GB-V.bcmap ... 
2026-04-03 19:07:55 +0000  175 bytes for ./www/pdfjs-annotation-viewer/web/cmaps/GB-V.bcmap
2026-04-03 19:07:55 +0000  copying file ./www/pdfjs-annotation-viewer/web/cmaps/UniJIS-UTF32-V.bcmap ... 
2026-04-03 19:07:55 +0000  677 bytes for ./www/pdfjs-annotation-viewer/web/cmaps/UniJIS-UTF32-V.bcmap
2026-04-03 19:07:55 +0000  copying file ./www/pdfjs-annotation-viewer/web/cmaps/UniJIS-UCS2-HW-H.bcmap ... 
2026-04-03 19:07:55 +0000  119 bytes for ./www/pdfjs-annotation-viewer/web/cmaps/UniJIS-UCS2-HW-H.bcmap
copying file ./www/pdfjs-annotation-viewer/web/cmaps/UniCNS-UCS2-H.bcmap ... 
2026-04-03 19:07:55 +0000  48280 bytes for ./www/pdfjs-annotation-viewer/web/cmaps/UniCNS-UCS2-H.bcmap
2026-04-03 19:07:55 +0000  copying file ./www/pdfjs-annotation-viewer/web/cmaps/UniJISX02132004-UTF32-H.bcmap ... 
2026-04-03 19:07:55 +0000  40608 bytes for ./www/pdfjs-annotation-viewer/web/cmaps/UniJISX02132004-UTF32-H.bcmap
2026-04-03 19:07:55 +0000  copying file ./www/pdfjs-annotation-viewer/web/cmaps/UniGB-UTF8-H.bcmap ... 
2026-04-03 19:07:55 +0000  46837 bytes for ./www/pdfjs-annotation-viewer/web/cmaps/UniGB-UTF8-H.bcmap
2026-04-03 19:07:55 +0000  copying file ./www/pdfjs-annotation-viewer/web/cmaps/GB-EUC-V.bcmap ... 
2026-04-03 19:07:55 +0000  179 bytes for ./www/pdfjs-annotation-viewer/web/cmaps/GB-EUC-V.bcmap
2026-04-03 19:07:55 +0000  copying file ./www/pdfjs-annotation-viewer/web/cmaps/UniJIS-UTF16-H.bcmap ... 
2026-04-03 19:07:55 +0000  39443 bytes for ./www/pdfjs-annotation-viewer/web/cmaps/UniJIS-UTF16-H.bcmap
2026-04-03 19:07:55 +0000  copying file ./www/pdfjs-annotation-viewer/web/cmaps/Adobe-GB1-5.bcmap ... 
2026-04-03 19:07:55 +0000  625 bytes for ./www/pdfjs-annotation-viewer/web/cmaps/Adobe-GB1-5.bcmap
2026-04-03 19:07:55 +0000  copying file ./www/pdfjs-annotation-viewer/web/cmaps/UniKS-UTF8-H.bcmap ... 
2026-04-03 19:07:55 +0000  27790 bytes for ./www/pdfjs-annotation-viewer/web/cmaps/UniKS-UTF8-H.bcmap
2026-04-03 19:07:55 +0000  copying file ./www/pdfjs-annotation-viewer/web/cmaps/UniKS-UTF32-H.bcmap ... 
2026-04-03 19:07:55 +0000  26451 bytes for ./www/pdfjs-annotation-viewer/web/cmaps/UniKS-UTF32-H.bcmap
2026-04-03 19:07:55 +0000  copying file ./www/pdfjs-annotation-viewer/web/cmaps/90pv-RKSJ-H.bcmap ... 
2026-04-03 19:07:55 +0000  982 bytes for ./www/pdfjs-annotation-viewer/web/cmaps/90pv-RKSJ-H.bcmap
2026-04-03 19:07:55 +0000  copying file ./www/pdfjs-annotation-viewer/web/cmaps/GBK2K-V.bcmap ... 
2026-04-03 19:07:55 +0000  219 bytes for ./www/pdfjs-annotation-viewer/web/cmaps/GBK2K-V.bcmap
2026-04-03 19:07:55 +0000  copying file ./www/pdfjs-annotation-viewer/web/cmaps/Ext-RKSJ-V.bcmap ... 
2026-04-03 19:07:55 +0000  218 bytes for ./www/pdfjs-annotation-viewer/web/cmaps/Ext-RKSJ-V.bcmap
2026-04-03 19:07:55 +0000  copying file ./www/pdfjs-annotation-viewer/web/cmaps/UniCNS-UCS2-V.bcmap ... 
2026-04-03 19:07:55 +0000  156 bytes for ./www/pdfjs-annotation-viewer/web/cmaps/UniCNS-UCS2-V.bcmap
2026-04-03 19:07:55 +0000  copying file ./www/pdfjs-annotation-viewer/web/cmaps/UniJIS-UCS2-HW-V.bcmap ... 
2026-04-03 19:07:55 +0000  680 bytes for ./www/pdfjs-annotation-viewer/web/cmaps/UniJIS-UCS2-HW-V.bcmap
2026-04-03 19:07:55 +0000  copying file ./www/pdfjs-annotation-viewer/web/cmaps/UniJIS-UTF32-H.bcmap ... 
2026-04-03 19:07:55 +0000  40539 bytes for ./www/pdfjs-annotation-viewer/web/cmaps/UniJIS-UTF32-H.bcmap
2026-04-03 19:07:55 +0000  copying file ./www/pdfjs-annotation-viewer/web/cmaps/GB-H.bcmap ... 
2026-04-03 19:07:55 +0000  528 bytes for ./www/pdfjs-annotation-viewer/web/cmaps/GB-H.bcmap
2026-04-03 19:07:55 +0000  copying file ./www/pdfjs-annotation-viewer/web/cmaps/KSCms-UHC-H.bcmap ... 
2026-04-03 19:07:55 +0000  2787 bytes for ./www/pdfjs-annotation-viewer/web/cmaps/KSCms-UHC-H.bcmap
2026-04-03 19:07:55 +0000  copying file ./www/pdfjs-annotation-viewer/web/cmaps/NWP-H.bcmap ... 
2026-04-03 19:07:55 +0000  2765 bytes for ./www/pdfjs-annotation-viewer/web/cmaps/NWP-H.bcmap
2026-04-03 19:07:55 +0000  copying file ./www/pdfjs-annotation-viewer/web/cmaps/UniKS-UTF16-H.bcmap ... 
2026-04-03 19:07:55 +0000  26327 bytes for ./www/pdfjs-annotation-viewer/web/cmaps/UniKS-UTF16-H.bcmap
2026-04-03 19:07:55 +0000  copying file ./www/pdfjs-annotation-viewer/web/cmaps/Adobe-GB1-2.bcmap ... 
2026-04-03 19:07:55 +0000  465 bytes for ./www/pdfjs-annotation-viewer/web/cmaps/Adobe-GB1-2.bcmap
copying file ./www/pdfjs-annotation-viewer/web/cmaps/CNS2-V.bcmap ... 
2026-04-03 19:07:55 +0000  93 bytes for ./www/pdfjs-annotation-viewer/web/cmaps/CNS2-V.bcmap
2026-04-03 19:07:55 +0000  copying file ./www/pdfjs-annotation-viewer/web/cmaps/Hiragana.bcmap ... 
2026-04-03 19:07:55 +0000  124 bytes for ./www/pdfjs-annotation-viewer/web/cmaps/Hiragana.bcmap
2026-04-03 19:07:55 +0000  copying file ./www/pdfjs-annotation-viewer/web/cmaps/UniJIS-UCS2-V.bcmap ... 
2026-04-03 19:07:55 +0000  664 bytes for ./www/pdfjs-annotation-viewer/web/cmaps/UniJIS-UCS2-V.bcmap
2026-04-03 19:07:55 +0000  copying file ./www/pdfjs-annotation-viewer/web/cmaps/Adobe-Korea1-0.bcmap ... 
2026-04-03 19:07:55 +0000  241 bytes for ./www/pdfjs-annotation-viewer/web/cmaps/Adobe-Korea1-0.bcmap
2026-04-03 19:07:55 +0000  copying file ./www/pdfjs-annotation-viewer/web/cmaps/GBK2K-H.bcmap ... 
2026-04-03 19:07:55 +0000  19662 bytes for ./www/pdfjs-annotation-viewer/web/cmaps/GBK2K-H.bcmap
2026-04-03 19:07:55 +0000  copying file ./www/pdfjs-annotation-viewer/web/cmaps/90pv-RKSJ-V.bcmap ... 
2026-04-03 19:07:55 +0000  260 bytes for ./www/pdfjs-annotation-viewer/web/cmaps/90pv-RKSJ-V.bcmap
2026-04-03 19:07:55 +0000  copying file ./www/pdfjs-annotation-viewer/web/cmaps/Ext-RKSJ-H.bcmap ... 
2026-04-03 19:07:55 +0000  2542 bytes for ./www/pdfjs-annotation-viewer/web/cmaps/Ext-RKSJ-H.bcmap
2026-04-03 19:07:55 +0000  copying file ./www/pdfjs-annotation-viewer/web/cmaps/Adobe-Korea1-2.bcmap ... 
2026-04-03 19:07:55 +0000  391 bytes for ./www/pdfjs-annotation-viewer/web/cmaps/Adobe-Korea1-2.bcmap
2026-04-03 19:07:55 +0000  copying file ./www/pdfjs-annotation-viewer/web/cmaps/UniKS-UTF32-V.bcmap ... 
2026-04-03 19:07:55 +0000  168 bytes for ./www/pdfjs-annotation-viewer/web/cmaps/UniKS-UTF32-V.bcmap
2026-04-03 19:07:55 +0000  copying file ./www/pdfjs-annotation-viewer/web/cmaps/UniKS-UTF8-V.bcmap ... 
2026-04-03 19:07:55 +0000  169 bytes for ./www/pdfjs-annotation-viewer/web/cmaps/UniKS-UTF8-V.bcmap
2026-04-03 19:07:55 +0000  copying file ./www/pdfjs-annotation-viewer/web/cmaps/Adobe-GB1-0.bcmap ... 
2026-04-03 19:07:55 +0000  217 bytes for ./www/pdfjs-annotation-viewer/web/cmaps/Adobe-GB1-0.bcmap
2026-04-03 19:07:55 +0000  copying file ./www/pdfjs-annotation-viewer/web/cmaps/UniJIS-UTF16-V.bcmap ... 
2026-04-03 19:07:55 +0000  643 bytes for ./www/pdfjs-annotation-viewer/web/cmaps/UniJIS-UTF16-V.bcmap
2026-04-03 19:07:55 +0000  copying file ./www/pdfjs-annotation-viewer/web/cmaps/UniJISPro-UCS2-V.bcmap ... 
2026-04-03 19:07:55 +0000  689 bytes for ./www/pdfjs-annotation-viewer/web/cmaps/UniJISPro-UCS2-V.bcmap
2026-04-03 19:07:55 +0000  copying file ./www/pdfjs-annotation-viewer/web/cmaps/GB-EUC-H.bcmap ... 
2026-04-03 19:07:55 +0000  549 bytes for ./www/pdfjs-annotation-viewer/web/cmaps/GB-EUC-H.bcmap
2026-04-03 19:07:55 +0000  copying file ./www/pdfjs-annotation-viewer/web/cmaps/UniGB-UTF8-V.bcmap ... 
2026-04-03 19:07:55 +0000  181 bytes for ./www/pdfjs-annotation-viewer/web/cmaps/UniGB-UTF8-V.bcmap
2026-04-03 19:07:55 +0000  copying file ./www/pdfjs-annotation-viewer/web/cmaps/UniJISX02132004-UTF32-V.bcmap ... 
2026-04-03 19:07:55 +0000  688 bytes for ./www/pdfjs-annotation-viewer/web/cmaps/UniJISX02132004-UTF32-V.bcmap
2026-04-03 19:07:55 +0000  copying file ./www/pdfjs-annotation-viewer/web/cmaps/GBTpc-EUC-H.bcmap ... 
2026-04-03 19:07:55 +0000  7298 bytes for ./www/pdfjs-annotation-viewer/web/cmaps/GBTpc-EUC-H.bcmap
2026-04-03 19:07:55 +0000  copying file ./www/pdfjs-annotation-viewer/web/cmaps/Adobe-GB1-UCS2.bcmap ... 
2026-04-03 19:07:55 +0000  33974 bytes for ./www/pdfjs-annotation-viewer/web/cmaps/Adobe-GB1-UCS2.bcmap
2026-04-03 19:07:55 +0000  copying file ./www/pdfjs-annotation-viewer/web/cmaps/UniJIS2004-UTF16-V.bcmap ... 
2026-04-03 19:07:55 +0000  647 bytes for ./www/pdfjs-annotation-viewer/web/cmaps/UniJIS2004-UTF16-V.bcmap
2026-04-03 19:07:55 +0000  copying file ./www/pdfjs-annotation-viewer/web/cmaps/UniJIS2004-UTF8-V.bcmap ... 
2026-04-03 19:07:55 +0000  682 bytes for ./www/pdfjs-annotation-viewer/web/cmaps/UniJIS2004-UTF8-V.bcmap
2026-04-03 19:07:55 +0000  copying file ./www/pdfjs-annotation-viewer/web/cmaps/90ms-RKSJ-H.bcmap ... 
2026-04-03 19:07:55 +0000  721 bytes for ./www/pdfjs-annotation-viewer/web/cmaps/90ms-RKSJ-H.bcmap
2026-04-03 19:07:55 +0000  copying file ./www/pdfjs-annotation-viewer/web/cmaps/EUC-H.bcmap ... 
2026-04-03 19:07:55 +0000  578 bytes for ./www/pdfjs-annotation-viewer/web/cmaps/EUC-H.bcmap
2026-04-03 19:07:55 +0000  copying file ./www/pdfjs-annotation-viewer/web/cmaps/UniGB-UTF16-V.bcmap ... 
2026-04-03 19:07:55 +0000  178 bytes for ./www/pdfjs-annotation-viewer/web/cmaps/UniGB-UTF16-V.bcmap
2026-04-03 19:07:55 +0000  copying file ./www/pdfjs-annotation-viewer/web/cmaps/UniCNS-UTF16-H.bcmap ... 
2026-04-03 19:07:55 +0000  50419 bytes for ./www/pdfjs-annotation-viewer/web/cmaps/UniCNS-UTF16-H.bcmap
2026-04-03 19:07:55 +0000  copying file ./www/pdfjs-annotation-viewer/web/cmaps/B5pc-H.bcmap ... 
2026-04-03 19:07:55 +0000  1099 bytes for ./www/pdfjs-annotation-viewer/web/cmaps/B5pc-H.bcmap
2026-04-03 19:07:55 +0000  copying file ./www/pdfjs-annotation-viewer/web/cmaps/90msp-RKSJ-H.bcmap ... 
2026-04-03 19:07:55 +0000  715 bytes for ./www/pdfjs-annotation-viewer/web/cmaps/90msp-RKSJ-H.bcmap
2026-04-03 19:07:55 +0000  copying file ./www/pdfjs-annotation-viewer/web/cmaps/B5-V.bcmap ... 
2026-04-03 19:07:55 +0000  142 bytes for ./www/pdfjs-annotation-viewer/web/cmaps/B5-V.bcmap
2026-04-03 19:07:55 +0000  copying file ./www/pdfjs-annotation-viewer/web/cmaps/Adobe-GB1-4.bcmap ... 
2026-04-03 19:07:55 +0000  601 bytes for ./www/pdfjs-annotation-viewer/web/cmaps/Adobe-GB1-4.bcmap
2026-04-03 19:07:55 +0000  copying file ./www/pdfjs-annotation-viewer/web/cmaps/Ext-H.bcmap ... 
2026-04-03 19:07:55 +0000  2536 bytes for ./www/pdfjs-annotation-viewer/web/cmaps/Ext-H.bcmap
2026-04-03 19:07:55 +0000  copying file ./www/pdfjs-annotation-viewer/web/cmaps/GBK-EUC-V.bcmap ... 
2026-04-03 19:07:55 +0000  180 bytes for ./www/pdfjs-annotation-viewer/web/cmaps/GBK-EUC-V.bcmap
2026-04-03 19:07:55 +0000  copying file ./www/pdfjs-annotation-viewer/web/cmaps/CNS1-H.bcmap ... 
2026-04-03 19:07:55 +0000  706 bytes for ./www/pdfjs-annotation-viewer/web/cmaps/CNS1-H.bcmap
2026-04-03 19:07:55 +0000  copying file ./www/pdfjs-annotation-viewer/web/cmaps/ETen-B5-V.bcmap ... 
2026-04-03 19:07:55 +0000  158 bytes for ./www/pdfjs-annotation-viewer/web/cmaps/ETen-B5-V.bcmap
2026-04-03 19:07:55 +0000  copying file ./www/pdfjs-annotation-viewer/web/cmaps/KSCms-UHC-HW-V.bcmap ... 
2026-04-03 19:07:55 +0000  169 bytes for ./www/pdfjs-annotation-viewer/web/cmaps/KSCms-UHC-HW-V.bcmap
2026-04-03 19:07:55 +0000  copying file ./www/pdfjs-annotation-viewer/web/cmaps/UniJIS2004-UTF32-H.bcmap ... 
2026-04-03 19:07:55 +0000  40630 bytes for ./www/pdfjs-annotation-viewer/web/cmaps/UniJIS2004-UTF32-H.bcmap
2026-04-03 19:07:55 +0000  copying file ./www/pdfjs-annotation-viewer/web/cmaps/GBpc-EUC-H.bcmap ... 
2026-04-03 19:07:55 +0000  557 bytes for ./www/pdfjs-annotation-viewer/web/cmaps/GBpc-EUC-H.bcmap
2026-04-03 19:07:55 +0000  copying file ./www/pdfjs-annotation-viewer/web/cmaps/GBT-EUC-V.bcmap ... 
2026-04-03 19:07:55 +0000  180 bytes for ./www/pdfjs-annotation-viewer/web/cmaps/GBT-EUC-V.bcmap
2026-04-03 19:07:55 +0000  copying file ./www/pdfjs-annotation-viewer/web/cmaps/HKdlb-B5-V.bcmap ... 
2026-04-03 19:07:55 +0000  148 bytes for ./www/pdfjs-annotation-viewer/web/cmaps/HKdlb-B5-V.bcmap
2026-04-03 19:07:55 +0000  copying file ./www/pdfjs-annotation-viewer/web/cmaps/78ms-RKSJ-V.bcmap ... 
2026-04-03 19:07:55 +0000  290 bytes for ./www/pdfjs-annotation-viewer/web/cmaps/78ms-RKSJ-V.bcmap
2026-04-03 19:07:55 +0000  copying file ./www/pdfjs-annotation-viewer/web/cmaps/78-RKSJ-V.bcmap ... 
2026-04-03 19:07:55 +0000  173 bytes for ./www/pdfjs-annotation-viewer/web/cmaps/78-RKSJ-V.bcmap
2026-04-03 19:07:55 +0000  copying file ./www/pdfjs-annotation-viewer/web/cmaps/GBT-V.bcmap ... 
2026-04-03 19:07:55 +0000  176 bytes for ./www/pdfjs-annotation-viewer/web/cmaps/GBT-V.bcmap
2026-04-03 19:07:55 +0000  copying file ./www/pdfjs-annotation-viewer/web/cmaps/UniGB-UTF32-H.bcmap ... 
2026-04-03 19:07:55 +0000  45738 bytes for ./www/pdfjs-annotation-viewer/web/cmaps/UniGB-UTF32-H.bcmap
2026-04-03 19:07:55 +0000  copying file ./www/pdfjs-annotation-viewer/web/cmaps/UniCNS-UTF32-V.bcmap ... 
2026-04-03 19:07:55 +0000  160 bytes for ./www/pdfjs-annotation-viewer/web/cmaps/UniCNS-UTF32-V.bcmap
2026-04-03 19:07:55 +0000  copying file ./www/pdfjs-annotation-viewer/web/viewer.html ... 
2026-04-03 19:07:55 +0000  35997 bytes for ./www/pdfjs-annotation-viewer/web/viewer.html
copying file ./www/pdfjs-annotation-viewer/web/viewer.mjs.map ... 
2026-04-03 19:07:55 +0000  1219047 bytes for ./www/pdfjs-annotation-viewer/web/viewer.mjs.map
2026-04-03 19:07:55 +0000  copying file ./www/pdfjs-annotation-viewer/web/viewer.css ... 
2026-04-03 19:07:55 +0000  120721 bytes for ./www/pdfjs-annotation-viewer/web/viewer.css
2026-04-03 19:07:55 +0000  copying file ./www/pdfjs-annotation-viewer/pdfjs-annotation-extension-testdata.json ... 
2026-04-03 19:07:55 +0000  58945 bytes for ./www/pdfjs-annotation-viewer/pdfjs-annotation-extension-testdata.json
2026-04-03 19:07:55 +0000  copying file ./www/pdfjs-annotation-viewer/build/pdf.worker.mjs.map ... 
2026-04-03 19:07:55 +0000  5179675 bytes for ./www/pdfjs-annotation-viewer/build/pdf.worker.mjs.map
2026-04-03 19:07:55 +0000  copying file ./www/pdfjs-annotation-viewer/build/pdf.js ... 
2026-04-03 19:07:55 +0000  602305 bytes for ./www/pdfjs-annotation-viewer/build/pdf.js
2026-04-03 19:07:55 +0000  copying file ./www/pdfjs-annotation-viewer/build/pdf.sandbox.js ... 
2026-04-03 19:07:55 +0000  725436 bytes for ./www/pdfjs-annotation-viewer/build/pdf.sandbox.js
2026-04-03 19:07:55 +0000  copying file ./www/pdfjs-annotation-viewer/build/pdf.worker.js ... 
2026-04-03 19:07:55 +0000  2163376 bytes for ./www/pdfjs-annotation-viewer/build/pdf.worker.js
2026-04-03 19:07:55 +0000  copying file ./www/pdfjs-annotation-viewer/build/pdf.mjs.map ... 
2026-04-03 19:07:55 +0000  1608100 bytes for ./www/pdfjs-annotation-viewer/build/pdf.mjs.map
2026-04-03 19:07:55 +0000  copying file ./www/pdfjs-annotation-viewer/build/pdf.sandbox.mjs.map ... 
2026-04-03 19:07:55 +0000  646048 bytes for ./www/pdfjs-annotation-viewer/build/pdf.sandbox.mjs.map
2026-04-03 19:07:55 +0000  copying file ./www/404.html ... 
2026-04-03 19:07:55 +0000  7651 bytes for ./www/404.html
2026-04-03 19:07:55 +0000  copying file ./www/libreoffice-wasm/soffice.wasm.gz ... 
2026-04-03 19:07:55 +0000  48763638 bytes for ./www/libreoffice-wasm/soffice.wasm.gz
2026-04-03 19:07:55 +0000  copying file ./www/libreoffice-wasm/soffice.data.gz ... 
2026-04-03 19:07:55 +0000  28604373 bytes for ./www/libreoffice-wasm/soffice.data.gz
copying file ./www/libreoffice-wasm/browser.worker.global.js ... 
2026-04-03 19:07:55 +0000  123296 bytes for ./www/libreoffice-wasm/browser.worker.global.js
2026-04-03 19:07:55 +0000  copying file ./www/libreoffice-wasm/soffice.worker.js ... 
2026-04-03 19:07:55 +0000  3221 bytes for ./www/libreoffice-wasm/soffice.worker.js
2026-04-03 19:07:55 +0000  copying file ./www/libreoffice-wasm/soffice.js ... 
2026-04-03 19:07:55 +0000  444077 bytes for ./www/libreoffice-wasm/soffice.js
2026-04-03 19:07:55 +0000  copying file ./www/pymupdf-wasm/fonttools-4.56.0-py3-none-any.whl ... 
2026-04-03 19:07:55 +0000  1089800 bytes for ./www/pymupdf-wasm/fonttools-4.56.0-py3-none-any.whl
2026-04-03 19:07:55 +0000  copying file ./www/pymupdf-wasm/pytz-2025.1-py2.py3-none-any.whl ... 
2026-04-03 19:07:55 +0000  507930 bytes for ./www/pymupdf-wasm/pytz-2025.1-py2.py3-none-any.whl
2026-04-03 19:07:55 +0000  copying file ./www/pymupdf-wasm/pyodide.asm.js ... 
2026-04-03 19:07:55 +0000  1112605 bytes for ./www/pymupdf-wasm/pyodide.asm.js
2026-04-03 19:07:55 +0000  copying file ./www/pymupdf-wasm/et_xmlfile-2.0.0-py3-none-any.whl ... 
2026-04-03 19:07:55 +0000  18059 bytes for ./www/pymupdf-wasm/et_xmlfile-2.0.0-py3-none-any.whl
2026-04-03 19:07:55 +0000  copying file ./www/pymupdf-wasm/pdf2docx-0.5.8-py3-none-any.whl ... 
2026-04-03 19:07:55 +0000  132015 bytes for ./www/pymupdf-wasm/pdf2docx-0.5.8-py3-none-any.whl
2026-04-03 19:07:55 +0000  copying file ./www/pymupdf-wasm/python_dateutil-2.9.0.post0-py2.py3-none-any.whl ... 
2026-04-03 19:07:55 +0000  229892 bytes for ./www/pymupdf-wasm/python_dateutil-2.9.0.post0-py2.py3-none-any.whl
2026-04-03 19:07:55 +0000  copying file ./www/pymupdf-wasm/opencv_python-4.11.0.86-cp313-cp313-pyodide_2025_0_wasm32.whl ... 
2026-04-03 19:07:55 +0000  11775802 bytes for ./www/pymupdf-wasm/opencv_python-4.11.0.86-cp313-cp313-pyodide_2025_0_wasm32.whl
2026-04-03 19:07:55 +0000  copying file ./www/pymupdf-wasm/pyodide-lock.json ... 
2026-04-03 19:07:55 +0000  105248 bytes for ./www/pymupdf-wasm/pyodide-lock.json
2026-04-03 19:07:55 +0000  copying file ./www/pymupdf-wasm/pymupdf4llm-0.0.27-py3-none-any.whl ... 
2026-04-03 19:07:55 +0000  30055 bytes for ./www/pymupdf-wasm/pymupdf4llm-0.0.27-py3-none-any.whl
2026-04-03 19:07:55 +0000  copying file ./www/pymupdf-wasm/pandas-2.2.3-cp313-cp313-pyodide_2025_0_wasm32.whl ... 
2026-04-03 19:07:55 +0000  5639857 bytes for ./www/pymupdf-wasm/pandas-2.2.3-cp313-cp313-pyodide_2025_0_wasm32.whl
2026-04-03 19:07:55 +0000  copying file ./www/pymupdf-wasm/pillow-11.2.1-cp313-cp313-pyodide_2025_0_wasm32.whl ... 
2026-04-03 19:07:55 +0000  1062508 bytes for ./www/pymupdf-wasm/pillow-11.2.1-cp313-cp313-pyodide_2025_0_wasm32.whl
2026-04-03 19:07:55 +0000  copying file ./www/pymupdf-wasm/pyodide.asm.wasm ... 
2026-04-03 19:07:55 +0000  8632745 bytes for ./www/pymupdf-wasm/pyodide.asm.wasm
2026-04-03 19:07:55 +0000  copying file ./www/pymupdf-wasm/pymupdf-1.26.3-cp313-none-pyodide_2025_0_wasm32.whl ... 
2026-04-03 19:07:55 +0000  17238377 bytes for ./www/pymupdf-wasm/pymupdf-1.26.3-cp313-none-pyodide_2025_0_wasm32.whl
2026-04-03 19:07:55 +0000  copying file ./www/pymupdf-wasm/six-1.17.0-py2.py3-none-any.whl ... 
2026-04-03 19:07:55 +0000  11050 bytes for ./www/pymupdf-wasm/six-1.17.0-py2.py3-none-any.whl
2026-04-03 19:07:55 +0000  copying file ./www/pymupdf-wasm/python_stdlib.zip ... 
2026-04-03 19:07:55 +0000  2415942 bytes for ./www/pymupdf-wasm/python_stdlib.zip
2026-04-03 19:07:55 +0000  copying file ./www/pymupdf-wasm/pyodide.js ... 
2026-04-03 19:07:55 +0000  14682 bytes for ./www/pymupdf-wasm/pyodide.js
2026-04-03 19:07:55 +0000  copying file ./www/pymupdf-wasm/numpy-2.2.5-cp313-cp313-pyodide_2025_0_wasm32.whl ... 
2026-04-03 19:07:55 +0000  11712032 bytes for ./www/pymupdf-wasm/numpy-2.2.5-cp313-cp313-pyodide_2025_0_wasm32.whl
2026-04-03 19:07:55 +0000  copying file ./www/pymupdf-wasm/pymupdf.js ... 
2026-04-03 19:07:55 +0000  71485 bytes for ./www/pymupdf-wasm/pymupdf.js
2026-04-03 19:07:55 +0000  copying file ./www/pymupdf-wasm/python_docx-1.2.0-py3-none-any.whl ... 
2026-04-03 19:07:55 +0000  252987 bytes for ./www/pymupdf-wasm/python_docx-1.2.0-py3-none-any.whl
2026-04-03 19:07:55 +0000  copying file ./www/pymupdf-wasm/python_pptx-1.0.2-py3-none-any.whl ... 
2026-04-03 19:07:55 +0000  472788 bytes for ./www/pymupdf-wasm/python_pptx-1.0.2-py3-none-any.whl
2026-04-03 19:07:55 +0000  copying file ./www/pymupdf-wasm/packaging-24.1-py3-none-any.whl ... 
2026-04-03 19:07:55 +0000  53985 bytes for ./www/pymupdf-wasm/packaging-24.1-py3-none-any.whl
2026-04-03 19:07:55 +0000  copying file ./www/pymupdf-wasm/typing_extensions-4.12.2-py3-none-any.whl ... 
2026-04-03 19:07:55 +0000  37438 bytes for ./www/pymupdf-wasm/typing_extensions-4.12.2-py3-none-any.whl
2026-04-03 19:07:55 +0000  copying file ./www/pymupdf-wasm/openpyxl-3.1.5-py2.py3-none-any.whl ... 
2026-04-03 19:07:55 +0000  250910 bytes for ./www/pymupdf-wasm/openpyxl-3.1.5-py2.py3-none-any.whl
2026-04-03 19:07:55 +0000  copying file ./www/pymupdf-wasm/pymupdf-lite.js ... 
2026-04-03 19:07:55 +0000  71462 bytes for ./www/pymupdf-wasm/pymupdf-lite.js
2026-04-03 19:07:55 +0000  copying file ./www/pymupdf-wasm/lxml-5.4.0-cp313-cp313-pyodide_2025_0_wasm32.whl ... 
2026-04-03 19:07:55 +0000  1692344 bytes for ./www/pymupdf-wasm/lxml-5.4.0-cp313-cp313-pyodide_2025_0_wasm32.whl
2026-04-03 19:07:55 +0000  copying file ./www/workers/mobi-to-pdf.worker.js ... 
2026-04-03 19:07:55 +0000  7533 bytes for ./www/workers/mobi-to-pdf.worker.js
2026-04-03 19:07:55 +0000  copying file ./www/workers/compress.worker.js ... 
2026-04-03 19:07:55 +0000  4006 bytes for ./www/workers/compress.worker.js
copying file ./www/workers/xps-to-pdf.worker.js ... 
2026-04-03 19:07:55 +0000  3119 bytes for ./www/workers/xps-to-pdf.worker.js
2026-04-03 19:07:55 +0000  copying file ./www/workers/extract-images.worker.js ... 
2026-04-03 19:07:55 +0000  5344 bytes for ./www/workers/extract-images.worker.js
2026-04-03 19:07:55 +0000  copying file ./www/workers/extract-attachments.worker.js ... 
2026-04-03 19:07:55 +0000  3377 bytes for ./www/workers/extract-attachments.worker.js
2026-04-03 19:07:55 +0000  copying file ./www/workers/table-of-contents-v2.worker.js ... 
2026-04-03 19:07:55 +0000  9670 bytes for ./www/workers/table-of-contents-v2.worker.js
2026-04-03 19:07:55 +0000  copying file ./www/workers/edit-attachments.worker.js ... 
2026-04-03 19:07:55 +0000  4541 bytes for ./www/workers/edit-attachments.worker.js
2026-04-03 19:07:55 +0000  copying file ./www/workers/pdf.worker.min.mjs ... 
2026-04-03 19:07:55 +0000  1369805 bytes for ./www/workers/pdf.worker.min.mjs
2026-04-03 19:07:55 +0000  copying file ./www/workers/word-to-pdf.worker.js ... 
2026-04-03 19:07:55 +0000  23592 bytes for ./www/workers/word-to-pdf.worker.js
2026-04-03 19:07:55 +0000  copying file ./www/workers/pdf-to-docx.worker.js ... 
2026-04-03 19:07:55 +0000  6202 bytes for ./www/workers/pdf-to-docx.worker.js
2026-04-03 19:07:55 +0000  copying file ./www/workers/linearize.worker.js ... 
2026-04-03 19:07:55 +0000  3613 bytes for ./www/workers/linearize.worker.js
2026-04-03 19:07:55 +0000  copying file ./www/workers/pdf.worker.legacy.min.js ... 
2026-04-03 19:07:55 +0000  1066087 bytes for ./www/workers/pdf.worker.legacy.min.js
2026-04-03 19:07:55 +0000  copying file ./www/workers/excel-to-pdf.worker.js ... 
2026-04-03 19:07:55 +0000  9854 bytes for ./www/workers/excel-to-pdf.worker.js
2026-04-03 19:07:55 +0000  copying file ./www/workers/fb2-to-pdf.worker.js ... 
2026-04-03 19:07:55 +0000  4239 bytes for ./www/workers/fb2-to-pdf.worker.js
2026-04-03 19:07:55 +0000  copying file ./www/workers/pptx-to-pdf.worker.js ... 
2026-04-03 19:07:55 +0000  20195 bytes for ./www/workers/pptx-to-pdf.worker.js
2026-04-03 19:07:55 +0000  copying file ./www/workers/pdf-to-pptx.worker.js ... 
2026-04-03 19:07:55 +0000  5624 bytes for ./www/workers/pdf-to-pptx.worker.js
2026-04-03 19:07:55 +0000  copying file ./www/workers/add-attachments.worker.js ... 
2026-04-03 19:07:55 +0000  4153 bytes for ./www/workers/add-attachments.worker.js
2026-04-03 19:07:55 +0000  copying file ./www/workers/table-of-contents.worker.js ... 
2026-04-03 19:07:55 +0000  8329 bytes for ./www/workers/table-of-contents.worker.js
2026-04-03 19:07:55 +0000  copying file ./www/workers/rtf-to-pdf.worker.js ... 
2026-04-03 19:07:55 +0000  8445 bytes for ./www/workers/rtf-to-pdf.worker.js
2026-04-03 19:07:55 +0000  copying file ./www/workers/pdf-to-excel.worker.js ... 
2026-04-03 19:07:55 +0000  4473 bytes for ./www/workers/pdf-to-excel.worker.js
2026-04-03 19:07:55 +0000  copying file ./www/workers/epub-to-pdf.worker.js ... 
2026-04-03 19:07:55 +0000  8841 bytes for ./www/workers/epub-to-pdf.worker.js
2026-04-03 19:07:55 +0000  copying file ./www/robots.txt ... 
2026-04-03 19:07:55 +0000  131 bytes for ./www/robots.txt
2026-04-03 19:07:55 +0000  copying file ./www/en/contact/index.html ... 
2026-04-03 19:07:55 +0000  136716 bytes for ./www/en/contact/index.html
2026-04-03 19:07:55 +0000  copying file ./www/en/contact/index.txt ... 
2026-04-03 19:07:55 +0000  93536 bytes for ./www/en/contact/index.txt
2026-04-03 19:07:55 +0000  copying file ./www/en/tools/repair-pdf/index.html ... 
2026-04-03 19:07:55 +0000  162330 bytes for ./www/en/tools/repair-pdf/index.html
2026-04-03 19:07:55 +0000  copying file ./www/en/tools/repair-pdf/index.txt ... 
2026-04-03 19:07:55 +0000  101447 bytes for ./www/en/tools/repair-pdf/index.txt
2026-04-03 19:07:55 +0000  copying file ./www/en/tools/email-to-pdf/index.html ... 
2026-04-03 19:07:55 +0000  165147 bytes for ./www/en/tools/email-to-pdf/index.html
2026-04-03 19:07:55 +0000  copying file ./www/en/tools/email-to-pdf/index.txt ... 
2026-04-03 19:07:55 +0000  103330 bytes for ./www/en/tools/email-to-pdf/index.txt
2026-04-03 19:07:55 +0000  copying file ./www/en/tools/pdf-to-markdown/index.html ... 
2026-04-03 19:07:55 +0000  165778 bytes for ./www/en/tools/pdf-to-markdown/index.html
2026-04-03 19:07:55 +0000  copying file ./www/en/tools/pdf-to-markdown/index.txt ... 
2026-04-03 19:07:55 +0000  102638 bytes for ./www/en/tools/pdf-to-markdown/index.txt
2026-04-03 19:07:55 +0000  copying file ./www/en/tools/add-attachments/index.html ... 
2026-04-03 19:07:55 +0000  166412 bytes for ./www/en/tools/add-attachments/index.html
2026-04-03 19:07:55 +0000  copying file ./www/en/tools/add-attachments/index.txt ... 
2026-04-03 19:07:55 +0000  101744 bytes for ./www/en/tools/add-attachments/index.txt
2026-04-03 19:07:55 +0000  copying file ./www/en/tools/invert-colors/index.html ... 
2026-04-03 19:07:55 +0000  163998 bytes for ./www/en/tools/invert-colors/index.html
2026-04-03 19:07:55 +0000  copying file ./www/en/tools/invert-colors/index.txt ... 
2026-04-03 19:07:55 +0000  102118 bytes for ./www/en/tools/invert-colors/index.txt
2026-04-03 19:07:55 +0000  copying file ./www/en/tools/linearize-pdf/index.html ... 
2026-04-03 19:07:55 +0000  163258 bytes for ./www/en/tools/linearize-pdf/index.html
2026-04-03 19:07:55 +0000  copying file ./www/en/tools/linearize-pdf/index.txt ... 
2026-04-03 19:07:55 +0000  101575 bytes for ./www/en/tools/linearize-pdf/index.txt
2026-04-03 19:07:55 +0000  copying file ./www/en/tools/pdf-to-tiff/index.html ... 
2026-04-03 19:07:55 +0000  163632 bytes for ./www/en/tools/pdf-to-tiff/index.html
2026-04-03 19:07:55 +0000  copying file ./www/en/tools/pdf-to-tiff/index.txt ... 
2026-04-03 19:07:55 +0000  101769 bytes for ./www/en/tools/pdf-to-tiff/index.txt
2026-04-03 19:07:55 +0000  copying file ./www/en/tools/extract-attachments/index.html ... 
2026-04-03 19:07:55 +0000  164081 bytes for ./www/en/tools/extract-attachments/index.html
2026-04-03 19:07:55 +0000  copying file ./www/en/tools/extract-attachments/index.txt ... 
2026-04-03 19:07:55 +0000  102021 bytes for ./www/en/tools/extract-attachments/index.txt
2026-04-03 19:07:55 +0000  copying file ./www/en/tools/pdf-to-docx/index.html ... 
2026-04-03 19:07:55 +0000  164216 bytes for ./www/en/tools/pdf-to-docx/index.html
copying file ./www/en/tools/pdf-to-docx/index.txt ... 
2026-04-03 19:07:55 +0000  101828 bytes for ./www/en/tools/pdf-to-docx/index.txt
2026-04-03 19:07:55 +0000  copying file ./www/en/tools/remove-annotations/index.html ... 
2026-04-03 19:07:55 +0000  164128 bytes for ./www/en/tools/remove-annotations/index.html
2026-04-03 19:07:55 +0000  copying file ./www/en/tools/remove-annotations/index.txt ... 
2026-04-03 19:07:55 +0000  102444 bytes for ./www/en/tools/remove-annotations/index.txt
2026-04-03 19:07:55 +0000  copying file ./www/en/tools/pdf-reader/index.html ... 
2026-04-03 19:07:55 +0000  162104 bytes for ./www/en/tools/pdf-reader/index.html
2026-04-03 19:07:55 +0000  copying file ./www/en/tools/pdf-reader/index.txt ... 
2026-04-03 19:07:55 +0000  102348 bytes for ./www/en/tools/pdf-reader/index.txt
2026-04-03 19:07:55 +0000  copying file ./www/en/tools/split-pdf/index.html ... 
2026-04-03 19:07:55 +0000  165868 bytes for ./www/en/tools/split-pdf/index.html
2026-04-03 19:07:55 +0000  copying file ./www/en/tools/split-pdf/index.txt ... 
2026-04-03 19:07:55 +0000  102832 bytes for ./www/en/tools/split-pdf/index.txt
2026-04-03 19:07:55 +0000  copying file ./www/en/tools/combine-single-page/index.html ... 
2026-04-03 19:07:55 +0000  163603 bytes for ./www/en/tools/combine-single-page/index.html
2026-04-03 19:07:55 +0000  copying file ./www/en/tools/combine-single-page/index.txt ... 
2026-04-03 19:07:55 +0000  102072 bytes for ./www/en/tools/combine-single-page/index.txt
2026-04-03 19:07:55 +0000  copying file ./www/en/tools/index.html ... 
2026-04-03 19:07:55 +0000  125964 bytes for ./www/en/tools/index.html
2026-04-03 19:07:55 +0000  copying file ./www/en/tools/fix-page-size/index.html ... 
2026-04-03 19:07:55 +0000  163340 bytes for ./www/en/tools/fix-page-size/index.html
2026-04-03 19:07:55 +0000  copying file ./www/en/tools/fix-page-size/index.txt ... 
2026-04-03 19:07:55 +0000  101695 bytes for ./www/en/tools/fix-page-size/index.txt
2026-04-03 19:07:55 +0000  copying file ./www/en/tools/bookmark/index.html ... 
2026-04-03 19:07:55 +0000  164178 bytes for ./www/en/tools/bookmark/index.html
2026-04-03 19:07:55 +0000  copying file ./www/en/tools/bookmark/index.txt ... 
2026-04-03 19:07:55 +0000  102408 bytes for ./www/en/tools/bookmark/index.txt
2026-04-03 19:07:55 +0000  copying file ./www/en/tools/flatten-pdf/index.html ... 
2026-04-03 19:07:55 +0000  163264 bytes for ./www/en/tools/flatten-pdf/index.html
2026-04-03 19:07:55 +0000  copying file ./www/en/tools/flatten-pdf/index.txt ... 
2026-04-03 19:07:55 +0000  101614 bytes for ./www/en/tools/flatten-pdf/index.txt
2026-04-03 19:07:55 +0000  copying file ./www/en/tools/digital-sign-pdf/index.html ... 
2026-04-03 19:07:55 +0000  167460 bytes for ./www/en/tools/digital-sign-pdf/index.html
2026-04-03 19:07:55 +0000  copying file ./www/en/tools/digital-sign-pdf/index.txt ... 
2026-04-03 19:07:55 +0000  103306 bytes for ./www/en/tools/digital-sign-pdf/index.txt
2026-04-03 19:07:55 +0000  copying file ./www/en/tools/extract-images/index.html ... 
2026-04-03 19:07:55 +0000  167703 bytes for ./www/en/tools/extract-images/index.html
2026-04-03 19:07:55 +0000  copying file ./www/en/tools/extract-images/index.txt ... 
2026-04-03 19:07:55 +0000  103306 bytes for ./www/en/tools/extract-images/index.txt
2026-04-03 19:07:55 +0000  copying file ./www/en/tools/xps-to-pdf/index.html ... 
2026-04-03 19:07:55 +0000  164918 bytes for ./www/en/tools/xps-to-pdf/index.html
2026-04-03 19:07:55 +0000  copying file ./www/en/tools/xps-to-pdf/index.txt ... 
2026-04-03 19:07:55 +0000  102165 bytes for ./www/en/tools/xps-to-pdf/index.txt
2026-04-03 19:07:55 +0000  copying file ./www/en/tools/edit-metadata/index.html ... 
2026-04-03 19:07:55 +0000  162909 bytes for ./www/en/tools/edit-metadata/index.html
2026-04-03 19:07:55 +0000  copying file ./www/en/tools/edit-metadata/index.txt ... 
2026-04-03 19:07:55 +0000  101772 bytes for ./www/en/tools/edit-metadata/index.txt
2026-04-03 19:07:55 +0000  copying file ./www/en/tools/remove-restrictions/index.html ... 
2026-04-03 19:07:55 +0000  164050 bytes for ./www/en/tools/remove-restrictions/index.html
2026-04-03 19:07:55 +0000  copying file ./www/en/tools/remove-restrictions/index.txt ... 
2026-04-03 19:07:55 +0000  101967 bytes for ./www/en/tools/remove-restrictions/index.txt
2026-04-03 19:07:55 +0000  copying file ./www/en/tools/category/convert-from-pdf/index.html ... 
2026-04-03 19:07:55 +0000  201692 bytes for ./www/en/tools/category/convert-from-pdf/index.html
2026-04-03 19:07:55 +0000  copying file ./www/en/tools/category/convert-from-pdf/index.txt ... 
2026-04-03 19:07:55 +0000  108796 bytes for ./www/en/tools/category/convert-from-pdf/index.txt
2026-04-03 19:07:55 +0000  copying file ./www/en/tools/category/organize-manage/index.html ... 
2026-04-03 19:07:55 +0000  238697 bytes for ./www/en/tools/category/organize-manage/index.html
2026-04-03 19:07:55 +0000  copying file ./www/en/tools/category/organize-manage/index.txt ... 
2026-04-03 19:07:55 +0000  108790 bytes for ./www/en/tools/category/organize-manage/index.txt
2026-04-03 19:07:55 +0000  copying file ./www/en/tools/category/secure-pdf/index.html ... 
2026-04-03 19:07:55 +0000  179132 bytes for ./www/en/tools/category/secure-pdf/index.html
2026-04-03 19:07:55 +0000  copying file ./www/en/tools/category/secure-pdf/index.txt ... 
2026-04-03 19:07:55 +0000  108760 bytes for ./www/en/tools/category/secure-pdf/index.txt
2026-04-03 19:07:55 +0000  copying file ./www/en/tools/category/edit-annotate/index.html ... 
2026-04-03 19:07:55 +0000  208682 bytes for ./www/en/tools/category/edit-annotate/index.html
2026-04-03 19:07:55 +0000  copying file ./www/en/tools/category/edit-annotate/index.txt ... 
2026-04-03 19:07:55 +0000  108778 bytes for ./www/en/tools/category/edit-annotate/index.txt
2026-04-03 19:07:55 +0000  copying file ./www/en/tools/category/convert-to-pdf/index.html ... 
2026-04-03 19:07:55 +0000  231274 bytes for ./www/en/tools/category/convert-to-pdf/index.html
2026-04-03 19:07:55 +0000  copying file ./www/en/tools/category/convert-to-pdf/index.txt ... 
2026-04-03 19:07:55 +0000  108784 bytes for ./www/en/tools/category/convert-to-pdf/index.txt
2026-04-03 19:07:55 +0000  copying file ./www/en/tools/category/optimize-repair/index.html ... 
2026-04-03 19:07:55 +0000  183144 bytes for ./www/en/tools/category/optimize-repair/index.html
2026-04-03 19:07:55 +0000  copying file ./www/en/tools/category/optimize-repair/index.txt ... 
2026-04-03 19:07:55 +0000  108790 bytes for ./www/en/tools/category/optimize-repair/index.txt
2026-04-03 19:07:55 +0000  copying file ./www/en/tools/pdf-to-jpg/index.html ... 
2026-04-03 19:07:55 +0000  163873 bytes for ./www/en/tools/pdf-to-jpg/index.html
2026-04-03 19:07:55 +0000  copying file ./www/en/tools/pdf-to-jpg/index.txt ... 
2026-04-03 19:07:55 +0000  101889 bytes for ./www/en/tools/pdf-to-jpg/index.txt
2026-04-03 19:07:55 +0000  copying file ./www/en/tools/edit-pdf/index.html ... 
2026-04-03 19:07:55 +0000  166343 bytes for ./www/en/tools/edit-pdf/index.html
2026-04-03 19:07:55 +0000  copying file ./www/en/tools/edit-pdf/index.txt ... 
2026-04-03 19:07:55 +0000  102872 bytes for ./www/en/tools/edit-pdf/index.txt
2026-04-03 19:07:55 +0000  copying file ./www/en/tools/pdf-to-png/index.html ... 
2026-04-03 19:07:55 +0000  163644 bytes for ./www/en/tools/pdf-to-png/index.html
2026-04-03 19:07:55 +0000  copying file ./www/en/tools/pdf-to-png/index.txt ... 
2026-04-03 19:07:55 +0000  101782 bytes for ./www/en/tools/pdf-to-png/index.txt
2026-04-03 19:07:55 +0000  copying file ./www/en/tools/reverse-pages/index.html ... 
2026-04-03 19:07:55 +0000  162527 bytes for ./www/en/tools/reverse-pages/index.html
2026-04-03 19:07:55 +0000  copying file ./www/en/tools/reverse-pages/index.txt ... 
2026-04-03 19:07:55 +0000  101651 bytes for ./www/en/tools/reverse-pages/index.txt
2026-04-03 19:07:55 +0000  copying file ./www/en/tools/encrypt-pdf/index.html ... 
2026-04-03 19:07:55 +0000  163460 bytes for ./www/en/tools/encrypt-pdf/index.html
2026-04-03 19:07:55 +0000  copying file ./www/en/tools/encrypt-pdf/index.txt ... 
2026-04-03 19:07:55 +0000  101751 bytes for ./www/en/tools/encrypt-pdf/index.txt
2026-04-03 19:07:55 +0000  copying file ./www/en/tools/json-to-pdf/index.html ... 
2026-04-03 19:07:55 +0000  163734 bytes for ./www/en/tools/json-to-pdf/index.html
2026-04-03 19:07:55 +0000  copying file ./www/en/tools/json-to-pdf/index.txt ... 
2026-04-03 19:07:55 +0000  101782 bytes for ./www/en/tools/json-to-pdf/index.txt
2026-04-03 19:07:55 +0000  copying file ./www/en/tools/header-footer/index.html ... 
2026-04-03 19:07:55 +0000  164058 bytes for ./www/en/tools/header-footer/index.html
2026-04-03 19:07:55 +0000  copying file ./www/en/tools/header-footer/index.txt ... 
2026-04-03 19:07:55 +0000  102355 bytes for ./www/en/tools/header-footer/index.txt
2026-04-03 19:07:55 +0000  copying file ./www/en/tools/pdf-to-svg/index.html ... 
2026-04-03 19:07:55 +0000  169749 bytes for ./www/en/tools/pdf-to-svg/index.html
copying file ./www/en/tools/pdf-to-svg/index.txt ... 
2026-04-03 19:07:55 +0000  103461 bytes for ./www/en/tools/pdf-to-svg/index.txt
2026-04-03 19:07:55 +0000  copying file ./www/en/tools/bmp-to-pdf/index.html ... 
2026-04-03 19:07:55 +0000  163895 bytes for ./www/en/tools/bmp-to-pdf/index.html
copying file ./www/en/tools/bmp-to-pdf/index.txt ... 
2026-04-03 19:07:55 +0000  101796 bytes for ./www/en/tools/bmp-to-pdf/index.txt
2026-04-03 19:07:55 +0000  copying file ./www/en/tools/add-watermark/index.html ... 
2026-04-03 19:07:55 +0000  164138 bytes for ./www/en/tools/add-watermark/index.html
2026-04-03 19:07:55 +0000  copying file ./www/en/tools/add-watermark/index.txt ... 
2026-04-03 19:07:55 +0000  102382 bytes for ./www/en/tools/add-watermark/index.txt
2026-04-03 19:07:55 +0000  copying file ./www/en/tools/pdf-to-pdfa/index.html ... 
2026-04-03 19:07:55 +0000  165266 bytes for ./www/en/tools/pdf-to-pdfa/index.html
2026-04-03 19:07:55 +0000  copying file ./www/en/tools/pdf-to-pdfa/index.txt ... 
2026-04-03 19:07:55 +0000  102416 bytes for ./www/en/tools/pdf-to-pdfa/index.txt
2026-04-03 19:07:55 +0000  copying file ./www/en/tools/word-to-pdf/index.html ... 
2026-04-03 19:07:55 +0000  167457 bytes for ./www/en/tools/word-to-pdf/index.html
2026-04-03 19:07:55 +0000  copying file ./www/en/tools/word-to-pdf/index.txt ... 
2026-04-03 19:07:55 +0000  102361 bytes for ./www/en/tools/word-to-pdf/index.txt
2026-04-03 19:07:55 +0000  copying file ./www/en/tools/rasterize-pdf/index.html ... 
2026-04-03 19:07:55 +0000  164792 bytes for ./www/en/tools/rasterize-pdf/index.html
2026-04-03 19:07:55 +0000  copying file ./www/en/tools/rasterize-pdf/index.txt ... 
2026-04-03 19:07:55 +0000  102233 bytes for ./www/en/tools/rasterize-pdf/index.txt
2026-04-03 19:07:55 +0000  copying file ./www/en/tools/pdf-to-excel/index.html ... 
2026-04-03 19:07:55 +0000  164220 bytes for ./www/en/tools/pdf-to-excel/index.html
2026-04-03 19:07:55 +0000  copying file ./www/en/tools/pdf-to-excel/index.txt ... 
2026-04-03 19:07:55 +0000  101851 bytes for ./www/en/tools/pdf-to-excel/index.txt
2026-04-03 19:07:55 +0000  copying file ./www/en/tools/background-color/index.html ... 
2026-04-03 19:07:55 +0000  164205 bytes for ./www/en/tools/background-color/index.html
2026-04-03 19:07:55 +0000  copying file ./www/en/tools/background-color/index.txt ... 
2026-04-03 19:07:55 +0000  102333 bytes for ./www/en/tools/background-color/index.txt
2026-04-03 19:07:55 +0000  copying file ./www/en/tools/excel-to-pdf/index.html ... 
2026-04-03 19:07:55 +0000  166806 bytes for ./www/en/tools/excel-to-pdf/index.html
2026-04-03 19:07:55 +0000  copying file ./www/en/tools/excel-to-pdf/index.txt ... 
2026-04-03 19:07:55 +0000  102165 bytes for ./www/en/tools/excel-to-pdf/index.txt
2026-04-03 19:07:55 +0000  copying file ./www/en/tools/change-permissions/index.html ... 
2026-04-03 19:07:55 +0000  164020 bytes for ./www/en/tools/change-permissions/index.html
2026-04-03 19:07:55 +0000  copying file ./www/en/tools/change-permissions/index.txt ... 
2026-04-03 19:07:55 +0000  101997 bytes for ./www/en/tools/change-permissions/index.txt
2026-04-03 19:07:55 +0000  copying file ./www/en/tools/remove-metadata/index.html ... 
2026-04-03 19:07:55 +0000  163737 bytes for ./www/en/tools/remove-metadata/index.html
2026-04-03 19:07:55 +0000  copying file ./www/en/tools/remove-metadata/index.txt ... 
2026-04-03 19:07:55 +0000  101795 bytes for ./www/en/tools/remove-metadata/index.txt
2026-04-03 19:07:55 +0000  copying file ./www/en/tools/pdf-to-pptx/index.html ... 
2026-04-03 19:07:55 +0000  165526 bytes for ./www/en/tools/pdf-to-pptx/index.html
2026-04-03 19:07:55 +0000  copying file ./www/en/tools/pdf-to-pptx/index.txt ... 
2026-04-03 19:07:55 +0000  102554 bytes for ./www/en/tools/pdf-to-pptx/index.txt
2026-04-03 19:07:55 +0000  copying file ./www/en/tools/fb2-to-pdf/index.html ... 
2026-04-03 19:07:55 +0000  165589 bytes for ./www/en/tools/fb2-to-pdf/index.html
2026-04-03 19:07:55 +0000  copying file ./www/en/tools/fb2-to-pdf/index.txt ... 
2026-04-03 19:07:55 +0000  102414 bytes for ./www/en/tools/fb2-to-pdf/index.txt
2026-04-03 19:07:55 +0000  copying file ./www/en/tools/ocg-manager/index.html ... 
2026-04-03 19:07:55 +0000  163534 bytes for ./www/en/tools/ocg-manager/index.html
2026-04-03 19:07:55 +0000  copying file ./www/en/tools/ocg-manager/index.txt ... 
2026-04-03 19:07:55 +0000  103150 bytes for ./www/en/tools/ocg-manager/index.txt
2026-04-03 19:07:55 +0000  copying file ./www/en/tools/index.txt ... 
2026-04-03 19:07:55 +0000  108232 bytes for ./www/en/tools/index.txt
2026-04-03 19:07:55 +0000  copying file ./www/en/tools/remove-blank-pages/index.html ... 
2026-04-03 19:07:55 +0000  164075 bytes for ./www/en/tools/remove-blank-pages/index.html
2026-04-03 19:07:55 +0000  copying file ./www/en/tools/remove-blank-pages/index.txt ... 
2026-04-03 19:07:55 +0000  102454 bytes for ./www/en/tools/remove-blank-pages/index.txt
2026-04-03 19:07:55 +0000  copying file ./www/en/tools/rotate-custom/index.html ... 
2026-04-03 19:07:55 +0000  166131 bytes for ./www/en/tools/rotate-custom/index.html
2026-04-03 19:07:55 +0000  copying file ./www/en/tools/rotate-custom/index.txt ... 
2026-04-03 19:07:55 +0000  102920 bytes for ./www/en/tools/rotate-custom/index.txt
2026-04-03 19:07:55 +0000  copying file ./www/en/tools/heic-to-pdf/index.html ... 
2026-04-03 19:07:55 +0000  163937 bytes for ./www/en/tools/heic-to-pdf/index.html
2026-04-03 19:07:55 +0000  copying file ./www/en/tools/heic-to-pdf/index.txt ... 
2026-04-03 19:07:55 +0000  101867 bytes for ./www/en/tools/heic-to-pdf/index.txt
2026-04-03 19:07:55 +0000  copying file ./www/en/tools/rtf-to-pdf/index.html ... 
2026-04-03 19:07:55 +0000  166717 bytes for ./www/en/tools/rtf-to-pdf/index.html
2026-04-03 19:07:55 +0000  copying file ./www/en/tools/rtf-to-pdf/index.txt ... 
2026-04-03 19:07:55 +0000  102118 bytes for ./www/en/tools/rtf-to-pdf/index.txt
2026-04-03 19:07:55 +0000  copying file ./www/en/tools/organize-pdf/index.html ... 
2026-04-03 19:07:55 +0000  164151 bytes for ./www/en/tools/organize-pdf/index.html
2026-04-03 19:07:55 +0000  copying file ./www/en/tools/organize-pdf/index.txt ... 
2026-04-03 19:07:55 +0000  102492 bytes for ./www/en/tools/organize-pdf/index.txt
2026-04-03 19:07:55 +0000  copying file ./www/en/tools/jpg-to-pdf/index.html ... 
2026-04-03 19:07:55 +0000  165082 bytes for ./www/en/tools/jpg-to-pdf/index.html
2026-04-03 19:07:55 +0000  copying file ./www/en/tools/jpg-to-pdf/index.txt ... 
2026-04-03 19:07:55 +0000  102375 bytes for ./www/en/tools/jpg-to-pdf/index.txt
2026-04-03 19:07:55 +0000  copying file ./www/en/tools/font-to-outline/index.html ... 
2026-04-03 19:07:55 +0000  172139 bytes for ./www/en/tools/font-to-outline/index.html
2026-04-03 19:07:55 +0000  copying file ./www/en/tools/font-to-outline/index.txt ... 
2026-04-03 19:07:55 +0000  104884 bytes for ./www/en/tools/font-to-outline/index.txt
2026-04-03 19:07:55 +0000  copying file ./www/en/tools/merge-pdf/index.html ... 
2026-04-03 19:07:55 +0000  165642 bytes for ./www/en/tools/merge-pdf/index.html
2026-04-03 19:07:55 +0000  copying file ./www/en/tools/merge-pdf/index.txt ... 
2026-04-03 19:07:55 +0000  102731 bytes for ./www/en/tools/merge-pdf/index.txt
2026-04-03 19:07:55 +0000  copying file ./www/en/tools/posterize-pdf/index.html ... 
2026-04-03 19:07:55 +0000  163087 bytes for ./www/en/tools/posterize-pdf/index.html
2026-04-03 19:07:55 +0000  copying file ./www/en/tools/posterize-pdf/index.txt ... 
2026-04-03 19:07:55 +0000  101754 bytes for ./www/en/tools/posterize-pdf/index.txt
2026-04-03 19:07:55 +0000  copying file ./www/en/tools/pdf-to-json/index.html ... 
2026-04-03 19:07:55 +0000  163496 bytes for ./www/en/tools/pdf-to-json/index.html
2026-04-03 19:07:55 +0000  copying file ./www/en/tools/pdf-to-json/index.txt ... 
2026-04-03 19:07:55 +0000  101770 bytes for ./www/en/tools/pdf-to-json/index.txt
2026-04-03 19:07:55 +0000  copying file ./www/en/tools/decrypt-pdf/index.html ... 
2026-04-03 19:07:55 +0000  163248 bytes for ./www/en/tools/decrypt-pdf/index.html
2026-04-03 19:07:55 +0000  copying file ./www/en/tools/decrypt-pdf/index.txt ... 
2026-04-03 19:07:55 +0000  101571 bytes for ./www/en/tools/decrypt-pdf/index.txt
2026-04-03 19:07:55 +0000  copying file ./www/en/tools/pdf-to-greyscale/index.html ... 
2026-04-03 19:07:55 +0000  164617 bytes for ./www/en/tools/pdf-to-greyscale/index.html
2026-04-03 19:07:55 +0000  copying file ./www/en/tools/pdf-to-greyscale/index.txt ... 
2026-04-03 19:07:55 +0000  102123 bytes for ./www/en/tools/pdf-to-greyscale/index.txt
2026-04-03 19:07:55 +0000  copying file ./www/en/tools/form-creator/index.html ... 
2026-04-03 19:07:55 +0000  166742 bytes for ./www/en/tools/form-creator/index.html
2026-04-03 19:07:55 +0000  copying file ./www/en/tools/form-creator/index.txt ... 
2026-04-03 19:07:55 +0000  102198 bytes for ./www/en/tools/form-creator/index.txt
2026-04-03 19:07:55 +0000  copying file ./www/en/tools/psd-to-pdf/index.html ... 
2026-04-03 19:07:55 +0000  164932 bytes for ./www/en/tools/psd-to-pdf/index.html
2026-04-03 19:07:55 +0000  copying file ./www/en/tools/psd-to-pdf/index.txt ... 
2026-04-03 19:07:55 +0000  102333 bytes for ./www/en/tools/psd-to-pdf/index.txt
2026-04-03 19:07:55 +0000  copying file ./www/en/tools/ocr-pdf/index.html ... 
2026-04-03 19:07:55 +0000  164582 bytes for ./www/en/tools/ocr-pdf/index.html
2026-04-03 19:07:55 +0000  copying file ./www/en/tools/ocr-pdf/index.txt ... 
2026-04-03 19:07:55 +0000  101908 bytes for ./www/en/tools/ocr-pdf/index.txt
2026-04-03 19:07:55 +0000  copying file ./www/en/tools/extract-pages/index.html ... 
2026-04-03 19:07:55 +0000  164418 bytes for ./www/en/tools/extract-pages/index.html
2026-04-03 19:07:55 +0000  copying file ./www/en/tools/extract-pages/index.txt ... 
2026-04-03 19:07:55 +0000  102581 bytes for ./www/en/tools/extract-pages/index.txt
2026-04-03 19:07:55 +0000  copying file ./www/en/tools/extract-tables/index.html ... 
2026-04-03 19:07:55 +0000  163198 bytes for ./www/en/tools/extract-tables/index.html
2026-04-03 19:07:55 +0000  copying file ./www/en/tools/extract-tables/index.txt ... 
2026-04-03 19:07:55 +0000  102277 bytes for ./www/en/tools/extract-tables/index.txt
2026-04-03 19:07:55 +0000  copying file ./www/en/tools/sign-pdf/index.html ... 
2026-04-03 19:07:55 +0000  166489 bytes for ./www/en/tools/sign-pdf/index.html
2026-04-03 19:07:55 +0000  copying file ./www/en/tools/sign-pdf/index.txt ... 
2026-04-03 19:07:55 +0000  102993 bytes for ./www/en/tools/sign-pdf/index.txt
2026-04-03 19:07:55 +0000  copying file ./www/en/tools/table-of-contents/index.html ... 
2026-04-03 19:07:55 +0000  164229 bytes for ./www/en/tools/table-of-contents/index.html
2026-04-03 19:07:55 +0000  copying file ./www/en/tools/table-of-contents/index.txt ... 
2026-04-03 19:07:55 +0000  102622 bytes for ./www/en/tools/table-of-contents/index.txt
2026-04-03 19:07:55 +0000  copying file ./www/en/tools/pdf-to-webp/index.html ... 
2026-04-03 19:07:55 +0000  163574 bytes for ./www/en/tools/pdf-to-webp/index.html
2026-04-03 19:07:55 +0000  copying file ./www/en/tools/pdf-to-webp/index.txt ... 
2026-04-03 19:07:55 +0000  101750 bytes for ./www/en/tools/pdf-to-webp/index.txt
2026-04-03 19:07:55 +0000  copying file ./www/en/tools/djvu-to-pdf/index.html ... 
2026-04-03 19:07:55 +0000  166007 bytes for ./www/en/tools/djvu-to-pdf/index.html
2026-04-03 19:07:55 +0000  copying file ./www/en/tools/djvu-to-pdf/index.txt ... 
2026-04-03 19:07:55 +0000  102431 bytes for ./www/en/tools/djvu-to-pdf/index.txt
2026-04-03 19:07:55 +0000  copying file ./www/en/tools/find-and-redact/index.html ... 
2026-04-03 19:07:55 +0000  168451 bytes for ./www/en/tools/find-and-redact/index.html
2026-04-03 19:07:55 +0000  copying file ./www/en/tools/find-and-redact/index.txt ... 
2026-04-03 19:07:55 +0000  103820 bytes for ./www/en/tools/find-and-redact/index.txt
2026-04-03 19:07:55 +0000  copying file ./www/en/tools/pdf-booklet/index.html ... 
2026-04-03 19:07:55 +0000  161824 bytes for ./www/en/tools/pdf-booklet/index.html
2026-04-03 19:07:55 +0000  copying file ./www/en/tools/pdf-booklet/index.txt ... 
2026-04-03 19:07:55 +0000  102162 bytes for ./www/en/tools/pdf-booklet/index.txt
2026-04-03 19:07:55 +0000  copying file ./www/en/tools/markdown-to-pdf/index.html ... 
2026-04-03 19:07:55 +0000  168726 bytes for ./www/en/tools/markdown-to-pdf/index.html
2026-04-03 19:07:55 +0000  copying file ./www/en/tools/markdown-to-pdf/index.txt ... 
2026-04-03 19:07:55 +0000  102171 bytes for ./www/en/tools/markdown-to-pdf/index.txt
2026-04-03 19:07:55 +0000  copying file ./www/en/tools/alternate-merge/index.html ... 
2026-04-03 19:07:55 +0000  164280 bytes for ./www/en/tools/alternate-merge/index.html
2026-04-03 19:07:55 +0000  copying file ./www/en/tools/alternate-merge/index.txt ... 
2026-04-03 19:07:55 +0000  102073 bytes for ./www/en/tools/alternate-merge/index.txt
2026-04-03 19:07:55 +0000  copying file ./www/en/tools/pdf-to-bmp/index.html ... 
2026-04-03 19:07:55 +0000  163533 bytes for ./www/en/tools/pdf-to-bmp/index.html
2026-04-03 19:07:55 +0000  copying file ./www/en/tools/pdf-to-bmp/index.txt ... 
2026-04-03 19:07:55 +0000  101754 bytes for ./www/en/tools/pdf-to-bmp/index.txt
2026-04-03 19:07:55 +0000  copying file ./www/en/tools/svg-to-pdf/index.html ... 
2026-04-03 19:07:55 +0000  163860 bytes for ./www/en/tools/svg-to-pdf/index.html
2026-04-03 19:07:55 +0000  copying file ./www/en/tools/svg-to-pdf/index.txt ... 
2026-04-03 19:07:55 +0000  101700 bytes for ./www/en/tools/svg-to-pdf/index.txt
2026-04-03 19:07:55 +0000  copying file ./www/en/tools/page-numbers/index.html ... 
2026-04-03 19:07:55 +0000  163860 bytes for ./www/en/tools/page-numbers/index.html
2026-04-03 19:07:55 +0000  copying file ./www/en/tools/page-numbers/index.txt ... 
2026-04-03 19:07:55 +0000  102302 bytes for ./www/en/tools/page-numbers/index.txt
2026-04-03 19:07:55 +0000  copying file ./www/en/tools/crop-pdf/index.html ... 
2026-04-03 19:07:55 +0000  165444 bytes for ./www/en/tools/crop-pdf/index.html
2026-04-03 19:07:55 +0000  copying file ./www/en/tools/crop-pdf/index.txt ... 
2026-04-03 19:07:55 +0000  102540 bytes for ./www/en/tools/crop-pdf/index.txt
2026-04-03 19:07:55 +0000  copying file ./www/en/tools/rotate-pdf/index.html ... 
2026-04-03 19:07:55 +0000  162227 bytes for ./www/en/tools/rotate-pdf/index.html
2026-04-03 19:07:55 +0000  copying file ./www/en/tools/rotate-pdf/index.txt ... 
2026-04-03 19:07:55 +0000  101505 bytes for ./www/en/tools/rotate-pdf/index.txt
2026-04-03 19:07:55 +0000  copying file ./www/en/tools/cbz-to-pdf/index.html ... 
2026-04-03 19:07:55 +0000  164491 bytes for ./www/en/tools/cbz-to-pdf/index.html
2026-04-03 19:07:55 +0000  copying file ./www/en/tools/cbz-to-pdf/index.txt ... 
2026-04-03 19:07:55 +0000  102032 bytes for ./www/en/tools/cbz-to-pdf/index.txt
2026-04-03 19:07:55 +0000  copying file ./www/en/tools/webp-to-pdf/index.html ... 
2026-04-03 19:07:55 +0000  164103 bytes for ./www/en/tools/webp-to-pdf/index.html
2026-04-03 19:07:55 +0000  copying file ./www/en/tools/webp-to-pdf/index.txt ... 
2026-04-03 19:07:55 +0000  101864 bytes for ./www/en/tools/webp-to-pdf/index.txt
2026-04-03 19:07:55 +0000  copying file ./www/en/tools/sanitize-pdf/index.html ... 
2026-04-03 19:07:55 +0000  163761 bytes for ./www/en/tools/sanitize-pdf/index.html
2026-04-03 19:07:55 +0000  copying file ./www/en/tools/sanitize-pdf/index.txt ... 
2026-04-03 19:07:55 +0000  101888 bytes for ./www/en/tools/sanitize-pdf/index.txt
2026-04-03 19:07:55 +0000  copying file ./www/en/tools/txt-to-pdf/index.html ... 
2026-04-03 19:07:55 +0000  164001 bytes for ./www/en/tools/txt-to-pdf/index.html
2026-04-03 19:07:55 +0000  copying file ./www/en/tools/txt-to-pdf/index.txt ... 
2026-04-03 19:07:55 +0000  101691 bytes for ./www/en/tools/txt-to-pdf/index.txt
2026-04-03 19:07:55 +0000  copying file ./www/en/tools/page-dimensions/index.html ... 
2026-04-03 19:07:55 +0000  163225 bytes for ./www/en/tools/page-dimensions/index.html
2026-04-03 19:07:55 +0000  copying file ./www/en/tools/page-dimensions/index.txt ... 
2026-04-03 19:07:55 +0000  101645 bytes for ./www/en/tools/page-dimensions/index.txt
2026-04-03 19:07:55 +0000  copying file ./www/en/tools/mobi-to-pdf/index.html ... 
2026-04-03 19:07:55 +0000  164888 bytes for ./www/en/tools/mobi-to-pdf/index.html
2026-04-03 19:07:55 +0000  copying file ./www/en/tools/mobi-to-pdf/index.txt ... 
2026-04-03 19:07:55 +0000  102188 bytes for ./www/en/tools/mobi-to-pdf/index.txt
2026-04-03 19:07:55 +0000  copying file ./www/en/tools/pdf-to-zip/index.html ... 
2026-04-03 19:07:55 +0000  163156 bytes for ./www/en/tools/pdf-to-zip/index.html
2026-04-03 19:07:55 +0000  copying file ./www/en/tools/pdf-to-zip/index.txt ... 
2026-04-03 19:07:55 +0000  101583 bytes for ./www/en/tools/pdf-to-zip/index.txt
2026-04-03 19:07:55 +0000  copying file ./www/en/tools/deskew-pdf/index.html ... 
2026-04-03 19:07:55 +0000  167766 bytes for ./www/en/tools/deskew-pdf/index.html
2026-04-03 19:07:55 +0000  copying file ./www/en/tools/deskew-pdf/index.txt ... 
2026-04-03 19:07:55 +0000  103689 bytes for ./www/en/tools/deskew-pdf/index.txt
2026-04-03 19:07:55 +0000  copying file ./www/en/tools/image-to-pdf/index.html ... 
2026-04-03 19:07:55 +0000  164926 bytes for ./www/en/tools/image-to-pdf/index.html
2026-04-03 19:07:55 +0000  copying file ./www/en/tools/image-to-pdf/index.txt ... 
2026-04-03 19:07:55 +0000  102253 bytes for ./www/en/tools/image-to-pdf/index.txt
2026-04-03 19:07:55 +0000  copying file ./www/en/tools/add-stamps/index.html ... 
2026-04-03 19:07:55 +0000  163691 bytes for ./www/en/tools/add-stamps/index.html
2026-04-03 19:07:55 +0000  copying file ./www/en/tools/add-stamps/index.txt ... 
2026-04-03 19:07:55 +0000  102005 bytes for ./www/en/tools/add-stamps/index.txt
2026-04-03 19:07:55 +0000  copying file ./www/en/tools/compare-pdfs/index.html ... 
2026-04-03 19:07:55 +0000  164852 bytes for ./www/en/tools/compare-pdfs/index.html
2026-04-03 19:07:55 +0000  copying file ./www/en/tools/compare-pdfs/index.txt ... 
2026-04-03 19:07:55 +0000  101829 bytes for ./www/en/tools/compare-pdfs/index.txt
2026-04-03 19:07:55 +0000  copying file ./www/en/tools/compress-pdf/index.html ... 
2026-04-03 19:07:55 +0000  165502 bytes for ./www/en/tools/compress-pdf/index.html
2026-04-03 19:07:55 +0000  copying file ./www/en/tools/compress-pdf/index.txt ... 
2026-04-03 19:07:55 +0000  102692 bytes for ./www/en/tools/compress-pdf/index.txt
2026-04-03 19:07:55 +0000  copying file ./www/en/tools/add-blank-page/index.html ... 
2026-04-03 19:07:55 +0000  162704 bytes for ./www/en/tools/add-blank-page/index.html
2026-04-03 19:07:55 +0000  copying file ./www/en/tools/add-blank-page/index.txt ... 
2026-04-03 19:07:55 +0000  101736 bytes for ./www/en/tools/add-blank-page/index.txt
2026-04-03 19:07:55 +0000  copying file ./www/en/tools/epub-to-pdf/index.html ... 
2026-04-03 19:07:55 +0000  163030 bytes for ./www/en/tools/epub-to-pdf/index.html
2026-04-03 19:07:55 +0000  copying file ./www/en/tools/epub-to-pdf/index.txt ... 
2026-04-03 19:07:55 +0000  101994 bytes for ./www/en/tools/epub-to-pdf/index.txt
2026-04-03 19:07:55 +0000  copying file ./www/en/tools/delete-pages/index.html ... 
2026-04-03 19:07:55 +0000  164118 bytes for ./www/en/tools/delete-pages/index.html
2026-04-03 19:07:55 +0000  copying file ./www/en/tools/delete-pages/index.txt ... 
2026-04-03 19:07:55 +0000  102431 bytes for ./www/en/tools/delete-pages/index.txt
2026-04-03 19:07:55 +0000  copying file ./www/en/tools/pptx-to-pdf/index.html ... 
2026-04-03 19:07:55 +0000  167060 bytes for ./www/en/tools/pptx-to-pdf/index.html
2026-04-03 19:07:55 +0000  copying file ./www/en/tools/pptx-to-pdf/index.txt ... 
2026-04-03 19:07:55 +0000  102266 bytes for ./www/en/tools/pptx-to-pdf/index.txt
2026-04-03 19:07:55 +0000  copying file ./www/en/tools/form-filler/index.html ... 
2026-04-03 19:07:55 +0000  163280 bytes for ./www/en/tools/form-filler/index.html
2026-04-03 19:07:55 +0000  copying file ./www/en/tools/form-filler/index.txt ... 
2026-04-03 19:07:55 +0000  101918 bytes for ./www/en/tools/form-filler/index.txt
2026-04-03 19:07:55 +0000  copying file ./www/en/tools/n-up-pdf/index.html ... 
2026-04-03 19:07:55 +0000  164772 bytes for ./www/en/tools/n-up-pdf/index.html
2026-04-03 19:07:55 +0000  copying file ./www/en/tools/n-up-pdf/index.txt ... 
2026-04-03 19:07:55 +0000  101859 bytes for ./www/en/tools/n-up-pdf/index.txt
2026-04-03 19:07:55 +0000  copying file ./www/en/tools/tiff-to-pdf/index.html ... 
2026-04-03 19:07:55 +0000  164015 bytes for ./www/en/tools/tiff-to-pdf/index.html
2026-04-03 19:07:55 +0000  copying file ./www/en/tools/tiff-to-pdf/index.txt ... 
2026-04-03 19:07:55 +0000  101823 bytes for ./www/en/tools/tiff-to-pdf/index.txt
2026-04-03 19:07:55 +0000  copying file ./www/en/tools/text-color/index.html ... 
2026-04-03 19:07:55 +0000  163521 bytes for ./www/en/tools/text-color/index.html
2026-04-03 19:07:55 +0000  copying file ./www/en/tools/text-color/index.txt ... 
2026-04-03 19:07:55 +0000  102042 bytes for ./www/en/tools/text-color/index.txt
2026-04-03 19:07:55 +0000  copying file ./www/en/tools/divide-pages/index.html ... 
2026-04-03 19:07:55 +0000  163248 bytes for ./www/en/tools/divide-pages/index.html
2026-04-03 19:07:55 +0000  copying file ./www/en/tools/divide-pages/index.txt ... 
2026-04-03 19:07:55 +0000  101883 bytes for ./www/en/tools/divide-pages/index.txt
2026-04-03 19:07:55 +0000  copying file ./www/en/tools/grid-combine/index.html ... 
2026-04-03 19:07:55 +0000  168167 bytes for ./www/en/tools/grid-combine/index.html
2026-04-03 19:07:55 +0000  copying file ./www/en/tools/grid-combine/index.txt ... 
2026-04-03 19:07:55 +0000  103791 bytes for ./www/en/tools/grid-combine/index.txt
2026-04-03 19:07:55 +0000  copying file ./www/en/tools/view-metadata/index.html ... 
2026-04-03 19:07:55 +0000  162964 bytes for ./www/en/tools/view-metadata/index.html
2026-04-03 19:07:55 +0000  copying file ./www/en/tools/view-metadata/index.txt ... 
2026-04-03 19:07:55 +0000  101735 bytes for ./www/en/tools/view-metadata/index.txt
2026-04-03 19:07:55 +0000  copying file ./www/en/tools/pdf-multi-tool/index.html ... 
2026-04-03 19:07:55 +0000  167903 bytes for ./www/en/tools/pdf-multi-tool/index.html
2026-04-03 19:07:55 +0000  copying file ./www/en/tools/pdf-multi-tool/index.txt ... 
2026-04-03 19:07:55 +0000  103667 bytes for ./www/en/tools/pdf-multi-tool/index.txt
2026-04-03 19:07:55 +0000  copying file ./www/en/tools/png-to-pdf/index.html ... 
2026-04-03 19:07:55 +0000  163959 bytes for ./www/en/tools/png-to-pdf/index.html
2026-04-03 19:07:55 +0000  copying file ./www/en/tools/png-to-pdf/index.txt ... 
2026-04-03 19:07:55 +0000  101812 bytes for ./www/en/tools/png-to-pdf/index.txt
2026-04-03 19:07:55 +0000  copying file ./www/en/tools/edit-attachments/index.html ... 
2026-04-03 19:07:55 +0000  163145 bytes for ./www/en/tools/edit-attachments/index.html
2026-04-03 19:07:55 +0000  copying file ./www/en/tools/edit-attachments/index.txt ... 
2026-04-03 19:07:55 +0000  101799 bytes for ./www/en/tools/edit-attachments/index.txt
2026-04-03 19:07:55 +0000  copying file ./www/en/tools/validate-signature/index.html ... 
2026-04-03 19:07:55 +0000  166417 bytes for ./www/en/tools/validate-signature/index.html
2026-04-03 19:07:55 +0000  copying file ./www/en/tools/validate-signature/index.txt ... 
2026-04-03 19:07:55 +0000  103179 bytes for ./www/en/tools/validate-signature/index.txt
2026-04-03 19:07:55 +0000  copying file ./www/en/index.html ... 
2026-04-03 19:07:55 +0000  224557 bytes for ./www/en/index.html
2026-04-03 19:07:55 +0000  copying file ./www/en/privacy/index.html ... 
2026-04-03 19:07:55 +0000  139900 bytes for ./www/en/privacy/index.html
2026-04-03 19:07:55 +0000  copying file ./www/en/privacy/index.txt ... 
2026-04-03 19:07:55 +0000  93718 bytes for ./www/en/privacy/index.txt
2026-04-03 19:07:55 +0000  copying file ./www/en/faq/index.html ... 
2026-04-03 19:07:55 +0000  150076 bytes for ./www/en/faq/index.html
2026-04-03 19:07:55 +0000  copying file ./www/en/faq/index.txt ... 
2026-04-03 19:07:55 +0000  93623 bytes for ./www/en/faq/index.txt
2026-04-03 19:07:55 +0000  copying file ./www/en/index.txt ... 
2026-04-03 19:07:55 +0000  107506 bytes for ./www/en/index.txt
2026-04-03 19:07:55 +0000  copying file ./www/en/about/index.html ... 
2026-04-03 19:07:55 +0000  138867 bytes for ./www/en/about/index.html
2026-04-03 19:07:55 +0000  copying file ./www/en/about/index.txt ... 
2026-04-03 19:07:55 +0000  93620 bytes for ./www/en/about/index.txt
2026-04-03 19:07:55 +0000  copying file ./www/en/workflow/index.html ... 
2026-04-03 19:07:55 +0000  114369 bytes for ./www/en/workflow/index.html
copying file ./www/en/workflow/index.txt ... 
2026-04-03 19:07:55 +0000  93534 bytes for ./www/en/workflow/index.txt
2026-04-03 19:07:55 +0000  copying file ./www/manifest.webmanifest ... 
2026-04-03 19:07:55 +0000  1230 bytes for ./www/manifest.webmanifest
2026-04-03 19:07:55 +0000  copying file ./www/fonts/.gitkeep ... 
2026-04-03 19:07:55 +0000  29 bytes for ./www/fonts/.gitkeep
2026-04-03 19:07:55 +0000  copying file ./www/fonts/NotoSansSC-Regular.ttf ... 
2026-04-03 19:07:55 +0000  16437364 bytes for ./www/fonts/NotoSansSC-Regular.ttf
2026-04-03 19:07:55 +0000  copying file ./www/app-overrides.js ... 
2026-04-03 19:07:55 +0000  22548 bytes for ./www/app-overrides.js
2026-04-03 19:07:55 +0000  copying file ./www/favicon.svg ... 
2026-04-03 19:07:55 +0000  218 bytes for ./www/favicon.svg
2026-04-03 19:07:55 +0000  copying file ./www/sw.js ... 
2026-04-03 19:07:55 +0000  2742 bytes for ./www/sw.js
2026-04-03 19:07:55 +0000  copying file ./www/app-overrides.css ... 
2026-04-03 19:07:55 +0000  22761 bytes for ./www/app-overrides.css
2026-04-03 19:07:55 +0000  copying file ./Assets.car ... 
2026-04-03 19:07:55 +0000  8714520 bytes for ./Assets.car
2026-04-03 19:07:55 +0000  copying file ./AppIcon76x76@2x~ipad.png ... 
2026-04-03 19:07:55 +0000  8076 bytes for ./AppIcon76x76@2x~ipad.png
2026-04-03 19:07:55 +0000  copying file ./embedded.mobileprovision ... 
2026-04-03 19:07:55 +0000  19431 bytes for ./embedded.mobileprovision
2026-04-03 19:07:55 +0000  copying file ./Info.plist ... 
2026-04-03 19:07:55 +0000  2108 bytes for ./Info.plist
2026-04-03 19:07:55 +0000  copying file ./PkgInfo ... 
2026-04-03 19:07:55 +0000  8 bytes for ./PkgInfo
2026-04-03 19:07:55 +0000  /usr/bin/ditto exited with 0
2026-04-03 19:07:55 +0000  Processing step: IDEDistributionEmbedProfileStep
2026-04-03 19:07:55 +0000  Processing step: IDEDistributionInfoPlistStep
2026-04-03 19:07:55 +0000  Skipping step: IDEDistributionInfoPlistStep because it said so
2026-04-03 19:07:55 +0000  Processing step: IDEDistributionAppThinningPlistStep
2026-04-03 19:07:55 +0000  Skipping step: IDEDistributionAppThinningPlistStep because it said so
2026-04-03 19:07:55 +0000  Processing step: IDEDistributionSymbolsStep
2026-04-03 19:07:55 +0000  Skipping step: IDEDistributionSymbolsStep because it said so
2026-04-03 19:07:55 +0000  Processing step: IDEDistributionAppThinningStep
2026-04-03 19:07:55 +0000  Skipping step: IDEDistributionAppThinningStep because it said so
2026-04-03 19:07:55 +0000  Processing step: IDEDistributionArchThinningStep
2026-04-03 19:07:55 +0000  Archs to thin for item /Users/macbook/Library/Developer/Xcode/Archives/2026-04-04/SmartPrinter 04-04-2026, 12.06 AM.xcarchive/Products/Applications/HP Smart Printer App - HPSmart.app are []
2026-04-03 19:07:55 +0000  Processing step: IDEDistributionODRStep
2026-04-03 19:07:55 +0000  Processing step: IDEDistributionStripXattrsStep
2026-04-03 19:07:55 +0000  Skipping stripping extended attributes because the codesign step will strip them.
2026-04-03 19:07:55 +0000  Processing step: IDEDistributionCodesignStep
2026-04-03 19:07:55 +0000  Entitlements for <IDEDistributionItem: 0xbbd428120; bundleID='hp.smart.printer.app.ac', path='<DVTFilePath:0xbbfc31fe0:'/Users/macbook/Library/Developer/Xcode/Archives/2026-04-04/SmartPrinter 04-04-2026, 12.06 AM.xcarchive/Products/Applications/HP Smart Printer App - HPSmart.app'>', codeSigningInfo='<_DVTCodeSigningInformation_Path: 0xbbdb4d260; isSigned='1', isAdHocSigned='0', signingCertificate='<DVTSigningCertificate: 0xc02db0d80; name='Apple Development: Junaid Amin (W892TV3YCK)', hash='896432616C1E9FF3F47834CBC9E5FFF0CE1E9E77', serialNumber='2204A9EE5E68D46E3DA478E2D85E3A04', certificateKinds='(
    "1.2.840.113635.100.6.1.12",
    "1.2.840.113635.100.6.1.2"
), issueDate='2025-08-23 19:14:52 +0000''>', entitlements='{
    "application-identifier" = "44AXYL9JVD.hp.smart.printer.app.ac";
    "com.apple.developer.team-identifier" = 44AXYL9JVD;
    "get-task-allow" = 1;
}', teamID='44AXYL9JVD', identifier='hp.smart.printer.app.ac', executablePath='<DVTFilePath:0xbbfc30320:'/Users/macbook/Library/Developer/Xcode/Archives/2026-04-04/SmartPrinter 04-04-2026, 12.06 AM.xcarchive/Products/Applications/HP Smart Printer App - HPSmart.app/HP Smart Printer App - HPSmart'>', hardenedRuntime='0'>'>: {
    "application-identifier" = "44AXYL9JVD.hp.smart.printer.app.ac";
    "com.apple.developer.team-identifier" = 44AXYL9JVD;
    "get-task-allow" = 1;
}
2026-04-03 19:07:55 +0000  Associated App Clip Identifiers Filter: Skipping because "com.apple.developer.associated-appclip-app-identifiers" is not present
2026-04-03 19:07:55 +0000  Entitlements for <IDEDistributionItem: 0xbbd428120; bundleID='hp.smart.printer.app.ac', path='<DVTFilePath:0xbbfc31fe0:'/Users/macbook/Library/Developer/Xcode/Archives/2026-04-04/SmartPrinter 04-04-2026, 12.06 AM.xcarchive/Products/Applications/HP Smart Printer App - HPSmart.app'>', codeSigningInfo='<_DVTCodeSigningInformation_Path: 0xbbdb4d260; isSigned='1', isAdHocSigned='0', signingCertificate='<DVTSigningCertificate: 0xc035c3480; name='Apple Development: Junaid Amin (W892TV3YCK)', hash='896432616C1E9FF3F47834CBC9E5FFF0CE1E9E77', serialNumber='2204A9EE5E68D46E3DA478E2D85E3A04', certificateKinds='(
    "1.2.840.113635.100.6.1.12",
    "1.2.840.113635.100.6.1.2"
), issueDate='2025-08-23 19:14:52 +0000''>', entitlements='{
    "application-identifier" = "44AXYL9JVD.hp.smart.printer.app.ac";
    "com.apple.developer.team-identifier" = 44AXYL9JVD;
    "get-task-allow" = 1;
}', teamID='44AXYL9JVD', identifier='hp.smart.printer.app.ac', executablePath='<DVTFilePath:0xbbfc30320:'/Users/macbook/Library/Developer/Xcode/Archives/2026-04-04/SmartPrinter 04-04-2026, 12.06 AM.xcarchive/Products/Applications/HP Smart Printer App - HPSmart.app/HP Smart Printer App - HPSmart'>', hardenedRuntime='0'>'> are: {
    "application-identifier" = "44AXYL9JVD.hp.smart.printer.app.ac";
    "com.apple.developer.team-identifier" = 44AXYL9JVD;
    "get-task-allow" = 1;
}
2026-04-03 19:07:55 +0000  Writing entitlements for <IDEDistributionItem: 0xbbd428120; bundleID='hp.smart.printer.app.ac', path='<DVTFilePath:0xbbfc31fe0:'/Users/macbook/Library/Developer/Xcode/Archives/2026-04-04/SmartPrinter 04-04-2026, 12.06 AM.xcarchive/Products/Applications/HP Smart Printer App - HPSmart.app'>', codeSigningInfo='<_DVTCodeSigningInformation_Path: 0xbbdb4d260; isSigned='1', isAdHocSigned='0', signingCertificate='<DVTSigningCertificate: 0xc035c3480; name='Apple Development: Junaid Amin (W892TV3YCK)', hash='896432616C1E9FF3F47834CBC9E5FFF0CE1E9E77', serialNumber='2204A9EE5E68D46E3DA478E2D85E3A04', certificateKinds='(
    "1.2.840.113635.100.6.1.12",
    "1.2.840.113635.100.6.1.2"
), issueDate='2025-08-23 19:14:52 +0000''>', entitlements='{
    "application-identifier" = "44AXYL9JVD.hp.smart.printer.app.ac";
    "com.apple.developer.team-identifier" = 44AXYL9JVD;
    "get-task-allow" = 1;
}', teamID='44AXYL9JVD', identifier='hp.smart.printer.app.ac', executablePath='<DVTFilePath:0xbbfc30320:'/Users/macbook/Library/Developer/Xcode/Archives/2026-04-04/SmartPrinter 04-04-2026, 12.06 AM.xcarchive/Products/Applications/HP Smart Printer App - HPSmart.app/HP Smart Printer App - HPSmart'>', hardenedRuntime='0'>'> to: /var/folders/nz/n893sv_93rs_bmcsbzs578xc0000gn/T/XcodeDistPipeline.~~~gAcJeD/entitlements~~~yDpqkp
2026-04-03 19:07:55 +0000  invoking codesign: <NSConcreteTask: 0xbbd9e0b40; launchPath='/usr/bin/codesign', arguments='(
    "-f",
    "-s",
    896432616C1E9FF3F47834CBC9E5FFF0CE1E9E77,
    "--entitlements",
    "/var/folders/nz/n893sv_93rs_bmcsbzs578xc0000gn/T/XcodeDistPipeline.~~~gAcJeD/entitlements~~~yDpqkp",
    "--preserve-metadata=identifier,flags,runtime,launch-constraints,library-constraints",
    "--generate-entitlement-der",
    "--strip-disallowed-xattrs",
    "-vvv",
    "/var/folders/nz/n893sv_93rs_bmcsbzs578xc0000gn/T/XcodeDistPipeline.~~~gAcJeD/Root/Payload/HP Smart Printer App - HPSmart.app"
)'>
2026-04-03 19:07:56 +0000  codesign output: /var/folders/nz/n893sv_93rs_bmcsbzs578xc0000gn/T/XcodeDistPipeline.~~~gAcJeD/Root/Payload/HP Smart Printer App - HPSmart.app: replacing existing signature
/var/folders/nz/n893sv_93rs_bmcsbzs578xc0000gn/T/XcodeDistPipeline.~~~gAcJeD/Root/Payload/HP Smart Printer App - HPSmart.app: signed app bundle with Mach-O thin (arm64) [hp.smart.printer.app.ac]
2026-04-03 19:07:56 +0000  Processing step: IDEDistributionZipODRItemStep
2026-04-03 19:07:56 +0000  Skipping step: IDEDistributionZipODRItemStep because it said so
2026-04-03 19:07:56 +0000  Processing step: IDEDistributionCreateIPAStep
2026-04-03 19:07:56 +0000  Running /usr/bin/ditto '-V' '-c' '-k' '--norsrc' '/var/folders/nz/n893sv_93rs_bmcsbzs578xc0000gn/T/XcodeDistPipeline.~~~gAcJeD/Root' '/var/folders/nz/n893sv_93rs_bmcsbzs578xc0000gn/T/XcodeDistPipeline.~~~gAcJeD/Packages/HP Smart Printer App - HPSmart.ipa'
2026-04-03 19:07:56 +0000  >>> Copying /var/folders/nz/n893sv_93rs_bmcsbzs578xc0000gn/T/XcodeDistPipeline.~~~gAcJeD/Root 
2026-04-03 19:07:56 +0000  copying file ./Payload/HP Smart Printer App - HPSmart.app/_CodeSignature/CodeResources ... 
2026-04-03 19:07:56 +0000  322527 bytes for ./Payload/HP Smart Printer App - HPSmart.app/_CodeSignature/CodeResources
2026-04-03 19:07:56 +0000  copying file ./Payload/HP Smart Printer App - HPSmart.app/ios-bridge.js ... 
2026-04-03 19:07:56 +0000  7164 bytes for ./Payload/HP Smart Printer App - HPSmart.app/ios-bridge.js
2026-04-03 19:07:56 +0000  copying file ./Payload/HP Smart Printer App - HPSmart.app/HP Smart Printer App - HPSmart ... 
2026-04-03 19:07:56 +0000  1816640 bytes for ./Payload/HP Smart Printer App - HPSmart.app/HP Smart Printer App - HPSmart
copying file ./Payload/HP Smart Printer App - HPSmart.app/writing_paper.html ... 
2026-04-03 19:07:56 +0000  30574 bytes for ./Payload/HP Smart Printer App - HPSmart.app/writing_paper.html
2026-04-03 19:07:56 +0000  copying file ./Payload/HP Smart Printer App - HPSmart.app/AppIcon60x60@2x.png ... 
2026-04-03 19:07:56 +0000  5924 bytes for ./Payload/HP Smart Printer App - HPSmart.app/AppIcon60x60@2x.png
2026-04-03 19:07:56 +0000  copying file ./Payload/HP Smart Printer App - HPSmart.app/www/ios-bridge.js ... 
2026-04-03 19:07:56 +0000  7152 bytes for ./Payload/HP Smart Printer App - HPSmart.app/www/ios-bridge.js
2026-04-03 19:07:56 +0000  copying file ./Payload/HP Smart Printer App - HPSmart.app/www/_next/static/css/39a8c9bb4dfeb5cb.css ... 
2026-04-03 19:07:56 +0000  95085 bytes for ./Payload/HP Smart Printer App - HPSmart.app/www/_next/static/css/39a8c9bb4dfeb5cb.css
2026-04-03 19:07:56 +0000  copying file ./Payload/HP Smart Printer App - HPSmart.app/www/_next/static/css/8088c1919cba0a40.css ... 
2026-04-03 19:07:56 +0000  4384 bytes for ./Payload/HP Smart Printer App - HPSmart.app/www/_next/static/css/8088c1919cba0a40.css
2026-04-03 19:07:56 +0000  copying file ./Payload/HP Smart Printer App - HPSmart.app/www/_next/static/css/f869bdc8509050dd.css ... 
2026-04-03 19:07:56 +0000  3815 bytes for ./Payload/HP Smart Printer App - HPSmart.app/www/_next/static/css/f869bdc8509050dd.css
2026-04-03 19:07:56 +0000  copying file ./Payload/HP Smart Printer App - HPSmart.app/www/_next/static/css/886f7af331f6427c.css ... 
2026-04-03 19:07:56 +0000  7304 bytes for ./Payload/HP Smart Printer App - HPSmart.app/www/_next/static/css/886f7af331f6427c.css
2026-04-03 19:07:56 +0000  copying file ./Payload/HP Smart Printer App - HPSmart.app/www/_next/static/chunks/6327.99c43e989347e97b.js ... 
2026-04-03 19:07:56 +0000  154795 bytes for ./Payload/HP Smart Printer App - HPSmart.app/www/_next/static/chunks/6327.99c43e989347e97b.js
2026-04-03 19:07:56 +0000  copying file ./Payload/HP Smart Printer App - HPSmart.app/www/_next/static/chunks/9446.5c1ed2b29bf49dd5.js ... 
2026-04-03 19:07:56 +0000  5399 bytes for ./Payload/HP Smart Printer App - HPSmart.app/www/_next/static/chunks/9446.5c1ed2b29bf49dd5.js
2026-04-03 19:07:56 +0000  copying file ./Payload/HP Smart Printer App - HPSmart.app/www/_next/static/chunks/1255-ae7c990a5c8f3407.js ... 
2026-04-03 19:07:56 +0000  173034 bytes for ./Payload/HP Smart Printer App - HPSmart.app/www/_next/static/chunks/1255-ae7c990a5c8f3407.js
2026-04-03 19:07:56 +0000  copying file ./Payload/HP Smart Printer App - HPSmart.app/www/_next/static/chunks/b1644e8c.c161f385e3850fca.js ... 
2026-04-03 19:07:56 +0000  139975 bytes for ./Payload/HP Smart Printer App - HPSmart.app/www/_next/static/chunks/b1644e8c.c161f385e3850fca.js
2026-04-03 19:07:56 +0000  copying file ./Payload/HP Smart Printer App - HPSmart.app/www/_next/static/chunks/4609.e9ff7f265c576a8e.js ... 
2026-04-03 19:07:56 +0000  280720 bytes for ./Payload/HP Smart Printer App - HPSmart.app/www/_next/static/chunks/4609.e9ff7f265c576a8e.js
2026-04-03 19:07:56 +0000  copying file ./Payload/HP Smart Printer App - HPSmart.app/www/_next/static/chunks/7340-f44475a392aa0393.js ... 
2026-04-03 19:07:56 +0000  28084 bytes for ./Payload/HP Smart Printer App - HPSmart.app/www/_next/static/chunks/7340-f44475a392aa0393.js
2026-04-03 19:07:56 +0000  copying file ./Payload/HP Smart Printer App - HPSmart.app/www/_next/static/chunks/webpack-3c482a8d95308e87.js ... 
2026-04-03 19:07:56 +0000  5997 bytes for ./Payload/HP Smart Printer App - HPSmart.app/www/_next/static/chunks/webpack-3c482a8d95308e87.js
2026-04-03 19:07:56 +0000  copying file ./Payload/HP Smart Printer App - HPSmart.app/www/_next/static/chunks/2853-9ff0ec9d0e204458.js ... 
2026-04-03 19:07:56 +0000  12362 bytes for ./Payload/HP Smart Printer App - HPSmart.app/www/_next/static/chunks/2853-9ff0ec9d0e204458.js
2026-04-03 19:07:56 +0000  copying file ./Payload/HP Smart Printer App - HPSmart.app/www/_next/static/chunks/2931.4d2aa13ad3794b66.js ... 
2026-04-03 19:07:56 +0000  22302 bytes for ./Payload/HP Smart Printer App - HPSmart.app/www/_next/static/chunks/2931.4d2aa13ad3794b66.js
2026-04-03 19:07:56 +0000  copying file ./Payload/HP Smart Printer App - HPSmart.app/www/_next/static/chunks/9406-de9961a223a355eb.js ... 
2026-04-03 19:07:56 +0000  47769 bytes for ./Payload/HP Smart Printer App - HPSmart.app/www/_next/static/chunks/9406-de9961a223a355eb.js
2026-04-03 19:07:56 +0000  copying file ./Payload/HP Smart Printer App - HPSmart.app/www/_next/static/chunks/1849-1c28514a9bf2e6de.js ... 
2026-04-03 19:07:56 +0000  282570 bytes for ./Payload/HP Smart Printer App - HPSmart.app/www/_next/static/chunks/1849-1c28514a9bf2e6de.js
2026-04-03 19:07:56 +0000  copying file ./Payload/HP Smart Printer App - HPSmart.app/www/_next/static/chunks/6463-59e1e79d10e3d28c.js ... 
2026-04-03 19:07:56 +0000  1629272 bytes for ./Payload/HP Smart Printer App - HPSmart.app/www/_next/static/chunks/6463-59e1e79d10e3d28c.js
2026-04-03 19:07:56 +0000  copying file ./Payload/HP Smart Printer App - HPSmart.app/www/_next/static/chunks/c37d3baf.7f68457f6507aa3b.js ... 
2026-04-03 19:07:56 +0000  81137 bytes for ./Payload/HP Smart Printer App - HPSmart.app/www/_next/static/chunks/c37d3baf.7f68457f6507aa3b.js
2026-04-03 19:07:56 +0000  copying file ./Payload/HP Smart Printer App - HPSmart.app/www/_next/static/chunks/3527.0aefc9b8ea70d1cd.js ... 
2026-04-03 19:07:56 +0000  499078 bytes for ./Payload/HP Smart Printer App - HPSmart.app/www/_next/static/chunks/3527.0aefc9b8ea70d1cd.js
2026-04-03 19:07:56 +0000  copying file ./Payload/HP Smart Printer App - HPSmart.app/www/_next/static/chunks/app/global-error-b9661bd2649565f8.js ... 
2026-04-03 19:07:56 +0000  2065 bytes for ./Payload/HP Smart Printer App - HPSmart.app/www/_next/static/chunks/app/global-error-b9661bd2649565f8.js
2026-04-03 19:07:56 +0000  copying file ./Payload/HP Smart Printer App - HPSmart.app/www/_next/static/chunks/app/[locale]/contact/page-89d7170120c6e787.js ... 
2026-04-03 19:07:56 +0000  12535 bytes for ./Payload/HP Smart Printer App - HPSmart.app/www/_next/static/chunks/app/[locale]/contact/page-89d7170120c6e787.js
2026-04-03 19:07:56 +0000  copying file ./Payload/HP Smart Printer App - HPSmart.app/www/_next/static/chunks/app/[locale]/tools/category/[category]/page-5e6fc914039eee33.js ... 
2026-04-03 19:07:56 +0000  2615 bytes for ./Payload/HP Smart Printer App - HPSmart.app/www/_next/static/chunks/app/[locale]/tools/category/[category]/page-5e6fc914039eee33.js
2026-04-03 19:07:56 +0000  copying file ./Payload/HP Smart Printer App - HPSmart.app/www/_next/static/chunks/app/[locale]/tools/[tool]/page-88e22f32a81b98da.js ... 
2026-04-03 19:07:56 +0000  864733 bytes for ./Payload/HP Smart Printer App - HPSmart.app/www/_next/static/chunks/app/[locale]/tools/[tool]/page-88e22f32a81b98da.js
2026-04-03 19:07:56 +0000  copying file ./Payload/HP Smart Printer App - HPSmart.app/www/_next/static/chunks/app/[locale]/tools/page-943a6dba8292ecb5.js ... 
2026-04-03 19:07:56 +0000  8442 bytes for ./Payload/HP Smart Printer App - HPSmart.app/www/_next/static/chunks/app/[locale]/tools/page-943a6dba8292ecb5.js
2026-04-03 19:07:56 +0000  copying file ./Payload/HP Smart Printer App - HPSmart.app/www/_next/static/chunks/app/[locale]/privacy/page-608bd0b188edee98.js ... 
2026-04-03 19:07:56 +0000  14861 bytes for ./Payload/HP Smart Printer App - HPSmart.app/www/_next/static/chunks/app/[locale]/privacy/page-608bd0b188edee98.js
2026-04-03 19:07:56 +0000  copying file ./Payload/HP Smart Printer App - HPSmart.app/www/_next/static/chunks/app/[locale]/faq/page-2eb2eed90781f461.js ... 
2026-04-03 19:07:56 +0000  9329 bytes for ./Payload/HP Smart Printer App - HPSmart.app/www/_next/static/chunks/app/[locale]/faq/page-2eb2eed90781f461.js
2026-04-03 19:07:56 +0000  copying file ./Payload/HP Smart Printer App - HPSmart.app/www/_next/static/chunks/app/[locale]/layout-88677894aa9babc9.js ... 
2026-04-03 19:07:56 +0000  1742 bytes for ./Payload/HP Smart Printer App - HPSmart.app/www/_next/static/chunks/app/[locale]/layout-88677894aa9babc9.js
2026-04-03 19:07:56 +0000  copying file ./Payload/HP Smart Printer App - HPSmart.app/www/_next/static/chunks/app/[locale]/about/page-3969dd7ec09096c0.js ... 
2026-04-03 19:07:56 +0000  10249 bytes for ./Payload/HP Smart Printer App - HPSmart.app/www/_next/static/chunks/app/[locale]/about/page-3969dd7ec09096c0.js
2026-04-03 19:07:56 +0000  copying file ./Payload/HP Smart Printer App - HPSmart.app/www/_next/static/chunks/app/[locale]/not-found-0e6bb832b08133aa.js ... 
2026-04-03 19:07:56 +0000  2481 bytes for ./Payload/HP Smart Printer App - HPSmart.app/www/_next/static/chunks/app/[locale]/not-found-0e6bb832b08133aa.js
2026-04-03 19:07:56 +0000  copying file ./Payload/HP Smart Printer App - HPSmart.app/www/_next/static/chunks/app/[locale]/page-ff40ad9f408c42c8.js ... 
2026-04-03 19:07:56 +0000  12447 bytes for ./Payload/HP Smart Printer App - HPSmart.app/www/_next/static/chunks/app/[locale]/page-ff40ad9f408c42c8.js
copying file ./Payload/HP Smart Printer App - HPSmart.app/www/_next/static/chunks/app/[locale]/error-9f524a038532ab6d.js ... 
2026-04-03 19:07:56 +0000  4367 bytes for ./Payload/HP Smart Printer App - HPSmart.app/www/_next/static/chunks/app/[locale]/error-9f524a038532ab6d.js
2026-04-03 19:07:56 +0000  copying file ./Payload/HP Smart Printer App - HPSmart.app/www/_next/static/chunks/app/[locale]/workflow/page-37ff1e1164c48743.js ... 
2026-04-03 19:07:56 +0000  8854 bytes for ./Payload/HP Smart Printer App - HPSmart.app/www/_next/static/chunks/app/[locale]/workflow/page-37ff1e1164c48743.js
2026-04-03 19:07:56 +0000  copying file ./Payload/HP Smart Printer App - HPSmart.app/www/_next/static/chunks/app/page-c740aef2dbc36794.js ... 
2026-04-03 19:07:56 +0000  2156 bytes for ./Payload/HP Smart Printer App - HPSmart.app/www/_next/static/chunks/app/page-c740aef2dbc36794.js
2026-04-03 19:07:56 +0000  copying file ./Payload/HP Smart Printer App - HPSmart.app/www/_next/static/chunks/app/layout-f100786325289bc4.js ... 
2026-04-03 19:07:56 +0000  204 bytes for ./Payload/HP Smart Printer App - HPSmart.app/www/_next/static/chunks/app/layout-f100786325289bc4.js
2026-04-03 19:07:56 +0000  copying file ./Payload/HP Smart Printer App - HPSmart.app/www/_next/static/chunks/app/sitemap.xml/route-13e4d4c9d66e7235.js ... 
2026-04-03 19:07:56 +0000  147 bytes for ./Payload/HP Smart Printer App - HPSmart.app/www/_next/static/chunks/app/sitemap.xml/route-13e4d4c9d66e7235.js
2026-04-03 19:07:56 +0000  copying file ./Payload/HP Smart Printer App - HPSmart.app/www/_next/static/chunks/app/_not-found/page-d201fbb896aba74a.js ... 
2026-04-03 19:07:56 +0000  2684 bytes for ./Payload/HP Smart Printer App - HPSmart.app/www/_next/static/chunks/app/_not-found/page-d201fbb896aba74a.js
2026-04-03 19:07:56 +0000  copying file ./Payload/HP Smart Printer App - HPSmart.app/www/_next/static/chunks/app/robots.txt/route-13e4d4c9d66e7235.js ... 
2026-04-03 19:07:56 +0000  147 bytes for ./Payload/HP Smart Printer App - HPSmart.app/www/_next/static/chunks/app/robots.txt/route-13e4d4c9d66e7235.js
2026-04-03 19:07:56 +0000  copying file ./Payload/HP Smart Printer App - HPSmart.app/www/_next/static/chunks/app/manifest.webmanifest/route-13e4d4c9d66e7235.js ... 
2026-04-03 19:07:56 +0000  147 bytes for ./Payload/HP Smart Printer App - HPSmart.app/www/_next/static/chunks/app/manifest.webmanifest/route-13e4d4c9d66e7235.js
2026-04-03 19:07:56 +0000  copying file ./Payload/HP Smart Printer App - HPSmart.app/www/_next/static/chunks/724.5d4e6b2312d93cda.js ... 
2026-04-03 19:07:56 +0000  5987 bytes for ./Payload/HP Smart Printer App - HPSmart.app/www/_next/static/chunks/724.5d4e6b2312d93cda.js
2026-04-03 19:07:56 +0000  copying file ./Payload/HP Smart Printer App - HPSmart.app/www/_next/static/chunks/487.0f930ea25454e3d8.js ... 
2026-04-03 19:07:56 +0000  956640 bytes for ./Payload/HP Smart Printer App - HPSmart.app/www/_next/static/chunks/487.0f930ea25454e3d8.js
2026-04-03 19:07:56 +0000  copying file ./Payload/HP Smart Printer App - HPSmart.app/www/_next/static/chunks/eeb5c378.fe75385beed38513.js ... 
2026-04-03 19:07:56 +0000  732897 bytes for ./Payload/HP Smart Printer App - HPSmart.app/www/_next/static/chunks/eeb5c378.fe75385beed38513.js
2026-04-03 19:07:56 +0000  copying file ./Payload/HP Smart Printer App - HPSmart.app/www/_next/static/chunks/503.b3f7b9f385cb1a1e.js ... 
2026-04-03 19:07:56 +0000  79 bytes for ./Payload/HP Smart Printer App - HPSmart.app/www/_next/static/chunks/503.b3f7b9f385cb1a1e.js
2026-04-03 19:07:56 +0000  copying file ./Payload/HP Smart Printer App - HPSmart.app/www/_next/static/chunks/6241.a2ddeebf95ce2e26.js ... 
2026-04-03 19:07:56 +0000  25590 bytes for ./Payload/HP Smart Printer App - HPSmart.app/www/_next/static/chunks/6241.a2ddeebf95ce2e26.js
2026-04-03 19:07:56 +0000  copying file ./Payload/HP Smart Printer App - HPSmart.app/www/_next/static/chunks/280273a7.6b496659f89996dc.js ... 
2026-04-03 19:07:56 +0000  45835 bytes for ./Payload/HP Smart Printer App - HPSmart.app/www/_next/static/chunks/280273a7.6b496659f89996dc.js
2026-04-03 19:07:56 +0000  copying file ./Payload/HP Smart Printer App - HPSmart.app/www/_next/static/chunks/3442.b2f1af2efed38081.js ... 
2026-04-03 19:07:56 +0000  3809 bytes for ./Payload/HP Smart Printer App - HPSmart.app/www/_next/static/chunks/3442.b2f1af2efed38081.js
2026-04-03 19:07:56 +0000  copying file ./Payload/HP Smart Printer App - HPSmart.app/www/_next/static/chunks/ad2866b8.e13a3cf75ccf0eb8.js ... 
2026-04-03 19:07:56 +0000  198193 bytes for ./Payload/HP Smart Printer App - HPSmart.app/www/_next/static/chunks/ad2866b8.e13a3cf75ccf0eb8.js
2026-04-03 19:07:56 +0000  copying file ./Payload/HP Smart Printer App - HPSmart.app/www/_next/static/chunks/bc98253f.d6fc8a0138855acd.js ... 
2026-04-03 19:07:56 +0000  81516 bytes for ./Payload/HP Smart Printer App - HPSmart.app/www/_next/static/chunks/bc98253f.d6fc8a0138855acd.js
2026-04-03 19:07:56 +0000  copying file ./Payload/HP Smart Printer App - HPSmart.app/www/_next/static/chunks/5685.9713fcbc618287f5.js ... 
2026-04-03 19:07:56 +0000  106 bytes for ./Payload/HP Smart Printer App - HPSmart.app/www/_next/static/chunks/5685.9713fcbc618287f5.js
2026-04-03 19:07:56 +0000  copying file ./Payload/HP Smart Printer App - HPSmart.app/www/_next/static/chunks/4bd1b696-100b9d70ed4e49c1.js ... 
2026-04-03 19:07:56 +0000  173025 bytes for ./Payload/HP Smart Printer App - HPSmart.app/www/_next/static/chunks/4bd1b696-100b9d70ed4e49c1.js
2026-04-03 19:07:56 +0000  copying file ./Payload/HP Smart Printer App - HPSmart.app/www/_next/static/chunks/7496-f8b49ca92cc04351.js ... 
2026-04-03 19:07:56 +0000  96045 bytes for ./Payload/HP Smart Printer App - HPSmart.app/www/_next/static/chunks/7496-f8b49ca92cc04351.js
2026-04-03 19:07:56 +0000  copying file ./Payload/HP Smart Printer App - HPSmart.app/www/_next/static/chunks/main-app-98cef438dd579940.js ... 
2026-04-03 19:07:56 +0000  527 bytes for ./Payload/HP Smart Printer App - HPSmart.app/www/_next/static/chunks/main-app-98cef438dd579940.js
2026-04-03 19:07:56 +0000  copying file ./Payload/HP Smart Printer App - HPSmart.app/www/_next/static/chunks/8478-a386a669d14b6f27.js ... 
2026-04-03 19:07:56 +0000  271295 bytes for ./Payload/HP Smart Printer App - HPSmart.app/www/_next/static/chunks/8478-a386a669d14b6f27.js
2026-04-03 19:07:56 +0000  copying file ./Payload/HP Smart Printer App - HPSmart.app/www/_next/static/chunks/7310.fd92fef23d6ee8ee.js ... 
2026-04-03 19:07:56 +0000  565615 bytes for ./Payload/HP Smart Printer App - HPSmart.app/www/_next/static/chunks/7310.fd92fef23d6ee8ee.js
copying file ./Payload/HP Smart Printer App - HPSmart.app/www/_next/static/chunks/168.489b60e4816881a6.js ... 
2026-04-03 19:07:56 +0000  741 bytes for ./Payload/HP Smart Printer App - HPSmart.app/www/_next/static/chunks/168.489b60e4816881a6.js
2026-04-03 19:07:56 +0000  copying file ./Payload/HP Smart Printer App - HPSmart.app/www/_next/static/chunks/5760.f55963e70510980b.js ... 
2026-04-03 19:07:56 +0000  47749 bytes for ./Payload/HP Smart Printer App - HPSmart.app/www/_next/static/chunks/5760.f55963e70510980b.js
2026-04-03 19:07:56 +0000  copying file ./Payload/HP Smart Printer App - HPSmart.app/www/_next/static/chunks/5d591963.641ed76b6bd71109.js ... 
2026-04-03 19:07:56 +0000  733494 bytes for ./Payload/HP Smart Printer App - HPSmart.app/www/_next/static/chunks/5d591963.641ed76b6bd71109.js
2026-04-03 19:07:56 +0000  copying file ./Payload/HP Smart Printer App - HPSmart.app/www/_next/static/chunks/framework-d7945a8ad0653f37.js ... 
2026-04-03 19:07:56 +0000  189787 bytes for ./Payload/HP Smart Printer App - HPSmart.app/www/_next/static/chunks/framework-d7945a8ad0653f37.js
2026-04-03 19:07:56 +0000  copying file ./Payload/HP Smart Printer App - HPSmart.app/www/_next/static/chunks/5691.8d7e8bfeeacea22d.js ... 
2026-04-03 19:07:56 +0000  7808 bytes for ./Payload/HP Smart Printer App - HPSmart.app/www/_next/static/chunks/5691.8d7e8bfeeacea22d.js
2026-04-03 19:07:56 +0000  copying file ./Payload/HP Smart Printer App - HPSmart.app/www/_next/static/chunks/4531-14481f46180be207.js ... 
2026-04-03 19:07:56 +0000  9730 bytes for ./Payload/HP Smart Printer App - HPSmart.app/www/_next/static/chunks/4531-14481f46180be207.js
2026-04-03 19:07:56 +0000  copying file ./Payload/HP Smart Printer App - HPSmart.app/www/_next/static/chunks/9013.7440926aef03db6a.js ... 
2026-04-03 19:07:56 +0000  14805 bytes for ./Payload/HP Smart Printer App - HPSmart.app/www/_next/static/chunks/9013.7440926aef03db6a.js
2026-04-03 19:07:56 +0000  copying file ./Payload/HP Smart Printer App - HPSmart.app/www/_next/static/chunks/main-f87e76ee03ba94c8.js ... 
2026-04-03 19:07:56 +0000  127967 bytes for ./Payload/HP Smart Printer App - HPSmart.app/www/_next/static/chunks/main-f87e76ee03ba94c8.js
2026-04-03 19:07:56 +0000  copying file ./Payload/HP Smart Printer App - HPSmart.app/www/_next/static/chunks/4199.52b11f53afb6f733.js ... 
2026-04-03 19:07:56 +0000  74483 bytes for ./Payload/HP Smart Printer App - HPSmart.app/www/_next/static/chunks/4199.52b11f53afb6f733.js
2026-04-03 19:07:56 +0000  copying file ./Payload/HP Smart Printer App - HPSmart.app/www/_next/static/chunks/164f4fb6.4a772ff4ef9becff.js ... 
2026-04-03 19:07:56 +0000  329078 bytes for ./Payload/HP Smart Printer App - HPSmart.app/www/_next/static/chunks/164f4fb6.4a772ff4ef9becff.js
2026-04-03 19:07:56 +0000  copying file ./Payload/HP Smart Printer App - HPSmart.app/www/_next/static/chunks/9179.c885bb311d87e74b.js ... 
2026-04-03 19:07:56 +0000  106 bytes for ./Payload/HP Smart Printer App - HPSmart.app/www/_next/static/chunks/9179.c885bb311d87e74b.js
2026-04-03 19:07:56 +0000  copying file ./Payload/HP Smart Printer App - HPSmart.app/www/_next/static/chunks/1029-cfe1019de973f2c5.js ... 
2026-04-03 19:07:56 +0000  22779 bytes for ./Payload/HP Smart Printer App - HPSmart.app/www/_next/static/chunks/1029-cfe1019de973f2c5.js
2026-04-03 19:07:56 +0000  copying file ./Payload/HP Smart Printer App - HPSmart.app/www/_next/static/chunks/9b0008ae-646b78c0ed5fee25.js ... 
2026-04-03 19:07:56 +0000  318152 bytes for ./Payload/HP Smart Printer App - HPSmart.app/www/_next/static/chunks/9b0008ae-646b78c0ed5fee25.js
2026-04-03 19:07:56 +0000  copying file ./Payload/HP Smart Printer App - HPSmart.app/www/_next/static/chunks/2605.bdd86235aad395a8.js ... 
2026-04-03 19:07:56 +0000  2670 bytes for ./Payload/HP Smart Printer App - HPSmart.app/www/_next/static/chunks/2605.bdd86235aad395a8.js
2026-04-03 19:07:56 +0000  copying file ./Payload/HP Smart Printer App - HPSmart.app/www/_next/static/chunks/pages/_error-c970d8b55ace1b48.js ... 
2026-04-03 19:07:56 +0000  224 bytes for ./Payload/HP Smart Printer App - HPSmart.app/www/_next/static/chunks/pages/_error-c970d8b55ace1b48.js
2026-04-03 19:07:56 +0000  copying file ./Payload/HP Smart Printer App - HPSmart.app/www/_next/static/chunks/pages/_app-4b3fb5e477a0267f.js ... 
2026-04-03 19:07:56 +0000  241 bytes for ./Payload/HP Smart Printer App - HPSmart.app/www/_next/static/chunks/pages/_app-4b3fb5e477a0267f.js
2026-04-03 19:07:56 +0000  copying file ./Payload/HP Smart Printer App - HPSmart.app/www/_next/static/chunks/9010-6cccce5ef99c481e.js ... 
2026-04-03 19:07:56 +0000  22572 bytes for ./Payload/HP Smart Printer App - HPSmart.app/www/_next/static/chunks/9010-6cccce5ef99c481e.js
2026-04-03 19:07:56 +0000  copying file ./Payload/HP Smart Printer App - HPSmart.app/www/_next/static/chunks/polyfills-42372ed130431b0a.js ... 
2026-04-03 19:07:56 +0000  112594 bytes for ./Payload/HP Smart Printer App - HPSmart.app/www/_next/static/chunks/polyfills-42372ed130431b0a.js
2026-04-03 19:07:56 +0000  copying file ./Payload/HP Smart Printer App - HPSmart.app/www/_next/static/chunks/67b122cf-209708f8164d2606.js ... 
2026-04-03 19:07:56 +0000  83264 bytes for ./Payload/HP Smart Printer App - HPSmart.app/www/_next/static/chunks/67b122cf-209708f8164d2606.js
2026-04-03 19:07:56 +0000  copying file ./Payload/HP Smart Printer App - HPSmart.app/www/_next/static/chunks/1050-aafdf3cb975be3d7.js ... 
2026-04-03 19:07:56 +0000  453703 bytes for ./Payload/HP Smart Printer App - HPSmart.app/www/_next/static/chunks/1050-aafdf3cb975be3d7.js
2026-04-03 19:07:56 +0000  copying file ./Payload/HP Smart Printer App - HPSmart.app/www/_next/static/chunks/5982.606da7cce905dcda.js ... 
2026-04-03 19:07:56 +0000  13028 bytes for ./Payload/HP Smart Printer App - HPSmart.app/www/_next/static/chunks/5982.606da7cce905dcda.js
2026-04-03 19:07:56 +0000  copying file ./Payload/HP Smart Printer App - HPSmart.app/www/_next/static/chunks/634-df746c18cf4f4647.js ... 
2026-04-03 19:07:56 +0000  28286 bytes for ./Payload/HP Smart Printer App - HPSmart.app/www/_next/static/chunks/634-df746c18cf4f4647.js
2026-04-03 19:07:56 +0000  copying file ./Payload/HP Smart Printer App - HPSmart.app/www/_next/static/chunks/a80f7af1.ef2a8d08dd8a8beb.js ... 
2026-04-03 19:07:56 +0000  273932 bytes for ./Payload/HP Smart Printer App - HPSmart.app/www/_next/static/chunks/a80f7af1.ef2a8d08dd8a8beb.js
2026-04-03 19:07:56 +0000  copying file ./Payload/HP Smart Printer App - HPSmart.app/www/_next/static/5ErvN92YrE3wecUyHgMkd/_ssgManifest.js ... 
2026-04-03 19:07:56 +0000  367 bytes for ./Payload/HP Smart Printer App - HPSmart.app/www/_next/static/5ErvN92YrE3wecUyHgMkd/_ssgManifest.js
2026-04-03 19:07:56 +0000  copying file ./Payload/HP Smart Printer App - HPSmart.app/www/_next/static/5ErvN92YrE3wecUyHgMkd/_buildManifest.js ... 
2026-04-03 19:07:56 +0000  619 bytes for ./Payload/HP Smart Printer App - HPSmart.app/www/_next/static/5ErvN92YrE3wecUyHgMkd/_buildManifest.js
copying file ./Payload/HP Smart Printer App - HPSmart.app/www/_next/static/media/8e9860b6e62d6359-s.p.woff2 ... 
2026-04-03 19:07:56 +0000  85272 bytes for ./Payload/HP Smart Printer App - HPSmart.app/www/_next/static/media/8e9860b6e62d6359-s.p.woff2
2026-04-03 19:07:56 +0000  copying file ./Payload/HP Smart Printer App - HPSmart.app/www/_next/static/media/ba9851c3c22cd980-s.woff2 ... 
2026-04-03 19:07:56 +0000  25844 bytes for ./Payload/HP Smart Printer App - HPSmart.app/www/_next/static/media/ba9851c3c22cd980-s.woff2
2026-04-03 19:07:56 +0000  copying file ./Payload/HP Smart Printer App - HPSmart.app/www/_next/static/media/19cfc7226ec3afaa-s.woff2 ... 
2026-04-03 19:07:56 +0000  19044 bytes for ./Payload/HP Smart Printer App - HPSmart.app/www/_next/static/media/19cfc7226ec3afaa-s.woff2
2026-04-03 19:07:56 +0000  copying file ./Payload/HP Smart Printer App - HPSmart.app/www/_next/static/media/21350d82a1f187e9-s.woff2 ... 
2026-04-03 19:07:56 +0000  18744 bytes for ./Payload/HP Smart Printer App - HPSmart.app/www/_next/static/media/21350d82a1f187e9-s.woff2
2026-04-03 19:07:56 +0000  copying file ./Payload/HP Smart Printer App - HPSmart.app/www/_next/static/media/939c4f875ee75fbb-s.woff2 ... 
2026-04-03 19:07:56 +0000  15204 bytes for ./Payload/HP Smart Printer App - HPSmart.app/www/_next/static/media/939c4f875ee75fbb-s.woff2
2026-04-03 19:07:56 +0000  copying file ./Payload/HP Smart Printer App - HPSmart.app/www/_next/static/media/df0a9ae256c0569c-s.woff2 ... 
2026-04-03 19:07:56 +0000  10280 bytes for ./Payload/HP Smart Printer App - HPSmart.app/www/_next/static/media/df0a9ae256c0569c-s.woff2
2026-04-03 19:07:56 +0000  copying file ./Payload/HP Smart Printer App - HPSmart.app/www/_next/static/media/0aa834ed78bf6d07-s.woff2 ... 
2026-04-03 19:07:56 +0000  12064 bytes for ./Payload/HP Smart Printer App - HPSmart.app/www/_next/static/media/0aa834ed78bf6d07-s.woff2
2026-04-03 19:07:56 +0000  copying file ./Payload/HP Smart Printer App - HPSmart.app/www/_next/static/media/67957d42bae0796d-s.woff2 ... 
2026-04-03 19:07:56 +0000  9084 bytes for ./Payload/HP Smart Printer App - HPSmart.app/www/_next/static/media/67957d42bae0796d-s.woff2
2026-04-03 19:07:56 +0000  copying file ./Payload/HP Smart Printer App - HPSmart.app/www/_next/static/media/bb3ef058b751a6ad-s.woff2 ... 
2026-04-03 19:07:56 +0000  40480 bytes for ./Payload/HP Smart Printer App - HPSmart.app/www/_next/static/media/bb3ef058b751a6ad-s.woff2
2026-04-03 19:07:56 +0000  copying file ./Payload/HP Smart Printer App - HPSmart.app/www/_next/static/media/c5fe6dc8356a8c31-s.woff2 ... 
2026-04-03 19:07:56 +0000  11272 bytes for ./Payload/HP Smart Printer App - HPSmart.app/www/_next/static/media/c5fe6dc8356a8c31-s.woff2
2026-04-03 19:07:56 +0000  copying file ./Payload/HP Smart Printer App - HPSmart.app/www/_next/static/media/886030b0b59bc5a7-s.woff2 ... 
2026-04-03 19:07:56 +0000  2020 bytes for ./Payload/HP Smart Printer App - HPSmart.app/www/_next/static/media/886030b0b59bc5a7-s.woff2
2026-04-03 19:07:56 +0000  copying file ./Payload/HP Smart Printer App - HPSmart.app/www/_next/static/media/f911b923c6adde36-s.woff2 ... 
2026-04-03 19:07:56 +0000  7468 bytes for ./Payload/HP Smart Printer App - HPSmart.app/www/_next/static/media/f911b923c6adde36-s.woff2
2026-04-03 19:07:56 +0000  copying file ./Payload/HP Smart Printer App - HPSmart.app/www/_next/static/media/e4af272ccee01ff0-s.p.woff2 ... 
2026-04-03 19:07:56 +0000  48432 bytes for ./Payload/HP Smart Printer App - HPSmart.app/www/_next/static/media/e4af272ccee01ff0-s.p.woff2
2026-04-03 19:07:56 +0000  copying file ./Payload/HP Smart Printer App - HPSmart.app/www/qpdf.js ... 
2026-04-03 19:07:56 +0000  43376 bytes for ./Payload/HP Smart Printer App - HPSmart.app/www/qpdf.js
2026-04-03 19:07:56 +0000  copying file ./Payload/HP Smart Printer App - HPSmart.app/www/index.html ... 
2026-04-03 19:07:56 +0000  6617 bytes for ./Payload/HP Smart Printer App - HPSmart.app/www/index.html
2026-04-03 19:07:56 +0000  copying file ./Payload/HP Smart Printer App - HPSmart.app/www/pdfjs-viewer/pdf_viewer.d.mts ... 
2026-04-03 19:07:56 +0000  54 bytes for ./Payload/HP Smart Printer App - HPSmart.app/www/pdfjs-viewer/pdf_viewer.d.mts
2026-04-03 19:07:56 +0000  copying file ./Payload/HP Smart Printer App - HPSmart.app/www/pdfjs-viewer/locale/sl/viewer.ftl ... 
2026-04-03 19:07:56 +0000  27131 bytes for ./Payload/HP Smart Printer App - HPSmart.app/www/pdfjs-viewer/locale/sl/viewer.ftl
2026-04-03 19:07:56 +0000  copying file ./Payload/HP Smart Printer App - HPSmart.app/www/pdfjs-viewer/locale/szl/viewer.ftl ... 
2026-04-03 19:07:56 +0000  8994 bytes for ./Payload/HP Smart Printer App - HPSmart.app/www/pdfjs-viewer/locale/szl/viewer.ftl
2026-04-03 19:07:56 +0000  copying file ./Payload/HP Smart Printer App - HPSmart.app/www/pdfjs-viewer/locale/sk/viewer.ftl ... 
2026-04-03 19:07:56 +0000  27960 bytes for ./Payload/HP Smart Printer App - HPSmart.app/www/pdfjs-viewer/locale/sk/viewer.ftl
2026-04-03 19:07:56 +0000  copying file ./Payload/HP Smart Printer App - HPSmart.app/www/pdfjs-viewer/locale/ur/viewer.ftl ... 
2026-04-03 19:07:56 +0000  9463 bytes for ./Payload/HP Smart Printer App - HPSmart.app/www/pdfjs-viewer/locale/ur/viewer.ftl
2026-04-03 19:07:56 +0000  copying file ./Payload/HP Smart Printer App - HPSmart.app/www/pdfjs-viewer/locale/fy-NL/viewer.ftl ... 
2026-04-03 19:07:56 +0000  27171 bytes for ./Payload/HP Smart Printer App - HPSmart.app/www/pdfjs-viewer/locale/fy-NL/viewer.ftl
2026-04-03 19:07:56 +0000  copying file ./Payload/HP Smart Printer App - HPSmart.app/www/pdfjs-viewer/locale/kab/viewer.ftl ... 
2026-04-03 19:07:56 +0000  23674 bytes for ./Payload/HP Smart Printer App - HPSmart.app/www/pdfjs-viewer/locale/kab/viewer.ftl
2026-04-03 19:07:56 +0000  copying file ./Payload/HP Smart Printer App - HPSmart.app/www/pdfjs-viewer/locale/uz/viewer.ftl ... 
2026-04-03 19:07:56 +0000  5516 bytes for ./Payload/HP Smart Printer App - HPSmart.app/www/pdfjs-viewer/locale/uz/viewer.ftl
2026-04-03 19:07:56 +0000  copying file ./Payload/HP Smart Printer App - HPSmart.app/www/pdfjs-viewer/locale/sc/viewer.ftl ... 
2026-04-03 19:07:56 +0000  14422 bytes for ./Payload/HP Smart Printer App - HPSmart.app/www/pdfjs-viewer/locale/sc/viewer.ftl
2026-04-03 19:07:56 +0000  copying file ./Payload/HP Smart Printer App - HPSmart.app/www/pdfjs-viewer/locale/pl/viewer.ftl ... 
2026-04-03 19:07:56 +0000  27468 bytes for ./Payload/HP Smart Printer App - HPSmart.app/www/pdfjs-viewer/locale/pl/viewer.ftl
2026-04-03 19:07:56 +0000  copying file ./Payload/HP Smart Printer App - HPSmart.app/www/pdfjs-viewer/locale/vi/viewer.ftl ... 
2026-04-03 19:07:56 +0000  28373 bytes for ./Payload/HP Smart Printer App - HPSmart.app/www/pdfjs-viewer/locale/vi/viewer.ftl
2026-04-03 19:07:56 +0000  copying file ./Payload/HP Smart Printer App - HPSmart.app/www/pdfjs-viewer/locale/sq/viewer.ftl ... 
2026-04-03 19:07:56 +0000  25557 bytes for ./Payload/HP Smart Printer App - HPSmart.app/www/pdfjs-viewer/locale/sq/viewer.ftl
2026-04-03 19:07:56 +0000  copying file ./Payload/HP Smart Printer App - HPSmart.app/www/pdfjs-viewer/locale/he/viewer.ftl ... 
2026-04-03 19:07:56 +0000  29324 bytes for ./Payload/HP Smart Printer App - HPSmart.app/www/pdfjs-viewer/locale/he/viewer.ftl
2026-04-03 19:07:56 +0000  copying file ./Payload/HP Smart Printer App - HPSmart.app/www/pdfjs-viewer/locale/ms/viewer.ftl ... 
2026-04-03 19:07:56 +0000  8471 bytes for ./Payload/HP Smart Printer App - HPSmart.app/www/pdfjs-viewer/locale/ms/viewer.ftl
2026-04-03 19:07:56 +0000  copying file ./Payload/HP Smart Printer App - HPSmart.app/www/pdfjs-viewer/locale/km/viewer.ftl ... 
2026-04-03 19:07:56 +0000  10658 bytes for ./Payload/HP Smart Printer App - HPSmart.app/www/pdfjs-viewer/locale/km/viewer.ftl
2026-04-03 19:07:56 +0000  copying file ./Payload/HP Smart Printer App - HPSmart.app/www/pdfjs-viewer/locale/nn-NO/viewer.ftl ... 
2026-04-03 19:07:56 +0000  26556 bytes for ./Payload/HP Smart Printer App - HPSmart.app/www/pdfjs-viewer/locale/nn-NO/viewer.ftl
2026-04-03 19:07:56 +0000  copying file ./Payload/HP Smart Printer App - HPSmart.app/www/pdfjs-viewer/locale/be/viewer.ftl ... 
2026-04-03 19:07:56 +0000  33362 bytes for ./Payload/HP Smart Printer App - HPSmart.app/www/pdfjs-viewer/locale/be/viewer.ftl
2026-04-03 19:07:56 +0000  copying file ./Payload/HP Smart Printer App - HPSmart.app/www/pdfjs-viewer/locale/es-ES/viewer.ftl ... 
2026-04-03 19:07:56 +0000  26064 bytes for ./Payload/HP Smart Printer App - HPSmart.app/www/pdfjs-viewer/locale/es-ES/viewer.ftl
2026-04-03 19:07:56 +0000  copying file ./Payload/HP Smart Printer App - HPSmart.app/www/pdfjs-viewer/locale/da/viewer.ftl ... 
2026-04-03 19:07:56 +0000  26786 bytes for ./Payload/HP Smart Printer App - HPSmart.app/www/pdfjs-viewer/locale/da/viewer.ftl
2026-04-03 19:07:56 +0000  copying file ./Payload/HP Smart Printer App - HPSmart.app/www/pdfjs-viewer/locale/gn/viewer.ftl ... 
2026-04-03 19:07:56 +0000  27616 bytes for ./Payload/HP Smart Printer App - HPSmart.app/www/pdfjs-viewer/locale/gn/viewer.ftl
2026-04-03 19:07:56 +0000  copying file ./Payload/HP Smart Printer App - HPSmart.app/www/pdfjs-viewer/locale/mr/viewer.ftl ... 
2026-04-03 19:07:56 +0000  10840 bytes for ./Payload/HP Smart Printer App - HPSmart.app/www/pdfjs-viewer/locale/mr/viewer.ftl
2026-04-03 19:07:56 +0000  copying file ./Payload/HP Smart Printer App - HPSmart.app/www/pdfjs-viewer/locale/kk/viewer.ftl ... 
2026-04-03 19:07:56 +0000  32073 bytes for ./Payload/HP Smart Printer App - HPSmart.app/www/pdfjs-viewer/locale/kk/viewer.ftl
2026-04-03 19:07:56 +0000  copying file ./Payload/HP Smart Printer App - HPSmart.app/www/pdfjs-viewer/locale/trs/viewer.ftl ... 
2026-04-03 19:07:56 +0000  6306 bytes for ./Payload/HP Smart Printer App - HPSmart.app/www/pdfjs-viewer/locale/trs/viewer.ftl
2026-04-03 19:07:56 +0000  copying file ./Payload/HP Smart Printer App - HPSmart.app/www/pdfjs-viewer/locale/es-CL/viewer.ftl ... 
2026-04-03 19:07:56 +0000  27462 bytes for ./Payload/HP Smart Printer App - HPSmart.app/www/pdfjs-viewer/locale/es-CL/viewer.ftl
2026-04-03 19:07:56 +0000  copying file ./Payload/HP Smart Printer App - HPSmart.app/www/pdfjs-viewer/locale/ja/viewer.ftl ... 
2026-04-03 19:07:56 +0000  28680 bytes for ./Payload/HP Smart Printer App - HPSmart.app/www/pdfjs-viewer/locale/ja/viewer.ftl
2026-04-03 19:07:56 +0000  copying file ./Payload/HP Smart Printer App - HPSmart.app/www/pdfjs-viewer/locale/el/viewer.ftl ... 
2026-04-03 19:07:56 +0000  34453 bytes for ./Payload/HP Smart Printer App - HPSmart.app/www/pdfjs-viewer/locale/el/viewer.ftl
2026-04-03 19:07:56 +0000  copying file ./Payload/HP Smart Printer App - HPSmart.app/www/pdfjs-viewer/locale/sco/viewer.ftl ... 
2026-04-03 19:07:56 +0000  8882 bytes for ./Payload/HP Smart Printer App - HPSmart.app/www/pdfjs-viewer/locale/sco/viewer.ftl
2026-04-03 19:07:56 +0000  copying file ./Payload/HP Smart Printer App - HPSmart.app/www/pdfjs-viewer/locale/lv/viewer.ftl ... 
2026-04-03 19:07:56 +0000  8660 bytes for ./Payload/HP Smart Printer App - HPSmart.app/www/pdfjs-viewer/locale/lv/viewer.ftl
2026-04-03 19:07:56 +0000  copying file ./Payload/HP Smart Printer App - HPSmart.app/www/pdfjs-viewer/locale/es-AR/viewer.ftl ... 
2026-04-03 19:07:56 +0000  27275 bytes for ./Payload/HP Smart Printer App - HPSmart.app/www/pdfjs-viewer/locale/es-AR/viewer.ftl
2026-04-03 19:07:56 +0000  copying file ./Payload/HP Smart Printer App - HPSmart.app/www/pdfjs-viewer/locale/oc/viewer.ftl ... 
2026-04-03 19:07:56 +0000  14945 bytes for ./Payload/HP Smart Printer App - HPSmart.app/www/pdfjs-viewer/locale/oc/viewer.ftl
2026-04-03 19:07:56 +0000  copying file ./Payload/HP Smart Printer App - HPSmart.app/www/pdfjs-viewer/locale/it/viewer.ftl ... 
2026-04-03 19:07:56 +0000  27695 bytes for ./Payload/HP Smart Printer App - HPSmart.app/www/pdfjs-viewer/locale/it/viewer.ftl
2026-04-03 19:07:56 +0000  copying file ./Payload/HP Smart Printer App - HPSmart.app/www/pdfjs-viewer/locale/ca/viewer.ftl ... 
2026-04-03 19:07:56 +0000  10594 bytes for ./Payload/HP Smart Printer App - HPSmart.app/www/pdfjs-viewer/locale/ca/viewer.ftl
2026-04-03 19:07:56 +0000  copying file ./Payload/HP Smart Printer App - HPSmart.app/www/pdfjs-viewer/locale/is/viewer.ftl ... 
2026-04-03 19:07:56 +0000  25879 bytes for ./Payload/HP Smart Printer App - HPSmart.app/www/pdfjs-viewer/locale/is/viewer.ftl
2026-04-03 19:07:56 +0000  copying file ./Payload/HP Smart Printer App - HPSmart.app/www/pdfjs-viewer/locale/cs/viewer.ftl ... 
2026-04-03 19:07:56 +0000  27577 bytes for ./Payload/HP Smart Printer App - HPSmart.app/www/pdfjs-viewer/locale/cs/viewer.ftl
2026-04-03 19:07:56 +0000  copying file ./Payload/HP Smart Printer App - HPSmart.app/www/pdfjs-viewer/locale/es-MX/viewer.ftl ... 
2026-04-03 19:07:56 +0000  23930 bytes for ./Payload/HP Smart Printer App - HPSmart.app/www/pdfjs-viewer/locale/es-MX/viewer.ftl
2026-04-03 19:07:56 +0000  copying file ./Payload/HP Smart Printer App - HPSmart.app/www/pdfjs-viewer/locale/scn/viewer.ftl ... 
2026-04-03 19:07:56 +0000  845 bytes for ./Payload/HP Smart Printer App - HPSmart.app/www/pdfjs-viewer/locale/scn/viewer.ftl
2026-04-03 19:07:56 +0000  copying file ./Payload/HP Smart Printer App - HPSmart.app/www/pdfjs-viewer/locale/ia/viewer.ftl ... 
2026-04-03 19:07:56 +0000  27317 bytes for ./Payload/HP Smart Printer App - HPSmart.app/www/pdfjs-viewer/locale/ia/viewer.ftl
2026-04-03 19:07:56 +0000  copying file ./Payload/HP Smart Printer App - HPSmart.app/www/pdfjs-viewer/locale/te/viewer.ftl ... 
2026-04-03 19:07:56 +0000  10940 bytes for ./Payload/HP Smart Printer App - HPSmart.app/www/pdfjs-viewer/locale/te/viewer.ftl
2026-04-03 19:07:56 +0000  copying file ./Payload/HP Smart Printer App - HPSmart.app/www/pdfjs-viewer/locale/fur/viewer.ftl ... 
2026-04-03 19:07:56 +0000  25850 bytes for ./Payload/HP Smart Printer App - HPSmart.app/www/pdfjs-viewer/locale/fur/viewer.ftl
2026-04-03 19:07:56 +0000  copying file ./Payload/HP Smart Printer App - HPSmart.app/www/pdfjs-viewer/locale/ga-IE/viewer.ftl ... 
2026-04-03 19:07:56 +0000  6792 bytes for ./Payload/HP Smart Printer App - HPSmart.app/www/pdfjs-viewer/locale/ga-IE/viewer.ftl
2026-04-03 19:07:56 +0000  copying file ./Payload/HP Smart Printer App - HPSmart.app/www/pdfjs-viewer/locale/ach/viewer.ftl ... 
2026-04-03 19:07:56 +0000  7258 bytes for ./Payload/HP Smart Printer App - HPSmart.app/www/pdfjs-viewer/locale/ach/viewer.ftl
2026-04-03 19:07:56 +0000  copying file ./Payload/HP Smart Printer App - HPSmart.app/www/pdfjs-viewer/locale/ru/viewer.ftl ... 
2026-04-03 19:07:56 +0000  34030 bytes for ./Payload/HP Smart Printer App - HPSmart.app/www/pdfjs-viewer/locale/ru/viewer.ftl
2026-04-03 19:07:56 +0000  copying file ./Payload/HP Smart Printer App - HPSmart.app/www/pdfjs-viewer/locale/tl/viewer.ftl ... 
2026-04-03 19:07:56 +0000  9103 bytes for ./Payload/HP Smart Printer App - HPSmart.app/www/pdfjs-viewer/locale/tl/viewer.ftl
2026-04-03 19:07:56 +0000  copying file ./Payload/HP Smart Printer App - HPSmart.app/www/pdfjs-viewer/locale/en-GB/viewer.ftl ... 
2026-04-03 19:07:56 +0000  25823 bytes for ./Payload/HP Smart Printer App - HPSmart.app/www/pdfjs-viewer/locale/en-GB/viewer.ftl
2026-04-03 19:07:56 +0000  copying file ./Payload/HP Smart Printer App - HPSmart.app/www/pdfjs-viewer/locale/meh/viewer.ftl ... 
2026-04-03 19:07:56 +0000  1497 bytes for ./Payload/HP Smart Printer App - HPSmart.app/www/pdfjs-viewer/locale/meh/viewer.ftl
2026-04-03 19:07:56 +0000  copying file ./Payload/HP Smart Printer App - HPSmart.app/www/pdfjs-viewer/locale/locale.json ... 
2026-04-03 19:07:56 +0000  2519 bytes for ./Payload/HP Smart Printer App - HPSmart.app/www/pdfjs-viewer/locale/locale.json
2026-04-03 19:07:56 +0000  copying file ./Payload/HP Smart Printer App - HPSmart.app/www/pdfjs-viewer/locale/hye/viewer.ftl ... 
2026-04-03 19:07:56 +0000  11724 bytes for ./Payload/HP Smart Printer App - HPSmart.app/www/pdfjs-viewer/locale/hye/viewer.ftl
2026-04-03 19:07:56 +0000  copying file ./Payload/HP Smart Printer App - HPSmart.app/www/pdfjs-viewer/locale/hy-AM/viewer.ftl ... 
2026-04-03 19:07:56 +0000  33880 bytes for ./Payload/HP Smart Printer App - HPSmart.app/www/pdfjs-viewer/locale/hy-AM/viewer.ftl
2026-04-03 19:07:56 +0000  copying file ./Payload/HP Smart Printer App - HPSmart.app/www/pdfjs-viewer/locale/gu-IN/viewer.ftl ... 
2026-04-03 19:07:56 +0000  11740 bytes for ./Payload/HP Smart Printer App - HPSmart.app/www/pdfjs-viewer/locale/gu-IN/viewer.ftl
2026-04-03 19:07:56 +0000  copying file ./Payload/HP Smart Printer App - HPSmart.app/www/pdfjs-viewer/locale/xh/viewer.ftl ... 
2026-04-03 19:07:56 +0000  6728 bytes for ./Payload/HP Smart Printer App - HPSmart.app/www/pdfjs-viewer/locale/xh/viewer.ftl
2026-04-03 19:07:56 +0000  copying file ./Payload/HP Smart Printer App - HPSmart.app/www/pdfjs-viewer/locale/ro/viewer.ftl ... 
2026-04-03 19:07:56 +0000  27756 bytes for ./Payload/HP Smart Printer App - HPSmart.app/www/pdfjs-viewer/locale/ro/viewer.ftl
2026-04-03 19:07:56 +0000  copying file ./Payload/HP Smart Printer App - HPSmart.app/www/pdfjs-viewer/locale/hsb/viewer.ftl ... 
2026-04-03 19:07:56 +0000  28092 bytes for ./Payload/HP Smart Printer App - HPSmart.app/www/pdfjs-viewer/locale/hsb/viewer.ftl
2026-04-03 19:07:56 +0000  copying file ./Payload/HP Smart Printer App - HPSmart.app/www/pdfjs-viewer/locale/cak/viewer.ftl ... 
2026-04-03 19:07:56 +0000  10365 bytes for ./Payload/HP Smart Printer App - HPSmart.app/www/pdfjs-viewer/locale/cak/viewer.ftl
2026-04-03 19:07:56 +0000  copying file ./Payload/HP Smart Printer App - HPSmart.app/www/pdfjs-viewer/locale/zh-CN/viewer.ftl ... 
2026-04-03 19:07:56 +0000  25342 bytes for ./Payload/HP Smart Printer App - HPSmart.app/www/pdfjs-viewer/locale/zh-CN/viewer.ftl
2026-04-03 19:07:56 +0000  copying file ./Payload/HP Smart Printer App - HPSmart.app/www/pdfjs-viewer/locale/hi-IN/viewer.ftl ... 
2026-04-03 19:07:56 +0000  11412 bytes for ./Payload/HP Smart Printer App - HPSmart.app/www/pdfjs-viewer/locale/hi-IN/viewer.ftl
2026-04-03 19:07:56 +0000  copying file ./Payload/HP Smart Printer App - HPSmart.app/www/pdfjs-viewer/locale/ckb/viewer.ftl ... 
2026-04-03 19:07:56 +0000  9646 bytes for ./Payload/HP Smart Printer App - HPSmart.app/www/pdfjs-viewer/locale/ckb/viewer.ftl
2026-04-03 19:07:56 +0000  copying file ./Payload/HP Smart Printer App - HPSmart.app/www/pdfjs-viewer/locale/uk/viewer.ftl ... 
2026-04-03 19:07:56 +0000  31626 bytes for ./Payload/HP Smart Printer App - HPSmart.app/www/pdfjs-viewer/locale/uk/viewer.ftl
2026-04-03 19:07:56 +0000  copying file ./Payload/HP Smart Printer App - HPSmart.app/www/pdfjs-viewer/locale/sr/viewer.ftl ... 
2026-04-03 19:07:56 +0000  18928 bytes for ./Payload/HP Smart Printer App - HPSmart.app/www/pdfjs-viewer/locale/sr/viewer.ftl
2026-04-03 19:07:56 +0000  copying file ./Payload/HP Smart Printer App - HPSmart.app/www/pdfjs-viewer/locale/brx/viewer.ftl ... 
2026-04-03 19:07:56 +0000  9633 bytes for ./Payload/HP Smart Printer App - HPSmart.app/www/pdfjs-viewer/locale/brx/viewer.ftl
2026-04-03 19:07:56 +0000  copying file ./Payload/HP Smart Printer App - HPSmart.app/www/pdfjs-viewer/locale/en-CA/viewer.ftl ... 
2026-04-03 19:07:56 +0000  25827 bytes for ./Payload/HP Smart Printer App - HPSmart.app/www/pdfjs-viewer/locale/en-CA/viewer.ftl
2026-04-03 19:07:56 +0000  copying file ./Payload/HP Smart Printer App - HPSmart.app/www/pdfjs-viewer/locale/ltg/viewer.ftl ... 
2026-04-03 19:07:56 +0000  8588 bytes for ./Payload/HP Smart Printer App - HPSmart.app/www/pdfjs-viewer/locale/ltg/viewer.ftl
2026-04-03 19:07:56 +0000  copying file ./Payload/HP Smart Printer App - HPSmart.app/www/pdfjs-viewer/locale/pt-PT/viewer.ftl ... 
2026-04-03 19:07:56 +0000  25956 bytes for ./Payload/HP Smart Printer App - HPSmart.app/www/pdfjs-viewer/locale/pt-PT/viewer.ftl
2026-04-03 19:07:56 +0000  copying file ./Payload/HP Smart Printer App - HPSmart.app/www/pdfjs-viewer/locale/si/viewer.ftl ... 
2026-04-03 19:07:56 +0000  11044 bytes for ./Payload/HP Smart Printer App - HPSmart.app/www/pdfjs-viewer/locale/si/viewer.ftl
2026-04-03 19:07:56 +0000  copying file ./Payload/HP Smart Printer App - HPSmart.app/www/pdfjs-viewer/locale/ml/viewer.ftl ... 
2026-04-03 19:07:56 +0000  29429 bytes for ./Payload/HP Smart Printer App - HPSmart.app/www/pdfjs-viewer/locale/ml/viewer.ftl
2026-04-03 19:07:56 +0000  copying file ./Payload/HP Smart Printer App - HPSmart.app/www/pdfjs-viewer/locale/bo/viewer.ftl ... 
2026-04-03 19:07:56 +0000  8395 bytes for ./Payload/HP Smart Printer App - HPSmart.app/www/pdfjs-viewer/locale/bo/viewer.ftl
2026-04-03 19:07:56 +0000  copying file ./Payload/HP Smart Printer App - HPSmart.app/www/pdfjs-viewer/locale/mk/viewer.ftl ... 
2026-04-03 19:07:56 +0000  8720 bytes for ./Payload/HP Smart Printer App - HPSmart.app/www/pdfjs-viewer/locale/mk/viewer.ftl
2026-04-03 19:07:56 +0000  copying file ./Payload/HP Smart Printer App - HPSmart.app/www/pdfjs-viewer/locale/sat/viewer.ftl ... 
2026-04-03 19:07:56 +0000  14934 bytes for ./Payload/HP Smart Printer App - HPSmart.app/www/pdfjs-viewer/locale/sat/viewer.ftl
2026-04-03 19:07:56 +0000  copying file ./Payload/HP Smart Printer App - HPSmart.app/www/pdfjs-viewer/locale/an/viewer.ftl ... 
2026-04-03 19:07:56 +0000  9193 bytes for ./Payload/HP Smart Printer App - HPSmart.app/www/pdfjs-viewer/locale/an/viewer.ftl
2026-04-03 19:07:56 +0000  copying file ./Payload/HP Smart Printer App - HPSmart.app/www/pdfjs-viewer/locale/lij/viewer.ftl ... 
2026-04-03 19:07:56 +0000  8744 bytes for ./Payload/HP Smart Printer App - HPSmart.app/www/pdfjs-viewer/locale/lij/viewer.ftl
2026-04-03 19:07:56 +0000  copying file ./Payload/HP Smart Printer App - HPSmart.app/www/pdfjs-viewer/locale/kn/viewer.ftl ... 
2026-04-03 19:07:56 +0000  9582 bytes for ./Payload/HP Smart Printer App - HPSmart.app/www/pdfjs-viewer/locale/kn/viewer.ftl
2026-04-03 19:07:56 +0000  copying file ./Payload/HP Smart Printer App - HPSmart.app/www/pdfjs-viewer/locale/bs/viewer.ftl ... 
2026-04-03 19:07:56 +0000  26517 bytes for ./Payload/HP Smart Printer App - HPSmart.app/www/pdfjs-viewer/locale/bs/viewer.ftl
2026-04-03 19:07:56 +0000  copying file ./Payload/HP Smart Printer App - HPSmart.app/www/pdfjs-viewer/locale/zh-TW/viewer.ftl ... 
2026-04-03 19:07:56 +0000  25675 bytes for ./Payload/HP Smart Printer App - HPSmart.app/www/pdfjs-viewer/locale/zh-TW/viewer.ftl
2026-04-03 19:07:56 +0000  copying file ./Payload/HP Smart Printer App - HPSmart.app/www/pdfjs-viewer/locale/my/viewer.ftl ... 
2026-04-03 19:07:56 +0000  9106 bytes for ./Payload/HP Smart Printer App - HPSmart.app/www/pdfjs-viewer/locale/my/viewer.ftl
2026-04-03 19:07:56 +0000  copying file ./Payload/HP Smart Printer App - HPSmart.app/www/pdfjs-viewer/locale/ar/viewer.ftl ... 
2026-04-03 19:07:56 +0000  28757 bytes for ./Payload/HP Smart Printer App - HPSmart.app/www/pdfjs-viewer/locale/ar/viewer.ftl
2026-04-03 19:07:56 +0000  copying file ./Payload/HP Smart Printer App - HPSmart.app/www/pdfjs-viewer/locale/nb-NO/viewer.ftl ... 
2026-04-03 19:07:56 +0000  26554 bytes for ./Payload/HP Smart Printer App - HPSmart.app/www/pdfjs-viewer/locale/nb-NO/viewer.ftl
2026-04-03 19:07:56 +0000  copying file ./Payload/HP Smart Printer App - HPSmart.app/www/pdfjs-viewer/locale/gl/viewer.ftl ... 
2026-04-03 19:07:56 +0000  26221 bytes for ./Payload/HP Smart Printer App - HPSmart.app/www/pdfjs-viewer/locale/gl/viewer.ftl
2026-04-03 19:07:56 +0000  copying file ./Payload/HP Smart Printer App - HPSmart.app/www/pdfjs-viewer/locale/hr/viewer.ftl ... 
2026-04-03 19:07:56 +0000  25508 bytes for ./Payload/HP Smart Printer App - HPSmart.app/www/pdfjs-viewer/locale/hr/viewer.ftl
2026-04-03 19:07:56 +0000  copying file ./Payload/HP Smart Printer App - HPSmart.app/www/pdfjs-viewer/locale/pt-BR/viewer.ftl ... 
2026-04-03 19:07:56 +0000  27398 bytes for ./Payload/HP Smart Printer App - HPSmart.app/www/pdfjs-viewer/locale/pt-BR/viewer.ftl
2026-04-03 19:07:56 +0000  copying file ./Payload/HP Smart Printer App - HPSmart.app/www/pdfjs-viewer/locale/hu/viewer.ftl ... 
2026-04-03 19:07:56 +0000  28069 bytes for ./Payload/HP Smart Printer App - HPSmart.app/www/pdfjs-viewer/locale/hu/viewer.ftl
2026-04-03 19:07:56 +0000  copying file ./Payload/HP Smart Printer App - HPSmart.app/www/pdfjs-viewer/locale/nl/viewer.ftl ... 
2026-04-03 19:07:56 +0000  27544 bytes for ./Payload/HP Smart Printer App - HPSmart.app/www/pdfjs-viewer/locale/nl/viewer.ftl
2026-04-03 19:07:56 +0000  copying file ./Payload/HP Smart Printer App - HPSmart.app/www/pdfjs-viewer/locale/bg/viewer.ftl ... 
2026-04-03 19:07:56 +0000  18996 bytes for ./Payload/HP Smart Printer App - HPSmart.app/www/pdfjs-viewer/locale/bg/viewer.ftl
2026-04-03 19:07:56 +0000  copying file ./Payload/HP Smart Printer App - HPSmart.app/www/pdfjs-viewer/locale/bn/viewer.ftl ... 
2026-04-03 19:07:56 +0000  11544 bytes for ./Payload/HP Smart Printer App - HPSmart.app/www/pdfjs-viewer/locale/bn/viewer.ftl
2026-04-03 19:07:56 +0000  copying file ./Payload/HP Smart Printer App - HPSmart.app/www/pdfjs-viewer/locale/ast/viewer.ftl ... 
2026-04-03 19:07:56 +0000  6335 bytes for ./Payload/HP Smart Printer App - HPSmart.app/www/pdfjs-viewer/locale/ast/viewer.ftl
2026-04-03 19:07:56 +0000  copying file ./Payload/HP Smart Printer App - HPSmart.app/www/pdfjs-viewer/locale/af/viewer.ftl ... 
2026-04-03 19:07:56 +0000  6324 bytes for ./Payload/HP Smart Printer App - HPSmart.app/www/pdfjs-viewer/locale/af/viewer.ftl
2026-04-03 19:07:56 +0000  copying file ./Payload/HP Smart Printer App - HPSmart.app/www/pdfjs-viewer/locale/ka/viewer.ftl ... 
2026-04-03 19:07:56 +0000  38636 bytes for ./Payload/HP Smart Printer App - HPSmart.app/www/pdfjs-viewer/locale/ka/viewer.ftl
2026-04-03 19:07:56 +0000  copying file ./Payload/HP Smart Printer App - HPSmart.app/www/pdfjs-viewer/locale/de/viewer.ftl ... 
2026-04-03 19:07:56 +0000  27834 bytes for ./Payload/HP Smart Printer App - HPSmart.app/www/pdfjs-viewer/locale/de/viewer.ftl
2026-04-03 19:07:56 +0000  copying file ./Payload/HP Smart Printer App - HPSmart.app/www/pdfjs-viewer/locale/az/viewer.ftl ... 
2026-04-03 19:07:56 +0000  9230 bytes for ./Payload/HP Smart Printer App - HPSmart.app/www/pdfjs-viewer/locale/az/viewer.ftl
2026-04-03 19:07:56 +0000  copying file ./Payload/HP Smart Printer App - HPSmart.app/www/pdfjs-viewer/locale/gd/viewer.ftl ... 
2026-04-03 19:07:56 +0000  10644 bytes for ./Payload/HP Smart Printer App - HPSmart.app/www/pdfjs-viewer/locale/gd/viewer.ftl
2026-04-03 19:07:56 +0000  copying file ./Payload/HP Smart Printer App - HPSmart.app/www/pdfjs-viewer/locale/br/viewer.ftl ... 
2026-04-03 19:07:56 +0000  12695 bytes for ./Payload/HP Smart Printer App - HPSmart.app/www/pdfjs-viewer/locale/br/viewer.ftl
2026-04-03 19:07:56 +0000  copying file ./Payload/HP Smart Printer App - HPSmart.app/www/pdfjs-viewer/locale/skr/viewer.ftl ... 
2026-04-03 19:07:56 +0000  23579 bytes for ./Payload/HP Smart Printer App - HPSmart.app/www/pdfjs-viewer/locale/skr/viewer.ftl
2026-04-03 19:07:56 +0000  copying file ./Payload/HP Smart Printer App - HPSmart.app/www/pdfjs-viewer/locale/ko/viewer.ftl ... 
2026-04-03 19:07:56 +0000  27257 bytes for ./Payload/HP Smart Printer App - HPSmart.app/www/pdfjs-viewer/locale/ko/viewer.ftl
2026-04-03 19:07:56 +0000  copying file ./Payload/HP Smart Printer App - HPSmart.app/www/pdfjs-viewer/locale/fi/viewer.ftl ... 
2026-04-03 19:07:56 +0000  27125 bytes for ./Payload/HP Smart Printer App - HPSmart.app/www/pdfjs-viewer/locale/fi/viewer.ftl
2026-04-03 19:07:56 +0000  copying file ./Payload/HP Smart Printer App - HPSmart.app/www/pdfjs-viewer/locale/son/viewer.ftl ... 
2026-04-03 19:07:56 +0000  5977 bytes for ./Payload/HP Smart Printer App - HPSmart.app/www/pdfjs-viewer/locale/son/viewer.ftl
2026-04-03 19:07:56 +0000  copying file ./Payload/HP Smart Printer App - HPSmart.app/www/pdfjs-viewer/locale/eo/viewer.ftl ... 
2026-04-03 19:07:56 +0000  27066 bytes for ./Payload/HP Smart Printer App - HPSmart.app/www/pdfjs-viewer/locale/eo/viewer.ftl
2026-04-03 19:07:56 +0000  copying file ./Payload/HP Smart Printer App - HPSmart.app/www/pdfjs-viewer/locale/id/viewer.ftl ... 
2026-04-03 19:07:56 +0000  26478 bytes for ./Payload/HP Smart Printer App - HPSmart.app/www/pdfjs-viewer/locale/id/viewer.ftl
2026-04-03 19:07:56 +0000  copying file ./Payload/HP Smart Printer App - HPSmart.app/www/pdfjs-viewer/locale/fr/viewer.ftl ... 
2026-04-03 19:07:56 +0000  28045 bytes for ./Payload/HP Smart Printer App - HPSmart.app/www/pdfjs-viewer/locale/fr/viewer.ftl
2026-04-03 19:07:56 +0000  copying file ./Payload/HP Smart Printer App - HPSmart.app/www/pdfjs-viewer/locale/sv-SE/viewer.ftl ... 
2026-04-03 19:07:56 +0000  26644 bytes for ./Payload/HP Smart Printer App - HPSmart.app/www/pdfjs-viewer/locale/sv-SE/viewer.ftl
2026-04-03 19:07:56 +0000  copying file ./Payload/HP Smart Printer App - HPSmart.app/www/pdfjs-viewer/locale/et/viewer.ftl ... 
2026-04-03 19:07:56 +0000  9466 bytes for ./Payload/HP Smart Printer App - HPSmart.app/www/pdfjs-viewer/locale/et/viewer.ftl
2026-04-03 19:07:56 +0000  copying file ./Payload/HP Smart Printer App - HPSmart.app/www/pdfjs-viewer/locale/fa/viewer.ftl ... 
2026-04-03 19:07:56 +0000  13594 bytes for ./Payload/HP Smart Printer App - HPSmart.app/www/pdfjs-viewer/locale/fa/viewer.ftl
2026-04-03 19:07:56 +0000  copying file ./Payload/HP Smart Printer App - HPSmart.app/www/pdfjs-viewer/locale/lt/viewer.ftl ... 
2026-04-03 19:07:56 +0000  9747 bytes for ./Payload/HP Smart Printer App - HPSmart.app/www/pdfjs-viewer/locale/lt/viewer.ftl
2026-04-03 19:07:56 +0000  copying file ./Payload/HP Smart Printer App - HPSmart.app/www/pdfjs-viewer/locale/ff/viewer.ftl ... 
2026-04-03 19:07:56 +0000  8469 bytes for ./Payload/HP Smart Printer App - HPSmart.app/www/pdfjs-viewer/locale/ff/viewer.ftl
2026-04-03 19:07:56 +0000  copying file ./Payload/HP Smart Printer App - HPSmart.app/www/pdfjs-viewer/locale/cy/viewer.ftl ... 
2026-04-03 19:07:56 +0000  27305 bytes for ./Payload/HP Smart Printer App - HPSmart.app/www/pdfjs-viewer/locale/cy/viewer.ftl
2026-04-03 19:07:56 +0000  copying file ./Payload/HP Smart Printer App - HPSmart.app/www/pdfjs-viewer/locale/en-US/viewer.ftl ... 
2026-04-03 19:07:56 +0000  26900 bytes for ./Payload/HP Smart Printer App - HPSmart.app/www/pdfjs-viewer/locale/en-US/viewer.ftl
2026-04-03 19:07:56 +0000  copying file ./Payload/HP Smart Printer App - HPSmart.app/www/pdfjs-viewer/locale/eu/viewer.ftl ... 
2026-04-03 19:07:56 +0000  27164 bytes for ./Payload/HP Smart Printer App - HPSmart.app/www/pdfjs-viewer/locale/eu/viewer.ftl
2026-04-03 19:07:56 +0000  copying file ./Payload/HP Smart Printer App - HPSmart.app/www/pdfjs-viewer/locale/lo/viewer.ftl ... 
2026-04-03 19:07:56 +0000  13628 bytes for ./Payload/HP Smart Printer App - HPSmart.app/www/pdfjs-viewer/locale/lo/viewer.ftl
2026-04-03 19:07:56 +0000  copying file ./Payload/HP Smart Printer App - HPSmart.app/www/pdfjs-viewer/locale/ne-NP/viewer.ftl ... 
2026-04-03 19:07:56 +0000  11043 bytes for ./Payload/HP Smart Printer App - HPSmart.app/www/pdfjs-viewer/locale/ne-NP/viewer.ftl
2026-04-03 19:07:56 +0000  copying file ./Payload/HP Smart Printer App - HPSmart.app/www/pdfjs-viewer/locale/rm/viewer.ftl ... 
2026-04-03 19:07:56 +0000  26318 bytes for ./Payload/HP Smart Printer App - HPSmart.app/www/pdfjs-viewer/locale/rm/viewer.ftl
2026-04-03 19:07:56 +0000  copying file ./Payload/HP Smart Printer App - HPSmart.app/www/pdfjs-viewer/locale/dsb/viewer.ftl ... 
2026-04-03 19:07:56 +0000  28115 bytes for ./Payload/HP Smart Printer App - HPSmart.app/www/pdfjs-viewer/locale/dsb/viewer.ftl
2026-04-03 19:07:56 +0000  copying file ./Payload/HP Smart Printer App - HPSmart.app/www/pdfjs-viewer/locale/ta/viewer.ftl ... 
2026-04-03 19:07:56 +0000  10959 bytes for ./Payload/HP Smart Printer App - HPSmart.app/www/pdfjs-viewer/locale/ta/viewer.ftl
2026-04-03 19:07:56 +0000  copying file ./Payload/HP Smart Printer App - HPSmart.app/www/pdfjs-viewer/locale/th/viewer.ftl ... 
2026-04-03 19:07:56 +0000  35640 bytes for ./Payload/HP Smart Printer App - HPSmart.app/www/pdfjs-viewer/locale/th/viewer.ftl
2026-04-03 19:07:56 +0000  copying file ./Payload/HP Smart Printer App - HPSmart.app/www/pdfjs-viewer/locale/tr/viewer.ftl ... 
2026-04-03 19:07:56 +0000  26885 bytes for ./Payload/HP Smart Printer App - HPSmart.app/www/pdfjs-viewer/locale/tr/viewer.ftl
2026-04-03 19:07:56 +0000  copying file ./Payload/HP Smart Printer App - HPSmart.app/www/pdfjs-viewer/locale/wo/viewer.ftl ... 
2026-04-03 19:07:56 +0000  2994 bytes for ./Payload/HP Smart Printer App - HPSmart.app/www/pdfjs-viewer/locale/wo/viewer.ftl
2026-04-03 19:07:56 +0000  copying file ./Payload/HP Smart Printer App - HPSmart.app/www/pdfjs-viewer/locale/pa-IN/viewer.ftl ... 
2026-04-03 19:07:56 +0000  35206 bytes for ./Payload/HP Smart Printer App - HPSmart.app/www/pdfjs-viewer/locale/pa-IN/viewer.ftl
2026-04-03 19:07:56 +0000  copying file ./Payload/HP Smart Printer App - HPSmart.app/www/pdfjs-viewer/locale/tg/viewer.ftl ... 
2026-04-03 19:07:56 +0000  34380 bytes for ./Payload/HP Smart Printer App - HPSmart.app/www/pdfjs-viewer/locale/tg/viewer.ftl
2026-04-03 19:07:56 +0000  copying file ./Payload/HP Smart Printer App - HPSmart.app/www/pdfjs-viewer/images/treeitem-expanded.svg ... 
2026-04-03 19:07:56 +0000  94 bytes for ./Payload/HP Smart Printer App - HPSmart.app/www/pdfjs-viewer/images/treeitem-expanded.svg
2026-04-03 19:07:56 +0000  copying file ./Payload/HP Smart Printer App - HPSmart.app/www/pdfjs-viewer/images/secondaryToolbarButton-spreadOdd.svg ... 
2026-04-03 19:07:56 +0000  711 bytes for ./Payload/HP Smart Printer App - HPSmart.app/www/pdfjs-viewer/images/secondaryToolbarButton-spreadOdd.svg
2026-04-03 19:07:56 +0000  copying file ./Payload/HP Smart Printer App - HPSmart.app/www/pdfjs-viewer/images/gv-toolbarButton-download.svg ... 
2026-04-03 19:07:56 +0000  782 bytes for ./Payload/HP Smart Printer App - HPSmart.app/www/pdfjs-viewer/images/gv-toolbarButton-download.svg
2026-04-03 19:07:56 +0000  copying file ./Payload/HP Smart Printer App - HPSmart.app/www/pdfjs-viewer/images/toolbarButton-download.svg ... 
2026-04-03 19:07:56 +0000  1036 bytes for ./Payload/HP Smart Printer App - HPSmart.app/www/pdfjs-viewer/images/toolbarButton-download.svg
2026-04-03 19:07:56 +0000  copying file ./Payload/HP Smart Printer App - HPSmart.app/www/pdfjs-viewer/images/toolbarButton-currentOutlineItem.svg ... 
2026-04-03 19:07:56 +0000  607 bytes for ./Payload/HP Smart Printer App - HPSmart.app/www/pdfjs-viewer/images/toolbarButton-currentOutlineItem.svg
2026-04-03 19:07:56 +0000  copying file ./Payload/HP Smart Printer App - HPSmart.app/www/pdfjs-viewer/images/annotation-check.svg ... 
2026-04-03 19:07:56 +0000  415 bytes for ./Payload/HP Smart Printer App - HPSmart.app/www/pdfjs-viewer/images/annotation-check.svg
2026-04-03 19:07:56 +0000  copying file ./Payload/HP Smart Printer App - HPSmart.app/www/pdfjs-viewer/images/toolbarButton-pageUp.svg ... 
2026-04-03 19:07:56 +0000  682 bytes for ./Payload/HP Smart Printer App - HPSmart.app/www/pdfjs-viewer/images/toolbarButton-pageUp.svg
2026-04-03 19:07:56 +0000  copying file ./Payload/HP Smart Printer App - HPSmart.app/www/pdfjs-viewer/images/annotation-note.svg ... 
2026-04-03 19:07:56 +0000  1041 bytes for ./Payload/HP Smart Printer App - HPSmart.app/www/pdfjs-viewer/images/annotation-note.svg
2026-04-03 19:07:56 +0000  copying file ./Payload/HP Smart Printer App - HPSmart.app/www/pdfjs-viewer/images/messageBar_closingButton.svg ... 
2026-04-03 19:07:56 +0000  1092 bytes for ./Payload/HP Smart Printer App - HPSmart.app/www/pdfjs-viewer/images/messageBar_closingButton.svg
2026-04-03 19:07:56 +0000  copying file ./Payload/HP Smart Printer App - HPSmart.app/www/pdfjs-viewer/images/toolbarButton-editorStamp.svg ... 
2026-04-03 19:07:56 +0000  734 bytes for ./Payload/HP Smart Printer App - HPSmart.app/www/pdfjs-viewer/images/toolbarButton-editorStamp.svg
2026-04-03 19:07:56 +0000  copying file ./Payload/HP Smart Printer App - HPSmart.app/www/pdfjs-viewer/images/comment-popup-editButton.svg ... 
2026-04-03 19:07:56 +0000  1635 bytes for ./Payload/HP Smart Printer App - HPSmart.app/www/pdfjs-viewer/images/comment-popup-editButton.svg
2026-04-03 19:07:56 +0000  copying file ./Payload/HP Smart Printer App - HPSmart.app/www/pdfjs-viewer/images/secondaryToolbarButton-selectTool.svg ... 
2026-04-03 19:07:56 +0000  1085 bytes for ./Payload/HP Smart Printer App - HPSmart.app/www/pdfjs-viewer/images/secondaryToolbarButton-selectTool.svg
2026-04-03 19:07:56 +0000  copying file ./Payload/HP Smart Printer App - HPSmart.app/www/pdfjs-viewer/images/secondaryToolbarButton-scrollWrapped.svg ... 
2026-04-03 19:07:56 +0000  1228 bytes for ./Payload/HP Smart Printer App - HPSmart.app/www/pdfjs-viewer/images/secondaryToolbarButton-scrollWrapped.svg
2026-04-03 19:07:56 +0000  copying file ./Payload/HP Smart Printer App - HPSmart.app/www/pdfjs-viewer/images/loading-icon.gif ... 
2026-04-03 19:07:56 +0000  2545 bytes for ./Payload/HP Smart Printer App - HPSmart.app/www/pdfjs-viewer/images/loading-icon.gif
2026-04-03 19:07:56 +0000  copying file ./Payload/HP Smart Printer App - HPSmart.app/www/pdfjs-viewer/images/cursor-editorInk.svg ... 
2026-04-03 19:07:56 +0000  1323 bytes for ./Payload/HP Smart Printer App - HPSmart.app/www/pdfjs-viewer/images/cursor-editorInk.svg
2026-04-03 19:07:56 +0000  copying file ./Payload/HP Smart Printer App - HPSmart.app/www/pdfjs-viewer/images/cursor-editorTextHighlight.svg ... 
2026-04-03 19:07:56 +0000  5402 bytes for ./Payload/HP Smart Printer App - HPSmart.app/www/pdfjs-viewer/images/cursor-editorTextHighlight.svg
copying file ./Payload/HP Smart Printer App - HPSmart.app/www/pdfjs-viewer/images/comment-actionsButton.svg ... 
2026-04-03 19:07:56 +0000  421 bytes for ./Payload/HP Smart Printer App - HPSmart.app/www/pdfjs-viewer/images/comment-actionsButton.svg
copying file ./Payload/HP Smart Printer App - HPSmart.app/www/pdfjs-viewer/images/toolbarButton-viewThumbnail.svg ... 
2026-04-03 19:07:56 +0000  1396 bytes for ./Payload/HP Smart Printer App - HPSmart.app/www/pdfjs-viewer/images/toolbarButton-viewThumbnail.svg
2026-04-03 19:07:56 +0000  copying file ./Payload/HP Smart Printer App - HPSmart.app/www/pdfjs-viewer/images/toolbarButton-editorSignature.svg ... 
2026-04-03 19:07:56 +0000  1577 bytes for ./Payload/HP Smart Printer App - HPSmart.app/www/pdfjs-viewer/images/toolbarButton-editorSignature.svg
copying file ./Payload/HP Smart Printer App - HPSmart.app/www/pdfjs-viewer/images/toolbarButton-viewLayers.svg ... 
2026-04-03 19:07:56 +0000  671 bytes for ./Payload/HP Smart Printer App - HPSmart.app/www/pdfjs-viewer/images/toolbarButton-viewLayers.svg
2026-04-03 19:07:56 +0000  copying file ./Payload/HP Smart Printer App - HPSmart.app/www/pdfjs-viewer/images/toolbarButton-editorInk.svg ... 
2026-04-03 19:07:56 +0000  1189 bytes for ./Payload/HP Smart Printer App - HPSmart.app/www/pdfjs-viewer/images/toolbarButton-editorInk.svg
2026-04-03 19:07:56 +0000  copying file ./Payload/HP Smart Printer App - HPSmart.app/www/pdfjs-viewer/images/toolbarButton-zoomIn.svg ... 
2026-04-03 19:07:56 +0000  958 bytes for ./Payload/HP Smart Printer App - HPSmart.app/www/pdfjs-viewer/images/toolbarButton-zoomIn.svg
2026-04-03 19:07:56 +0000  copying file ./Payload/HP Smart Printer App - HPSmart.app/www/pdfjs-viewer/images/annotation-noicon.svg ... 
2026-04-03 19:07:56 +0000  158 bytes for ./Payload/HP Smart Printer App - HPSmart.app/www/pdfjs-viewer/images/annotation-noicon.svg
2026-04-03 19:07:56 +0000  copying file ./Payload/HP Smart Printer App - HPSmart.app/www/pdfjs-viewer/images/comment-editButton.svg ... 
2026-04-03 19:07:56 +0000  908 bytes for ./Payload/HP Smart Printer App - HPSmart.app/www/pdfjs-viewer/images/comment-editButton.svg
2026-04-03 19:07:56 +0000  copying file ./Payload/HP Smart Printer App - HPSmart.app/www/pdfjs-viewer/images/altText_spinner.svg ... 
2026-04-03 19:07:56 +0000  2710 bytes for ./Payload/HP Smart Printer App - HPSmart.app/www/pdfjs-viewer/images/altText_spinner.svg
2026-04-03 19:07:56 +0000  copying file ./Payload/HP Smart Printer App - HPSmart.app/www/pdfjs-viewer/images/toolbarButton-menuArrow.svg ... 
2026-04-03 19:07:56 +0000  681 bytes for ./Payload/HP Smart Printer App - HPSmart.app/www/pdfjs-viewer/images/toolbarButton-menuArrow.svg
2026-04-03 19:07:56 +0000  copying file ./Payload/HP Smart Printer App - HPSmart.app/www/pdfjs-viewer/images/secondaryToolbarButton-scrollHorizontal.svg ... 
2026-04-03 19:07:56 +0000  971 bytes for ./Payload/HP Smart Printer App - HPSmart.app/www/pdfjs-viewer/images/secondaryToolbarButton-scrollHorizontal.svg
2026-04-03 19:07:56 +0000  copying file ./Payload/HP Smart Printer App - HPSmart.app/www/pdfjs-viewer/images/messageBar_warning.svg ... 
2026-04-03 19:07:56 +0000  811 bytes for ./Payload/HP Smart Printer App - HPSmart.app/www/pdfjs-viewer/images/messageBar_warning.svg
2026-04-03 19:07:56 +0000  copying file ./Payload/HP Smart Printer App - HPSmart.app/www/pdfjs-viewer/images/toolbarButton-presentationMode.svg ... 
2026-04-03 19:07:56 +0000  681 bytes for ./Payload/HP Smart Printer App - HPSmart.app/www/pdfjs-viewer/images/toolbarButton-presentationMode.svg
2026-04-03 19:07:56 +0000  copying file ./Payload/HP Smart Printer App - HPSmart.app/www/pdfjs-viewer/images/annotation-insert.svg ... 
2026-04-03 19:07:56 +0000  408 bytes for ./Payload/HP Smart Printer App - HPSmart.app/www/pdfjs-viewer/images/annotation-insert.svg
2026-04-03 19:07:56 +0000  copying file ./Payload/HP Smart Printer App - HPSmart.app/www/pdfjs-viewer/images/toolbarButton-pageDown.svg ... 
2026-04-03 19:07:56 +0000  701 bytes for ./Payload/HP Smart Printer App - HPSmart.app/www/pdfjs-viewer/images/toolbarButton-pageDown.svg
2026-04-03 19:07:56 +0000  copying file ./Payload/HP Smart Printer App - HPSmart.app/www/pdfjs-viewer/images/editor-toolbar-delete.svg ... 
2026-04-03 19:07:56 +0000  909 bytes for ./Payload/HP Smart Printer App - HPSmart.app/www/pdfjs-viewer/images/editor-toolbar-delete.svg
2026-04-03 19:07:56 +0000  copying file ./Payload/HP Smart Printer App - HPSmart.app/www/pdfjs-viewer/images/comment-closeButton.svg ... 
2026-04-03 19:07:56 +0000  1199 bytes for ./Payload/HP Smart Printer App - HPSmart.app/www/pdfjs-viewer/images/comment-closeButton.svg
2026-04-03 19:07:56 +0000  copying file ./Payload/HP Smart Printer App - HPSmart.app/www/pdfjs-viewer/images/treeitem-collapsed.svg ... 
2026-04-03 19:07:56 +0000  93 bytes for ./Payload/HP Smart Printer App - HPSmart.app/www/pdfjs-viewer/images/treeitem-collapsed.svg
2026-04-03 19:07:56 +0000  copying file ./Payload/HP Smart Printer App - HPSmart.app/www/pdfjs-viewer/images/annotation-paragraph.svg ... 
2026-04-03 19:07:56 +0000  1143 bytes for ./Payload/HP Smart Printer App - HPSmart.app/www/pdfjs-viewer/images/annotation-paragraph.svg
2026-04-03 19:07:56 +0000  copying file ./Payload/HP Smart Printer App - HPSmart.app/www/pdfjs-viewer/images/toolbarButton-editorFreeText.svg ... 
2026-04-03 19:07:56 +0000  498 bytes for ./Payload/HP Smart Printer App - HPSmart.app/www/pdfjs-viewer/images/toolbarButton-editorFreeText.svg
2026-04-03 19:07:56 +0000  copying file ./Payload/HP Smart Printer App - HPSmart.app/www/pdfjs-viewer/images/annotation-key.svg ... 
2026-04-03 19:07:56 +0000  1452 bytes for ./Payload/HP Smart Printer App - HPSmart.app/www/pdfjs-viewer/images/annotation-key.svg
2026-04-03 19:07:56 +0000  copying file ./Payload/HP Smart Printer App - HPSmart.app/www/pdfjs-viewer/images/annotation-paperclip.svg ... 
2026-04-03 19:07:56 +0000  552 bytes for ./Payload/HP Smart Printer App - HPSmart.app/www/pdfjs-viewer/images/annotation-paperclip.svg
2026-04-03 19:07:56 +0000  copying file ./Payload/HP Smart Printer App - HPSmart.app/www/pdfjs-viewer/images/toolbarButton-viewOutline.svg ... 
2026-04-03 19:07:56 +0000  332 bytes for ./Payload/HP Smart Printer App - HPSmart.app/www/pdfjs-viewer/images/toolbarButton-viewOutline.svg
2026-04-03 19:07:56 +0000  copying file ./Payload/HP Smart Printer App - HPSmart.app/www/pdfjs-viewer/images/secondaryToolbarButton-scrollVertical.svg ... 
2026-04-03 19:07:56 +0000  969 bytes for ./Payload/HP Smart Printer App - HPSmart.app/www/pdfjs-viewer/images/secondaryToolbarButton-scrollVertical.svg
2026-04-03 19:07:56 +0000  copying file ./Payload/HP Smart Printer App - HPSmart.app/www/pdfjs-viewer/images/annotation-comment.svg ... 
2026-04-03 19:07:56 +0000  883 bytes for ./Payload/HP Smart Printer App - HPSmart.app/www/pdfjs-viewer/images/annotation-comment.svg
2026-04-03 19:07:56 +0000  copying file ./Payload/HP Smart Printer App - HPSmart.app/www/pdfjs-viewer/images/secondaryToolbarButton-lastPage.svg ... 
2026-04-03 19:07:56 +0000  257 bytes for ./Payload/HP Smart Printer App - HPSmart.app/www/pdfjs-viewer/images/secondaryToolbarButton-lastPage.svg
2026-04-03 19:07:56 +0000  copying file ./Payload/HP Smart Printer App - HPSmart.app/www/pdfjs-viewer/images/altText_done.svg ... 
2026-04-03 19:07:56 +0000  1087 bytes for ./Payload/HP Smart Printer App - HPSmart.app/www/pdfjs-viewer/images/altText_done.svg
2026-04-03 19:07:56 +0000  copying file ./Payload/HP Smart Printer App - HPSmart.app/www/pdfjs-viewer/images/altText_disclaimer.svg ... 
2026-04-03 19:07:56 +0000  3397 bytes for ./Payload/HP Smart Printer App - HPSmart.app/www/pdfjs-viewer/images/altText_disclaimer.svg
2026-04-03 19:07:56 +0000  copying file ./Payload/HP Smart Printer App - HPSmart.app/www/pdfjs-viewer/images/loading.svg ... 
2026-04-03 19:07:56 +0000  1559 bytes for ./Payload/HP Smart Printer App - HPSmart.app/www/pdfjs-viewer/images/loading.svg
2026-04-03 19:07:56 +0000  copying file ./Payload/HP Smart Printer App - HPSmart.app/www/pdfjs-viewer/images/annotation-newparagraph.svg ... 
2026-04-03 19:07:56 +0000  426 bytes for ./Payload/HP Smart Printer App - HPSmart.app/www/pdfjs-viewer/images/annotation-newparagraph.svg
2026-04-03 19:07:56 +0000  copying file ./Payload/HP Smart Printer App - HPSmart.app/www/pdfjs-viewer/images/altText_warning.svg ... 
2026-04-03 19:07:56 +0000  1532 bytes for ./Payload/HP Smart Printer App - HPSmart.app/www/pdfjs-viewer/images/altText_warning.svg
2026-04-03 19:07:56 +0000  copying file ./Payload/HP Smart Printer App - HPSmart.app/www/pdfjs-viewer/images/altText_add.svg ... 
2026-04-03 19:07:56 +0000  920 bytes for ./Payload/HP Smart Printer App - HPSmart.app/www/pdfjs-viewer/images/altText_add.svg
2026-04-03 19:07:56 +0000  copying file ./Payload/HP Smart Printer App - HPSmart.app/www/pdfjs-viewer/images/secondaryToolbarButton-firstPage.svg ... 
2026-04-03 19:07:56 +0000  260 bytes for ./Payload/HP Smart Printer App - HPSmart.app/www/pdfjs-viewer/images/secondaryToolbarButton-firstPage.svg
2026-04-03 19:07:56 +0000  copying file ./Payload/HP Smart Printer App - HPSmart.app/www/pdfjs-viewer/images/annotation-help.svg ... 
2026-04-03 19:07:56 +0000  2168 bytes for ./Payload/HP Smart Printer App - HPSmart.app/www/pdfjs-viewer/images/annotation-help.svg
2026-04-03 19:07:56 +0000  copying file ./Payload/HP Smart Printer App - HPSmart.app/www/pdfjs-viewer/images/toolbarButton-secondaryToolbarToggle.svg ... 
2026-04-03 19:07:56 +0000  1080 bytes for ./Payload/HP Smart Printer App - HPSmart.app/www/pdfjs-viewer/images/toolbarButton-secondaryToolbarToggle.svg
2026-04-03 19:07:56 +0000  copying file ./Payload/HP Smart Printer App - HPSmart.app/www/pdfjs-viewer/images/findbarButton-previous.svg ... 
2026-04-03 19:07:56 +0000  578 bytes for ./Payload/HP Smart Printer App - HPSmart.app/www/pdfjs-viewer/images/findbarButton-previous.svg
2026-04-03 19:07:56 +0000  copying file ./Payload/HP Smart Printer App - HPSmart.app/www/pdfjs-viewer/images/toolbarButton-bookmark.svg ... 
2026-04-03 19:07:56 +0000  861 bytes for ./Payload/HP Smart Printer App - HPSmart.app/www/pdfjs-viewer/images/toolbarButton-bookmark.svg
copying file ./Payload/HP Smart Printer App - HPSmart.app/www/pdfjs-viewer/images/secondaryToolbarButton-handTool.svg ... 
2026-04-03 19:07:56 +0000  1344 bytes for ./Payload/HP Smart Printer App - HPSmart.app/www/pdfjs-viewer/images/secondaryToolbarButton-handTool.svg
2026-04-03 19:07:56 +0000  copying file ./Payload/HP Smart Printer App - HPSmart.app/www/pdfjs-viewer/images/annotation-pushpin.svg ... 
2026-04-03 19:07:56 +0000  1375 bytes for ./Payload/HP Smart Printer App - HPSmart.app/www/pdfjs-viewer/images/annotation-pushpin.svg
2026-04-03 19:07:56 +0000  copying file ./Payload/HP Smart Printer App - HPSmart.app/www/pdfjs-viewer/images/toolbarButton-print.svg ... 
2026-04-03 19:07:56 +0000  927 bytes for ./Payload/HP Smart Printer App - HPSmart.app/www/pdfjs-viewer/images/toolbarButton-print.svg
2026-04-03 19:07:56 +0000  copying file ./Payload/HP Smart Printer App - HPSmart.app/www/pdfjs-viewer/images/secondaryToolbarButton-spreadEven.svg ... 
2026-04-03 19:07:56 +0000  775 bytes for ./Payload/HP Smart Printer App - HPSmart.app/www/pdfjs-viewer/images/secondaryToolbarButton-spreadEven.svg
2026-04-03 19:07:56 +0000  copying file ./Payload/HP Smart Printer App - HPSmart.app/www/pdfjs-viewer/images/toolbarButton-openFile.svg ... 
2026-04-03 19:07:56 +0000  1400 bytes for ./Payload/HP Smart Printer App - HPSmart.app/www/pdfjs-viewer/images/toolbarButton-openFile.svg
2026-04-03 19:07:56 +0000  copying file ./Payload/HP Smart Printer App - HPSmart.app/www/pdfjs-viewer/images/toolbarButton-zoomOut.svg ... 
2026-04-03 19:07:56 +0000  472 bytes for ./Payload/HP Smart Printer App - HPSmart.app/www/pdfjs-viewer/images/toolbarButton-zoomOut.svg
2026-04-03 19:07:56 +0000  copying file ./Payload/HP Smart Printer App - HPSmart.app/www/pdfjs-viewer/images/cursor-editorFreeText.svg ... 
2026-04-03 19:07:56 +0000  1452 bytes for ./Payload/HP Smart Printer App - HPSmart.app/www/pdfjs-viewer/images/cursor-editorFreeText.svg
2026-04-03 19:07:56 +0000  copying file ./Payload/HP Smart Printer App - HPSmart.app/www/pdfjs-viewer/images/secondaryToolbarButton-rotateCw.svg ... 
2026-04-03 19:07:56 +0000  576 bytes for ./Payload/HP Smart Printer App - HPSmart.app/www/pdfjs-viewer/images/secondaryToolbarButton-rotateCw.svg
2026-04-03 19:07:56 +0000  copying file ./Payload/HP Smart Printer App - HPSmart.app/www/pdfjs-viewer/images/secondaryToolbarButton-spreadNone.svg ... 
2026-04-03 19:07:56 +0000  395 bytes for ./Payload/HP Smart Printer App - HPSmart.app/www/pdfjs-viewer/images/secondaryToolbarButton-spreadNone.svg
2026-04-03 19:07:56 +0000  copying file ./Payload/HP Smart Printer App - HPSmart.app/www/pdfjs-viewer/images/secondaryToolbarButton-scrollPage.svg ... 
2026-04-03 19:07:56 +0000  731 bytes for ./Payload/HP Smart Printer App - HPSmart.app/www/pdfjs-viewer/images/secondaryToolbarButton-scrollPage.svg
2026-04-03 19:07:56 +0000  copying file ./Payload/HP Smart Printer App - HPSmart.app/www/pdfjs-viewer/images/findbarButton-next.svg ... 
2026-04-03 19:07:56 +0000  578 bytes for ./Payload/HP Smart Printer App - HPSmart.app/www/pdfjs-viewer/images/findbarButton-next.svg
2026-04-03 19:07:56 +0000  copying file ./Payload/HP Smart Printer App - HPSmart.app/www/pdfjs-viewer/images/messageBar_info.svg ... 
2026-04-03 19:07:56 +0000  1076 bytes for ./Payload/HP Smart Printer App - HPSmart.app/www/pdfjs-viewer/images/messageBar_info.svg
2026-04-03 19:07:56 +0000  copying file ./Payload/HP Smart Printer App - HPSmart.app/www/pdfjs-viewer/images/toolbarButton-editorHighlight.svg ... 
2026-04-03 19:07:56 +0000  910 bytes for ./Payload/HP Smart Printer App - HPSmart.app/www/pdfjs-viewer/images/toolbarButton-editorHighlight.svg
2026-04-03 19:07:56 +0000  copying file ./Payload/HP Smart Printer App - HPSmart.app/www/pdfjs-viewer/images/toolbarButton-viewAttachments.svg ... 
2026-04-03 19:07:56 +0000  570 bytes for ./Payload/HP Smart Printer App - HPSmart.app/www/pdfjs-viewer/images/toolbarButton-viewAttachments.svg
2026-04-03 19:07:56 +0000  copying file ./Payload/HP Smart Printer App - HPSmart.app/www/pdfjs-viewer/images/cursor-editorFreeHighlight.svg ... 
2026-04-03 19:07:56 +0000  2936 bytes for ./Payload/HP Smart Printer App - HPSmart.app/www/pdfjs-viewer/images/cursor-editorFreeHighlight.svg
2026-04-03 19:07:56 +0000  copying file ./Payload/HP Smart Printer App - HPSmart.app/www/pdfjs-viewer/images/toolbarButton-search.svg ... 
2026-04-03 19:07:56 +0000  1234 bytes for ./Payload/HP Smart Printer App - HPSmart.app/www/pdfjs-viewer/images/toolbarButton-search.svg
2026-04-03 19:07:56 +0000  copying file ./Payload/HP Smart Printer App - HPSmart.app/www/pdfjs-viewer/images/secondaryToolbarButton-rotateCcw.svg ... 
2026-04-03 19:07:56 +0000  596 bytes for ./Payload/HP Smart Printer App - HPSmart.app/www/pdfjs-viewer/images/secondaryToolbarButton-rotateCcw.svg
2026-04-03 19:07:56 +0000  copying file ./Payload/HP Smart Printer App - HPSmart.app/www/pdfjs-viewer/images/secondaryToolbarButton-documentProperties.svg ... 
2026-04-03 19:07:56 +0000  417 bytes for ./Payload/HP Smart Printer App - HPSmart.app/www/pdfjs-viewer/images/secondaryToolbarButton-documentProperties.svg
copying file ./Payload/HP Smart Printer App - HPSmart.app/www/pdfjs-viewer/images/editor-toolbar-edit.svg ... 
2026-04-03 19:07:56 +0000  869 bytes for ./Payload/HP Smart Printer App - HPSmart.app/www/pdfjs-viewer/images/editor-toolbar-edit.svg
2026-04-03 19:07:56 +0000  copying file ./Payload/HP Smart Printer App - HPSmart.app/www/pdfjs-viewer/images/toolbarButton-sidebarToggle.svg ... 
2026-04-03 19:07:56 +0000  1560 bytes for ./Payload/HP Smart Printer App - HPSmart.app/www/pdfjs-viewer/images/toolbarButton-sidebarToggle.svg
2026-04-03 19:07:56 +0000  copying file ./Payload/HP Smart Printer App - HPSmart.app/www/pdfjs-viewer/iccs/CGATS001Compat-v2-micro.icc ... 
2026-04-03 19:07:56 +0000  8464 bytes for ./Payload/HP Smart Printer App - HPSmart.app/www/pdfjs-viewer/iccs/CGATS001Compat-v2-micro.icc
2026-04-03 19:07:56 +0000  copying file ./Payload/HP Smart Printer App - HPSmart.app/www/pdfjs-viewer/iccs/LICENSE ... 
2026-04-03 19:07:56 +0000  6553 bytes for ./Payload/HP Smart Printer App - HPSmart.app/www/pdfjs-viewer/iccs/LICENSE
2026-04-03 19:07:56 +0000  copying file ./Payload/HP Smart Printer App - HPSmart.app/www/pdfjs-viewer/wasm/openjpeg.wasm ... 
2026-04-03 19:07:56 +0000  250009 bytes for ./Payload/HP Smart Printer App - HPSmart.app/www/pdfjs-viewer/wasm/openjpeg.wasm
2026-04-03 19:07:56 +0000  copying file ./Payload/HP Smart Printer App - HPSmart.app/www/pdfjs-viewer/wasm/openjpeg_nowasm_fallback.js ... 
2026-04-03 19:07:56 +0000  451777 bytes for ./Payload/HP Smart Printer App - HPSmart.app/www/pdfjs-viewer/wasm/openjpeg_nowasm_fallback.js
2026-04-03 19:07:56 +0000  copying file ./Payload/HP Smart Printer App - HPSmart.app/www/pdfjs-viewer/wasm/LICENSE_QCMS ... 
2026-04-03 19:07:56 +0000  1121 bytes for ./Payload/HP Smart Printer App - HPSmart.app/www/pdfjs-viewer/wasm/LICENSE_QCMS
2026-04-03 19:07:56 +0000  copying file ./Payload/HP Smart Printer App - HPSmart.app/www/pdfjs-viewer/wasm/LICENSE_OPENJPEG ... 
2026-04-03 19:07:56 +0000  2112 bytes for ./Payload/HP Smart Printer App - HPSmart.app/www/pdfjs-viewer/wasm/LICENSE_OPENJPEG
2026-04-03 19:07:56 +0000  copying file ./Payload/HP Smart Printer App - HPSmart.app/www/pdfjs-viewer/wasm/LICENSE_PDFJS_OPENJPEG ... 
2026-04-03 19:07:56 +0000  1285 bytes for ./Payload/HP Smart Printer App - HPSmart.app/www/pdfjs-viewer/wasm/LICENSE_PDFJS_OPENJPEG
2026-04-03 19:07:56 +0000  copying file ./Payload/HP Smart Printer App - HPSmart.app/www/pdfjs-viewer/wasm/qcms_bg.wasm ... 
2026-04-03 19:07:56 +0000  94519 bytes for ./Payload/HP Smart Printer App - HPSmart.app/www/pdfjs-viewer/wasm/qcms_bg.wasm
2026-04-03 19:07:56 +0000  copying file ./Payload/HP Smart Printer App - HPSmart.app/www/pdfjs-viewer/wasm/LICENSE_PDFJS_QCMS ... 
2026-04-03 19:07:56 +0000  1285 bytes for ./Payload/HP Smart Printer App - HPSmart.app/www/pdfjs-viewer/wasm/LICENSE_PDFJS_QCMS
2026-04-03 19:07:56 +0000  copying file ./Payload/HP Smart Printer App - HPSmart.app/www/pdfjs-viewer/pdf_viewer.mjs ... 
2026-04-03 19:07:56 +0000  293962 bytes for ./Payload/HP Smart Printer App - HPSmart.app/www/pdfjs-viewer/pdf_viewer.mjs
2026-04-03 19:07:56 +0000  copying file ./Payload/HP Smart Printer App - HPSmart.app/www/pdfjs-viewer/pdf.mjs ... 
2026-04-03 19:07:56 +0000  785559 bytes for ./Payload/HP Smart Printer App - HPSmart.app/www/pdfjs-viewer/pdf.mjs
2026-04-03 19:07:56 +0000  copying file ./Payload/HP Smart Printer App - HPSmart.app/www/pdfjs-viewer/standard_fonts/FoxitDingbats.pfb ... 
2026-04-03 19:07:56 +0000  29513 bytes for ./Payload/HP Smart Printer App - HPSmart.app/www/pdfjs-viewer/standard_fonts/FoxitDingbats.pfb
2026-04-03 19:07:56 +0000  copying file ./Payload/HP Smart Printer App - HPSmart.app/www/pdfjs-viewer/standard_fonts/LiberationSans-Bold.ttf ... 
2026-04-03 19:07:56 +0000  137052 bytes for ./Payload/HP Smart Printer App - HPSmart.app/www/pdfjs-viewer/standard_fonts/LiberationSans-Bold.ttf
2026-04-03 19:07:56 +0000  copying file ./Payload/HP Smart Printer App - HPSmart.app/www/pdfjs-viewer/standard_fonts/FoxitSymbol.pfb ... 
2026-04-03 19:07:56 +0000  16729 bytes for ./Payload/HP Smart Printer App - HPSmart.app/www/pdfjs-viewer/standard_fonts/FoxitSymbol.pfb
2026-04-03 19:07:56 +0000  copying file ./Payload/HP Smart Printer App - HPSmart.app/www/pdfjs-viewer/standard_fonts/Sacramento.ttf ... 
2026-04-03 19:07:56 +0000  64808 bytes for ./Payload/HP Smart Printer App - HPSmart.app/www/pdfjs-viewer/standard_fonts/Sacramento.ttf
2026-04-03 19:07:56 +0000  copying file ./Payload/HP Smart Printer App - HPSmart.app/www/pdfjs-viewer/standard_fonts/LiberationSans-BoldItalic.ttf ... 
2026-04-03 19:07:56 +0000  135124 bytes for ./Payload/HP Smart Printer App - HPSmart.app/www/pdfjs-viewer/standard_fonts/LiberationSans-BoldItalic.ttf
2026-04-03 19:07:56 +0000  copying file ./Payload/HP Smart Printer App - HPSmart.app/www/pdfjs-viewer/standard_fonts/LICENSE_LIBERATION ... 
2026-04-03 19:07:56 +0000  4414 bytes for ./Payload/HP Smart Printer App - HPSmart.app/www/pdfjs-viewer/standard_fonts/LICENSE_LIBERATION
2026-04-03 19:07:56 +0000  copying file ./Payload/HP Smart Printer App - HPSmart.app/www/pdfjs-viewer/standard_fonts/FoxitFixedBoldItalic.pfb ... 
2026-04-03 19:07:56 +0000  19151 bytes for ./Payload/HP Smart Printer App - HPSmart.app/www/pdfjs-viewer/standard_fonts/FoxitFixedBoldItalic.pfb
2026-04-03 19:07:56 +0000  copying file ./Payload/HP Smart Printer App - HPSmart.app/www/pdfjs-viewer/standard_fonts/FoxitFixedItalic.pfb ... 
2026-04-03 19:07:56 +0000  18746 bytes for ./Payload/HP Smart Printer App - HPSmart.app/www/pdfjs-viewer/standard_fonts/FoxitFixedItalic.pfb
2026-04-03 19:07:56 +0000  copying file ./Payload/HP Smart Printer App - HPSmart.app/www/pdfjs-viewer/standard_fonts/FoxitSerifItalic.pfb ... 
2026-04-03 19:07:56 +0000  21227 bytes for ./Payload/HP Smart Printer App - HPSmart.app/www/pdfjs-viewer/standard_fonts/FoxitSerifItalic.pfb
2026-04-03 19:07:56 +0000  copying file ./Payload/HP Smart Printer App - HPSmart.app/www/pdfjs-viewer/standard_fonts/FoxitSerifBoldItalic.pfb ... 
2026-04-03 19:07:56 +0000  20733 bytes for ./Payload/HP Smart Printer App - HPSmart.app/www/pdfjs-viewer/standard_fonts/FoxitSerifBoldItalic.pfb
2026-04-03 19:07:56 +0000  copying file ./Payload/HP Smart Printer App - HPSmart.app/www/pdfjs-viewer/standard_fonts/FoxitSerifBold.pfb ... 
2026-04-03 19:07:56 +0000  19395 bytes for ./Payload/HP Smart Printer App - HPSmart.app/www/pdfjs-viewer/standard_fonts/FoxitSerifBold.pfb
2026-04-03 19:07:56 +0000  copying file ./Payload/HP Smart Printer App - HPSmart.app/www/pdfjs-viewer/standard_fonts/Allura.ttf ... 
2026-04-03 19:07:57 +0000  234288 bytes for ./Payload/HP Smart Printer App - HPSmart.app/www/pdfjs-viewer/standard_fonts/Allura.ttf
2026-04-03 19:07:57 +0000  copying file ./Payload/HP Smart Printer App - HPSmart.app/www/pdfjs-viewer/standard_fonts/AlexBrush.ttf ... 
2026-04-03 19:07:57 +0000  115420 bytes for ./Payload/HP Smart Printer App - HPSmart.app/www/pdfjs-viewer/standard_fonts/AlexBrush.ttf
2026-04-03 19:07:57 +0000  copying file ./Payload/HP Smart Printer App - HPSmart.app/www/pdfjs-viewer/standard_fonts/FoxitFixed.pfb ... 
2026-04-03 19:07:57 +0000  17597 bytes for ./Payload/HP Smart Printer App - HPSmart.app/www/pdfjs-viewer/standard_fonts/FoxitFixed.pfb
2026-04-03 19:07:57 +0000  copying file ./Payload/HP Smart Printer App - HPSmart.app/www/pdfjs-viewer/standard_fonts/Kalam.ttf ... 
2026-04-03 19:07:57 +0000  427336 bytes for ./Payload/HP Smart Printer App - HPSmart.app/www/pdfjs-viewer/standard_fonts/Kalam.ttf
2026-04-03 19:07:57 +0000  copying file ./Payload/HP Smart Printer App - HPSmart.app/www/pdfjs-viewer/standard_fonts/LiberationSans-Italic.ttf ... 
2026-04-03 19:07:57 +0000  162036 bytes for ./Payload/HP Smart Printer App - HPSmart.app/www/pdfjs-viewer/standard_fonts/LiberationSans-Italic.ttf
2026-04-03 19:07:57 +0000  copying file ./Payload/HP Smart Printer App - HPSmart.app/www/pdfjs-viewer/standard_fonts/FoxitSerif.pfb ... 
2026-04-03 19:07:57 +0000  19469 bytes for ./Payload/HP Smart Printer App - HPSmart.app/www/pdfjs-viewer/standard_fonts/FoxitSerif.pfb
2026-04-03 19:07:57 +0000  copying file ./Payload/HP Smart Printer App - HPSmart.app/www/pdfjs-viewer/standard_fonts/LICENSE_FOXIT ... 
2026-04-03 19:07:57 +0000  1553 bytes for ./Payload/HP Smart Printer App - HPSmart.app/www/pdfjs-viewer/standard_fonts/LICENSE_FOXIT
2026-04-03 19:07:57 +0000  copying file ./Payload/HP Smart Printer App - HPSmart.app/www/pdfjs-viewer/standard_fonts/Handlee.ttf ... 
2026-04-03 19:07:57 +0000  37792 bytes for ./Payload/HP Smart Printer App - HPSmart.app/www/pdfjs-viewer/standard_fonts/Handlee.ttf
2026-04-03 19:07:57 +0000  copying file ./Payload/HP Smart Printer App - HPSmart.app/www/pdfjs-viewer/standard_fonts/LiberationSans-Regular.ttf ... 
2026-04-03 19:07:57 +0000  139512 bytes for ./Payload/HP Smart Printer App - HPSmart.app/www/pdfjs-viewer/standard_fonts/LiberationSans-Regular.ttf
2026-04-03 19:07:57 +0000  copying file ./Payload/HP Smart Printer App - HPSmart.app/www/pdfjs-viewer/standard_fonts/FoxitFixedBold.pfb ... 
2026-04-03 19:07:57 +0000  18055 bytes for ./Payload/HP Smart Printer App - HPSmart.app/www/pdfjs-viewer/standard_fonts/FoxitFixedBold.pfb
2026-04-03 19:07:57 +0000  copying file ./Payload/HP Smart Printer App - HPSmart.app/www/pdfjs-viewer/viewer.mjs ... 
2026-04-03 19:07:57 +0000  579392 bytes for ./Payload/HP Smart Printer App - HPSmart.app/www/pdfjs-viewer/viewer.mjs
copying file ./Payload/HP Smart Printer App - HPSmart.app/www/pdfjs-viewer/pdf_viewer.css ... 
2026-04-03 19:07:57 +0000  199686 bytes for ./Payload/HP Smart Printer App - HPSmart.app/www/pdfjs-viewer/pdf_viewer.css
2026-04-03 19:07:57 +0000  copying file ./Payload/HP Smart Printer App - HPSmart.app/www/pdfjs-viewer/cmaps/78-EUC-V.bcmap ... 
2026-04-03 19:07:57 +0000  173 bytes for ./Payload/HP Smart Printer App - HPSmart.app/www/pdfjs-viewer/cmaps/78-EUC-V.bcmap
2026-04-03 19:07:57 +0000  copying file ./Payload/HP Smart Printer App - HPSmart.app/www/pdfjs-viewer/cmaps/GBKp-EUC-H.bcmap ... 
2026-04-03 19:07:57 +0000  14686 bytes for ./Payload/HP Smart Printer App - HPSmart.app/www/pdfjs-viewer/cmaps/GBKp-EUC-H.bcmap
2026-04-03 19:07:57 +0000  copying file ./Payload/HP Smart Printer App - HPSmart.app/www/pdfjs-viewer/cmaps/Katakana.bcmap ... 
2026-04-03 19:07:57 +0000  100 bytes for ./Payload/HP Smart Printer App - HPSmart.app/www/pdfjs-viewer/cmaps/Katakana.bcmap
2026-04-03 19:07:57 +0000  copying file ./Payload/HP Smart Printer App - HPSmart.app/www/pdfjs-viewer/cmaps/KSCpc-EUC-H.bcmap ... 
2026-04-03 19:07:57 +0000  2024 bytes for ./Payload/HP Smart Printer App - HPSmart.app/www/pdfjs-viewer/cmaps/KSCpc-EUC-H.bcmap
2026-04-03 19:07:57 +0000  copying file ./Payload/HP Smart Printer App - HPSmart.app/www/pdfjs-viewer/cmaps/Adobe-CNS1-UCS2.bcmap ... 
2026-04-03 19:07:57 +0000  41193 bytes for ./Payload/HP Smart Printer App - HPSmart.app/www/pdfjs-viewer/cmaps/Adobe-CNS1-UCS2.bcmap
2026-04-03 19:07:57 +0000  copying file ./Payload/HP Smart Printer App - HPSmart.app/www/pdfjs-viewer/cmaps/Adobe-CNS1-5.bcmap ... 
2026-04-03 19:07:57 +0000  406 bytes for ./Payload/HP Smart Printer App - HPSmart.app/www/pdfjs-viewer/cmaps/Adobe-CNS1-5.bcmap
2026-04-03 19:07:57 +0000  copying file ./Payload/HP Smart Printer App - HPSmart.app/www/pdfjs-viewer/cmaps/Adobe-Japan1-6.bcmap ... 
2026-04-03 19:07:57 +0000  485 bytes for ./Payload/HP Smart Printer App - HPSmart.app/www/pdfjs-viewer/cmaps/Adobe-Japan1-6.bcmap
2026-04-03 19:07:57 +0000  copying file ./Payload/HP Smart Printer App - HPSmart.app/www/pdfjs-viewer/cmaps/Adobe-Japan1-4.bcmap ... 
2026-04-03 19:07:57 +0000  337 bytes for ./Payload/HP Smart Printer App - HPSmart.app/www/pdfjs-viewer/cmaps/Adobe-Japan1-4.bcmap
copying file ./Payload/HP Smart Printer App - HPSmart.app/www/pdfjs-viewer/cmaps/Adobe-Japan1-UCS2.bcmap ... 
2026-04-03 19:07:57 +0000  40951 bytes for ./Payload/HP Smart Printer App - HPSmart.app/www/pdfjs-viewer/cmaps/Adobe-Japan1-UCS2.bcmap
2026-04-03 19:07:57 +0000  copying file ./Payload/HP Smart Printer App - HPSmart.app/www/pdfjs-viewer/cmaps/HKscs-B5-H.bcmap ... 
2026-04-03 19:07:57 +0000  4437 bytes for ./Payload/HP Smart Printer App - HPSmart.app/www/pdfjs-viewer/cmaps/HKscs-B5-H.bcmap
2026-04-03 19:07:57 +0000  copying file ./Payload/HP Smart Printer App - HPSmart.app/www/pdfjs-viewer/cmaps/UniJISX0213-UTF32-H.bcmap ... 
2026-04-03 19:07:57 +0000  40517 bytes for ./Payload/HP Smart Printer App - HPSmart.app/www/pdfjs-viewer/cmaps/UniJISX0213-UTF32-H.bcmap
2026-04-03 19:07:57 +0000  copying file ./Payload/HP Smart Printer App - HPSmart.app/www/pdfjs-viewer/cmaps/HKdla-B5-V.bcmap ... 
2026-04-03 19:07:57 +0000  148 bytes for ./Payload/HP Smart Printer App - HPSmart.app/www/pdfjs-viewer/cmaps/HKdla-B5-V.bcmap
copying file ./Payload/HP Smart Printer App - HPSmart.app/www/pdfjs-viewer/cmaps/ETenms-B5-H.bcmap ... 
2026-04-03 19:07:57 +0000  101 bytes for ./Payload/HP Smart Printer App - HPSmart.app/www/pdfjs-viewer/cmaps/ETenms-B5-H.bcmap
2026-04-03 19:07:57 +0000  copying file ./Payload/HP Smart Printer App - HPSmart.app/www/pdfjs-viewer/cmaps/H.bcmap ... 
2026-04-03 19:07:57 +0000  553 bytes for ./Payload/HP Smart Printer App - HPSmart.app/www/pdfjs-viewer/cmaps/H.bcmap
2026-04-03 19:07:57 +0000  copying file ./Payload/HP Smart Printer App - HPSmart.app/www/pdfjs-viewer/cmaps/Adobe-Korea1-UCS2.bcmap ... 
2026-04-03 19:07:57 +0000  23293 bytes for ./Payload/HP Smart Printer App - HPSmart.app/www/pdfjs-viewer/cmaps/Adobe-Korea1-UCS2.bcmap
2026-04-03 19:07:57 +0000  copying file ./Payload/HP Smart Printer App - HPSmart.app/www/pdfjs-viewer/cmaps/UniJIS-UTF8-V.bcmap ... 
2026-04-03 19:07:57 +0000  678 bytes for ./Payload/HP Smart Printer App - HPSmart.app/www/pdfjs-viewer/cmaps/UniJIS-UTF8-V.bcmap
copying file ./Payload/HP Smart Printer App - HPSmart.app/www/pdfjs-viewer/cmaps/WP-Symbol.bcmap ... 
2026-04-03 19:07:57 +0000  179 bytes for ./Payload/HP Smart Printer App - HPSmart.app/www/pdfjs-viewer/cmaps/WP-Symbol.bcmap
2026-04-03 19:07:57 +0000  copying file ./Payload/HP Smart Printer App - HPSmart.app/www/pdfjs-viewer/cmaps/Add-H.bcmap ... 
2026-04-03 19:07:57 +0000  2419 bytes for ./Payload/HP Smart Printer App - HPSmart.app/www/pdfjs-viewer/cmaps/Add-H.bcmap
2026-04-03 19:07:57 +0000  copying file ./Payload/HP Smart Printer App - HPSmart.app/www/pdfjs-viewer/cmaps/Adobe-Japan1-0.bcmap ... 
2026-04-03 19:07:57 +0000  225 bytes for ./Payload/HP Smart Printer App - HPSmart.app/www/pdfjs-viewer/cmaps/Adobe-Japan1-0.bcmap
2026-04-03 19:07:57 +0000  copying file ./Payload/HP Smart Printer App - HPSmart.app/www/pdfjs-viewer/cmaps/Adobe-CNS1-3.bcmap ... 
2026-04-03 19:07:57 +0000  401 bytes for ./Payload/HP Smart Printer App - HPSmart.app/www/pdfjs-viewer/cmaps/Adobe-CNS1-3.bcmap
2026-04-03 19:07:57 +0000  copying file ./Payload/HP Smart Printer App - HPSmart.app/www/pdfjs-viewer/cmaps/HKm314-B5-H.bcmap ... 
2026-04-03 19:07:57 +0000  1772 bytes for ./Payload/HP Smart Printer App - HPSmart.app/www/pdfjs-viewer/cmaps/HKm314-B5-H.bcmap
copying file ./Payload/HP Smart Printer App - HPSmart.app/www/pdfjs-viewer/cmaps/UniCNS-UTF8-V.bcmap ... 
2026-04-03 19:07:57 +0000  157 bytes for ./Payload/HP Smart Printer App - HPSmart.app/www/pdfjs-viewer/cmaps/UniCNS-UTF8-V.bcmap
copying file ./Payload/HP Smart Printer App - HPSmart.app/www/pdfjs-viewer/cmaps/LICENSE ... 
2026-04-03 19:07:57 +0000  2080 bytes for ./Payload/HP Smart Printer App - HPSmart.app/www/pdfjs-viewer/cmaps/LICENSE
2026-04-03 19:07:57 +0000  copying file ./Payload/HP Smart Printer App - HPSmart.app/www/pdfjs-viewer/cmaps/ETHK-B5-H.bcmap ... 
2026-04-03 19:07:57 +0000  4426 bytes for ./Payload/HP Smart Printer App - HPSmart.app/www/pdfjs-viewer/cmaps/ETHK-B5-H.bcmap
copying file ./Payload/HP Smart Printer App - HPSmart.app/www/pdfjs-viewer/cmaps/KSC-Johab-V.bcmap ... 
2026-04-03 19:07:57 +0000  166 bytes for ./Payload/HP Smart Printer App - HPSmart.app/www/pdfjs-viewer/cmaps/KSC-Johab-V.bcmap
2026-04-03 19:07:57 +0000  copying file ./Payload/HP Smart Printer App - HPSmart.app/www/pdfjs-viewer/cmaps/Adobe-CNS1-1.bcmap ... 
371 bytes for ./Payload/HP Smart Printer App - HPSmart.app/www/pdfjs-viewer/cmaps/Adobe-CNS1-1.bcmap
copying file ./Payload/HP Smart Printer App - HPSmart.app/www/pdfjs-viewer/cmaps/UniGB-UCS2-V.bcmap ... 
2026-04-03 19:07:57 +0000  193 bytes for ./Payload/HP Smart Printer App - HPSmart.app/www/pdfjs-viewer/cmaps/UniGB-UCS2-V.bcmap
copying file ./Payload/HP Smart Printer App - HPSmart.app/www/pdfjs-viewer/cmaps/Adobe-Japan1-2.bcmap ... 
2026-04-03 19:07:57 +0000  233 bytes for ./Payload/HP Smart Printer App - HPSmart.app/www/pdfjs-viewer/cmaps/Adobe-Japan1-2.bcmap
copying file ./Payload/HP Smart Printer App - HPSmart.app/www/pdfjs-viewer/cmaps/KSC-V.bcmap ... 
2026-04-03 19:07:57 +0000  160 bytes for ./Payload/HP Smart Printer App - HPSmart.app/www/pdfjs-viewer/cmaps/KSC-V.bcmap
2026-04-03 19:07:57 +0000  copying file ./Payload/HP Smart Printer App - HPSmart.app/www/pdfjs-viewer/cmaps/UniJISPro-UTF8-V.bcmap ... 
2026-04-03 19:07:57 +0000  726 bytes for ./Payload/HP Smart Printer App - HPSmart.app/www/pdfjs-viewer/cmaps/UniJISPro-UTF8-V.bcmap
2026-04-03 19:07:57 +0000  copying file ./Payload/HP Smart Printer App - HPSmart.app/www/pdfjs-viewer/cmaps/KSC-EUC-H.bcmap ... 
2026-04-03 19:07:57 +0000  1848 bytes for ./Payload/HP Smart Printer App - HPSmart.app/www/pdfjs-viewer/cmaps/KSC-EUC-H.bcmap
2026-04-03 19:07:57 +0000  copying file ./Payload/HP Smart Printer App - HPSmart.app/www/pdfjs-viewer/cmaps/RKSJ-H.bcmap ... 
2026-04-03 19:07:57 +0000  534 bytes for ./Payload/HP Smart Printer App - HPSmart.app/www/pdfjs-viewer/cmaps/RKSJ-H.bcmap
2026-04-03 19:07:57 +0000  copying file ./Payload/HP Smart Printer App - HPSmart.app/www/pdfjs-viewer/cmaps/Add-RKSJ-V.bcmap ... 
2026-04-03 19:07:57 +0000  287 bytes for ./Payload/HP Smart Printer App - HPSmart.app/www/pdfjs-viewer/cmaps/Add-RKSJ-V.bcmap
2026-04-03 19:07:57 +0000  copying file ./Payload/HP Smart Printer App - HPSmart.app/www/pdfjs-viewer/cmaps/UniKS-UCS2-V.bcmap ... 
2026-04-03 19:07:57 +0000  178 bytes for ./Payload/HP Smart Printer App - HPSmart.app/www/pdfjs-viewer/cmaps/UniKS-UCS2-V.bcmap
2026-04-03 19:07:57 +0000  copying file ./Payload/HP Smart Printer App - HPSmart.app/www/pdfjs-viewer/cmaps/78-V.bcmap ... 
2026-04-03 19:07:57 +0000  169 bytes for ./Payload/HP Smart Printer App - HPSmart.app/www/pdfjs-viewer/cmaps/78-V.bcmap
2026-04-03 19:07:57 +0000  copying file ./Payload/HP Smart Printer App - HPSmart.app/www/pdfjs-viewer/cmaps/CNS-EUC-H.bcmap ... 
2026-04-03 19:07:57 +0000  1780 bytes for ./Payload/HP Smart Printer App - HPSmart.app/www/pdfjs-viewer/cmaps/CNS-EUC-H.bcmap
2026-04-03 19:07:57 +0000  copying file ./Payload/HP Smart Printer App - HPSmart.app/www/pdfjs-viewer/cmaps/HKm471-B5-V.bcmap ... 
2026-04-03 19:07:57 +0000  149 bytes for ./Payload/HP Smart Printer App - HPSmart.app/www/pdfjs-viewer/cmaps/HKm471-B5-V.bcmap
2026-04-03 19:07:57 +0000  copying file ./Payload/HP Smart Printer App - HPSmart.app/www/pdfjs-viewer/cmaps/HKgccs-B5-H.bcmap ... 
2026-04-03 19:07:57 +0000  2292 bytes for ./Payload/HP Smart Printer App - HPSmart.app/www/pdfjs-viewer/cmaps/HKgccs-B5-H.bcmap
2026-04-03 19:07:57 +0000  copying file ./Payload/HP Smart Printer App - HPSmart.app/www/pdfjs-viewer/cmaps/UniCNS-UTF8-H.bcmap ... 
2026-04-03 19:07:57 +0000  53629 bytes for ./Payload/HP Smart Printer App - HPSmart.app/www/pdfjs-viewer/cmaps/UniCNS-UTF8-H.bcmap
2026-04-03 19:07:57 +0000  copying file ./Payload/HP Smart Printer App - HPSmart.app/www/pdfjs-viewer/cmaps/HKm314-B5-V.bcmap ... 
2026-04-03 19:07:57 +0000  149 bytes for ./Payload/HP Smart Printer App - HPSmart.app/www/pdfjs-viewer/cmaps/HKm314-B5-V.bcmap
copying file ./Payload/HP Smart Printer App - HPSmart.app/www/pdfjs-viewer/cmaps/Adobe-Japan1-5.bcmap ... 
2026-04-03 19:07:57 +0000  430 bytes for ./Payload/HP Smart Printer App - HPSmart.app/www/pdfjs-viewer/cmaps/Adobe-Japan1-5.bcmap
2026-04-03 19:07:57 +0000  copying file ./Payload/HP Smart Printer App - HPSmart.app/www/pdfjs-viewer/cmaps/Adobe-CNS1-6.bcmap ... 
2026-04-03 19:07:57 +0000  406 bytes for ./Payload/HP Smart Printer App - HPSmart.app/www/pdfjs-viewer/cmaps/Adobe-CNS1-6.bcmap
2026-04-03 19:07:57 +0000  copying file ./Payload/HP Smart Printer App - HPSmart.app/www/pdfjs-viewer/cmaps/Add-V.bcmap ... 
2026-04-03 19:07:57 +0000  282 bytes for ./Payload/HP Smart Printer App - HPSmart.app/www/pdfjs-viewer/cmaps/Add-V.bcmap
2026-04-03 19:07:57 +0000  copying file ./Payload/HP Smart Printer App - HPSmart.app/www/pdfjs-viewer/cmaps/UniJIS-UTF8-H.bcmap ... 
2026-04-03 19:07:57 +0000  41695 bytes for ./Payload/HP Smart Printer App - HPSmart.app/www/pdfjs-viewer/cmaps/UniJIS-UTF8-H.bcmap
copying file ./Payload/HP Smart Printer App - HPSmart.app/www/pdfjs-viewer/cmaps/UniJISPro-UCS2-HW-V.bcmap ... 
2026-04-03 19:07:57 +0000  705 bytes for ./Payload/HP Smart Printer App - HPSmart.app/www/pdfjs-viewer/cmaps/UniJISPro-UCS2-HW-V.bcmap
copying file ./Payload/HP Smart Printer App - HPSmart.app/www/pdfjs-viewer/cmaps/HKgccs-B5-V.bcmap ... 
149 bytes for ./Payload/HP Smart Printer App - HPSmart.app/www/pdfjs-viewer/cmaps/HKgccs-B5-V.bcmap
copying file ./Payload/HP Smart Printer App - HPSmart.app/www/pdfjs-viewer/cmaps/HKm471-B5-H.bcmap ... 
2026-04-03 19:07:57 +0000  2171 bytes for ./Payload/HP Smart Printer App - HPSmart.app/www/pdfjs-viewer/cmaps/HKm471-B5-H.bcmap
2026-04-03 19:07:57 +0000  copying file ./Payload/HP Smart Printer App - HPSmart.app/www/pdfjs-viewer/cmaps/CNS-EUC-V.bcmap ... 
2026-04-03 19:07:57 +0000  1920 bytes for ./Payload/HP Smart Printer App - HPSmart.app/www/pdfjs-viewer/cmaps/CNS-EUC-V.bcmap
2026-04-03 19:07:57 +0000  copying file ./Payload/HP Smart Printer App - HPSmart.app/www/pdfjs-viewer/cmaps/78-H.bcmap ... 
2026-04-03 19:07:57 +0000  2379 bytes for ./Payload/HP Smart Printer App - HPSmart.app/www/pdfjs-viewer/cmaps/78-H.bcmap
2026-04-03 19:07:57 +0000  copying file ./Payload/HP Smart Printer App - HPSmart.app/www/pdfjs-viewer/cmaps/UniKS-UCS2-H.bcmap ... 
2026-04-03 19:07:57 +0000  25783 bytes for ./Payload/HP Smart Printer App - HPSmart.app/www/pdfjs-viewer/cmaps/UniKS-UCS2-H.bcmap
2026-04-03 19:07:57 +0000  copying file ./Payload/HP Smart Printer App - HPSmart.app/www/pdfjs-viewer/cmaps/KSC-EUC-V.bcmap ... 
2026-04-03 19:07:57 +0000  164 bytes for ./Payload/HP Smart Printer App - HPSmart.app/www/pdfjs-viewer/cmaps/KSC-EUC-V.bcmap
2026-04-03 19:07:57 +0000  copying file ./Payload/HP Smart Printer App - HPSmart.app/www/pdfjs-viewer/cmaps/Add-RKSJ-H.bcmap ... 
2026-04-03 19:07:57 +0000  2413 bytes for ./Payload/HP Smart Printer App - HPSmart.app/www/pdfjs-viewer/cmaps/Add-RKSJ-H.bcmap
2026-04-03 19:07:57 +0000  copying file ./Payload/HP Smart Printer App - HPSmart.app/www/pdfjs-viewer/cmaps/RKSJ-V.bcmap ... 
2026-04-03 19:07:57 +0000  170 bytes for ./Payload/HP Smart Printer App - HPSmart.app/www/pdfjs-viewer/cmaps/RKSJ-V.bcmap
2026-04-03 19:07:57 +0000  copying file ./Payload/HP Smart Printer App - HPSmart.app/www/pdfjs-viewer/cmaps/Adobe-CNS1-4.bcmap ... 
2026-04-03 19:07:57 +0000  405 bytes for ./Payload/HP Smart Printer App - HPSmart.app/www/pdfjs-viewer/cmaps/Adobe-CNS1-4.bcmap
2026-04-03 19:07:57 +0000  copying file ./Payload/HP Smart Printer App - HPSmart.app/www/pdfjs-viewer/cmaps/UniGB-UCS2-H.bcmap ... 
2026-04-03 19:07:57 +0000  43366 bytes for ./Payload/HP Smart Printer App - HPSmart.app/www/pdfjs-viewer/cmaps/UniGB-UCS2-H.bcmap
2026-04-03 19:07:57 +0000  copying file ./Payload/HP Smart Printer App - HPSmart.app/www/pdfjs-viewer/cmaps/KSC-Johab-H.bcmap ... 
2026-04-03 19:07:57 +0000  16791 bytes for ./Payload/HP Smart Printer App - HPSmart.app/www/pdfjs-viewer/cmaps/KSC-Johab-H.bcmap
2026-04-03 19:07:57 +0000  copying file ./Payload/HP Smart Printer App - HPSmart.app/www/pdfjs-viewer/cmaps/KSC-H.bcmap ... 
2026-04-03 19:07:57 +0000  1831 bytes for ./Payload/HP Smart Printer App - HPSmart.app/www/pdfjs-viewer/cmaps/KSC-H.bcmap
2026-04-03 19:07:57 +0000  copying file ./Payload/HP Smart Printer App - HPSmart.app/www/pdfjs-viewer/cmaps/ETHK-B5-V.bcmap ... 
2026-04-03 19:07:57 +0000  158 bytes for ./Payload/HP Smart Printer App - HPSmart.app/www/pdfjs-viewer/cmaps/ETHK-B5-V.bcmap
2026-04-03 19:07:57 +0000  copying file ./Payload/HP Smart Printer App - HPSmart.app/www/pdfjs-viewer/cmaps/Adobe-CNS1-0.bcmap ... 
2026-04-03 19:07:57 +0000  317 bytes for ./Payload/HP Smart Printer App - HPSmart.app/www/pdfjs-viewer/cmaps/Adobe-CNS1-0.bcmap
copying file ./Payload/HP Smart Printer App - HPSmart.app/www/pdfjs-viewer/cmaps/Adobe-Japan1-3.bcmap ... 
2026-04-03 19:07:57 +0000  242 bytes for ./Payload/HP Smart Printer App - HPSmart.app/www/pdfjs-viewer/cmaps/Adobe-Japan1-3.bcmap
copying file ./Payload/HP Smart Printer App - HPSmart.app/www/pdfjs-viewer/cmaps/KSCpc-EUC-V.bcmap ... 
2026-04-03 19:07:57 +0000  166 bytes for ./Payload/HP Smart Printer App - HPSmart.app/www/pdfjs-viewer/cmaps/KSCpc-EUC-V.bcmap
copying file ./Payload/HP Smart Printer App - HPSmart.app/www/pdfjs-viewer/cmaps/GBKp-EUC-V.bcmap ... 
2026-04-03 19:07:57 +0000  181 bytes for ./Payload/HP Smart Printer App - HPSmart.app/www/pdfjs-viewer/cmaps/GBKp-EUC-V.bcmap
copying file ./Payload/HP Smart Printer App - HPSmart.app/www/pdfjs-viewer/cmaps/78-EUC-H.bcmap ... 
2026-04-03 19:07:57 +0000  2404 bytes for ./Payload/HP Smart Printer App - HPSmart.app/www/pdfjs-viewer/cmaps/78-EUC-H.bcmap
2026-04-03 19:07:57 +0000  copying file ./Payload/HP Smart Printer App - HPSmart.app/www/pdfjs-viewer/cmaps/Roman.bcmap ... 
2026-04-03 19:07:57 +0000  96 bytes for ./Payload/HP Smart Printer App - HPSmart.app/www/pdfjs-viewer/cmaps/Roman.bcmap
2026-04-03 19:07:57 +0000  copying file ./Payload/HP Smart Printer App - HPSmart.app/www/pdfjs-viewer/cmaps/V.bcmap ... 
2026-04-03 19:07:57 +0000  166 bytes for ./Payload/HP Smart Printer App - HPSmart.app/www/pdfjs-viewer/cmaps/V.bcmap
2026-04-03 19:07:57 +0000  copying file ./Payload/HP Smart Printer App - HPSmart.app/www/pdfjs-viewer/cmaps/ETenms-B5-V.bcmap ... 
2026-04-03 19:07:57 +0000  172 bytes for ./Payload/HP Smart Printer App - HPSmart.app/www/pdfjs-viewer/cmaps/ETenms-B5-V.bcmap
copying file ./Payload/HP Smart Printer App - HPSmart.app/www/pdfjs-viewer/cmaps/HKdla-B5-H.bcmap ... 
2026-04-03 19:07:57 +0000  2654 bytes for ./Payload/HP Smart Printer App - HPSmart.app/www/pdfjs-viewer/cmaps/HKdla-B5-H.bcmap
2026-04-03 19:07:57 +0000  copying file ./Payload/HP Smart Printer App - HPSmart.app/www/pdfjs-viewer/cmaps/UniJISX0213-UTF32-V.bcmap ... 
2026-04-03 19:07:57 +0000  684 bytes for ./Payload/HP Smart Printer App - HPSmart.app/www/pdfjs-viewer/cmaps/UniJISX0213-UTF32-V.bcmap
2026-04-03 19:07:57 +0000  copying file ./Payload/HP Smart Printer App - HPSmart.app/www/pdfjs-viewer/cmaps/HKscs-B5-V.bcmap ... 
2026-04-03 19:07:57 +0000  159 bytes for ./Payload/HP Smart Printer App - HPSmart.app/www/pdfjs-viewer/cmaps/HKscs-B5-V.bcmap
2026-04-03 19:07:57 +0000  copying file ./Payload/HP Smart Printer App - HPSmart.app/www/pdfjs-viewer/cmaps/Adobe-Japan1-1.bcmap ... 
2026-04-03 19:07:57 +0000  226 bytes for ./Payload/HP Smart Printer App - HPSmart.app/www/pdfjs-viewer/cmaps/Adobe-Japan1-1.bcmap
2026-04-03 19:07:57 +0000  copying file ./Payload/HP Smart Printer App - HPSmart.app/www/pdfjs-viewer/cmaps/Adobe-CNS1-2.bcmap ... 
2026-04-03 19:07:57 +0000  376 bytes for ./Payload/HP Smart Printer App - HPSmart.app/www/pdfjs-viewer/cmaps/Adobe-CNS1-2.bcmap
2026-04-03 19:07:57 +0000  copying file ./Payload/HP Smart Printer App - HPSmart.app/www/pdfjs-viewer/cmaps/90msp-RKSJ-V.bcmap ... 
2026-04-03 19:07:57 +0000  291 bytes for ./Payload/HP Smart Printer App - HPSmart.app/www/pdfjs-viewer/cmaps/90msp-RKSJ-V.bcmap
2026-04-03 19:07:57 +0000  copying file ./Payload/HP Smart Printer App - HPSmart.app/www/pdfjs-viewer/cmaps/B5pc-V.bcmap ... 
2026-04-03 19:07:57 +0000  144 bytes for ./Payload/HP Smart Printer App - HPSmart.app/www/pdfjs-viewer/cmaps/B5pc-V.bcmap
2026-04-03 19:07:57 +0000  copying file ./Payload/HP Smart Printer App - HPSmart.app/www/pdfjs-viewer/cmaps/Adobe-GB1-1.bcmap ... 
2026-04-03 19:07:57 +0000  250 bytes for ./Payload/HP Smart Printer App - HPSmart.app/www/pdfjs-viewer/cmaps/Adobe-GB1-1.bcmap
2026-04-03 19:07:57 +0000  copying file ./Payload/HP Smart Printer App - HPSmart.app/www/pdfjs-viewer/cmaps/B5-H.bcmap ... 
2026-04-03 19:07:57 +0000  1086 bytes for ./Payload/HP Smart Printer App - HPSmart.app/www/pdfjs-viewer/cmaps/B5-H.bcmap
2026-04-03 19:07:57 +0000  copying file ./Payload/HP Smart Printer App - HPSmart.app/www/pdfjs-viewer/cmaps/UniCNS-UTF16-V.bcmap ... 
2026-04-03 19:07:57 +0000  156 bytes for ./Payload/HP Smart Printer App - HPSmart.app/www/pdfjs-viewer/cmaps/UniCNS-UTF16-V.bcmap
2026-04-03 19:07:57 +0000  copying file ./Payload/HP Smart Printer App - HPSmart.app/www/pdfjs-viewer/cmaps/UniGB-UTF16-H.bcmap ... 
2026-04-03 19:07:57 +0000  44086 bytes for ./Payload/HP Smart Printer App - HPSmart.app/www/pdfjs-viewer/cmaps/UniGB-UTF16-H.bcmap
2026-04-03 19:07:57 +0000  copying file ./Payload/HP Smart Printer App - HPSmart.app/www/pdfjs-viewer/cmaps/Hankaku.bcmap ... 
2026-04-03 19:07:57 +0000  132 bytes for ./Payload/HP Smart Printer App - HPSmart.app/www/pdfjs-viewer/cmaps/Hankaku.bcmap
2026-04-03 19:07:57 +0000  copying file ./Payload/HP Smart Printer App - HPSmart.app/www/pdfjs-viewer/cmaps/90ms-RKSJ-V.bcmap ... 
2026-04-03 19:07:57 +0000  290 bytes for ./Payload/HP Smart Printer App - HPSmart.app/www/pdfjs-viewer/cmaps/90ms-RKSJ-V.bcmap
2026-04-03 19:07:57 +0000  copying file ./Payload/HP Smart Printer App - HPSmart.app/www/pdfjs-viewer/cmaps/EUC-V.bcmap ... 
2026-04-03 19:07:57 +0000  170 bytes for ./Payload/HP Smart Printer App - HPSmart.app/www/pdfjs-viewer/cmaps/EUC-V.bcmap
copying file ./Payload/HP Smart Printer App - HPSmart.app/www/pdfjs-viewer/cmaps/UniJIS2004-UTF16-H.bcmap ... 
2026-04-03 19:07:57 +0000  39534 bytes for ./Payload/HP Smart Printer App - HPSmart.app/www/pdfjs-viewer/cmaps/UniJIS2004-UTF16-H.bcmap
2026-04-03 19:07:57 +0000  copying file ./Payload/HP Smart Printer App - HPSmart.app/www/pdfjs-viewer/cmaps/UniJIS2004-UTF8-H.bcmap ... 
2026-04-03 19:07:57 +0000  41779 bytes for ./Payload/HP Smart Printer App - HPSmart.app/www/pdfjs-viewer/cmaps/UniJIS2004-UTF8-H.bcmap
2026-04-03 19:07:57 +0000  copying file ./Payload/HP Smart Printer App - HPSmart.app/www/pdfjs-viewer/cmaps/GBTpc-EUC-V.bcmap ... 
2026-04-03 19:07:57 +0000  182 bytes for ./Payload/HP Smart Printer App - HPSmart.app/www/pdfjs-viewer/cmaps/GBTpc-EUC-V.bcmap
2026-04-03 19:07:57 +0000  copying file ./Payload/HP Smart Printer App - HPSmart.app/www/pdfjs-viewer/cmaps/UniCNS-UTF32-H.bcmap ... 
2026-04-03 19:07:57 +0000  52679 bytes for ./Payload/HP Smart Printer App - HPSmart.app/www/pdfjs-viewer/cmaps/UniCNS-UTF32-H.bcmap
2026-04-03 19:07:57 +0000  copying file ./Payload/HP Smart Printer App - HPSmart.app/www/pdfjs-viewer/cmaps/UniGB-UTF32-V.bcmap ... 
2026-04-03 19:07:57 +0000  182 bytes for ./Payload/HP Smart Printer App - HPSmart.app/www/pdfjs-viewer/cmaps/UniGB-UTF32-V.bcmap
2026-04-03 19:07:57 +0000  copying file ./Payload/HP Smart Printer App - HPSmart.app/www/pdfjs-viewer/cmaps/GBT-H.bcmap ... 
2026-04-03 19:07:57 +0000  7269 bytes for ./Payload/HP Smart Printer App - HPSmart.app/www/pdfjs-viewer/cmaps/GBT-H.bcmap
2026-04-03 19:07:57 +0000  copying file ./Payload/HP Smart Printer App - HPSmart.app/www/pdfjs-viewer/cmaps/78-RKSJ-H.bcmap ... 
2026-04-03 19:07:57 +0000  2398 bytes for ./Payload/HP Smart Printer App - HPSmart.app/www/pdfjs-viewer/cmaps/78-RKSJ-H.bcmap
2026-04-03 19:07:57 +0000  copying file ./Payload/HP Smart Printer App - HPSmart.app/www/pdfjs-viewer/cmaps/78ms-RKSJ-H.bcmap ... 
2026-04-03 19:07:57 +0000  2651 bytes for ./Payload/HP Smart Printer App - HPSmart.app/www/pdfjs-viewer/cmaps/78ms-RKSJ-H.bcmap
2026-04-03 19:07:57 +0000  copying file ./Payload/HP Smart Printer App - HPSmart.app/www/pdfjs-viewer/cmaps/HKdlb-B5-H.bcmap ... 
2026-04-03 19:07:57 +0000  2414 bytes for ./Payload/HP Smart Printer App - HPSmart.app/www/pdfjs-viewer/cmaps/HKdlb-B5-H.bcmap
2026-04-03 19:07:57 +0000  copying file ./Payload/HP Smart Printer App - HPSmart.app/www/pdfjs-viewer/cmaps/83pv-RKSJ-H.bcmap ... 
2026-04-03 19:07:57 +0000  905 bytes for ./Payload/HP Smart Printer App - HPSmart.app/www/pdfjs-viewer/cmaps/83pv-RKSJ-H.bcmap
2026-04-03 19:07:57 +0000  copying file ./Payload/HP Smart Printer App - HPSmart.app/www/pdfjs-viewer/cmaps/GBT-EUC-H.bcmap ... 
2026-04-03 19:07:57 +0000  7290 bytes for ./Payload/HP Smart Printer App - HPSmart.app/www/pdfjs-viewer/cmaps/GBT-EUC-H.bcmap
2026-04-03 19:07:57 +0000  copying file ./Payload/HP Smart Printer App - HPSmart.app/www/pdfjs-viewer/cmaps/UniJIS2004-UTF32-V.bcmap ... 
2026-04-03 19:07:57 +0000  681 bytes for ./Payload/HP Smart Printer App - HPSmart.app/www/pdfjs-viewer/cmaps/UniJIS2004-UTF32-V.bcmap
2026-04-03 19:07:57 +0000  copying file ./Payload/HP Smart Printer App - HPSmart.app/www/pdfjs-viewer/cmaps/GBpc-EUC-V.bcmap ... 
181 bytes for ./Payload/HP Smart Printer App - HPSmart.app/www/pdfjs-viewer/cmaps/GBpc-EUC-V.bcmap
copying file ./Payload/HP Smart Printer App - HPSmart.app/www/pdfjs-viewer/cmaps/Adobe-Korea1-1.bcmap ... 
2026-04-03 19:07:57 +0000  386 bytes for ./Payload/HP Smart Printer App - HPSmart.app/www/pdfjs-viewer/cmaps/Adobe-Korea1-1.bcmap
2026-04-03 19:07:57 +0000  copying file ./Payload/HP Smart Printer App - HPSmart.app/www/pdfjs-viewer/cmaps/ETen-B5-H.bcmap ... 
2026-04-03 19:07:57 +0000  1125 bytes for ./Payload/HP Smart Printer App - HPSmart.app/www/pdfjs-viewer/cmaps/ETen-B5-H.bcmap
copying file ./Payload/HP Smart Printer App - HPSmart.app/www/pdfjs-viewer/cmaps/KSCms-UHC-HW-H.bcmap ... 
2026-04-03 19:07:57 +0000  2789 bytes for ./Payload/HP Smart Printer App - HPSmart.app/www/pdfjs-viewer/cmaps/KSCms-UHC-HW-H.bcmap
2026-04-03 19:07:57 +0000  copying file ./Payload/HP Smart Printer App - HPSmart.app/www/pdfjs-viewer/cmaps/CNS1-V.bcmap ... 
2026-04-03 19:07:57 +0000  143 bytes for ./Payload/HP Smart Printer App - HPSmart.app/www/pdfjs-viewer/cmaps/CNS1-V.bcmap
copying file ./Payload/HP Smart Printer App - HPSmart.app/www/pdfjs-viewer/cmaps/GBK-EUC-H.bcmap ... 
2026-04-03 19:07:57 +0000  14692 bytes for ./Payload/HP Smart Printer App - HPSmart.app/www/pdfjs-viewer/cmaps/GBK-EUC-H.bcmap
2026-04-03 19:07:57 +0000  copying file ./Payload/HP Smart Printer App - HPSmart.app/www/pdfjs-viewer/cmaps/Ext-V.bcmap ... 
215 bytes for ./Payload/HP Smart Printer App - HPSmart.app/www/pdfjs-viewer/cmaps/Ext-V.bcmap
2026-04-03 19:07:57 +0000  copying file ./Payload/HP Smart Printer App - HPSmart.app/www/pdfjs-viewer/cmaps/Adobe-GB1-3.bcmap ... 
2026-04-03 19:07:57 +0000  470 bytes for ./Payload/HP Smart Printer App - HPSmart.app/www/pdfjs-viewer/cmaps/Adobe-GB1-3.bcmap
2026-04-03 19:07:57 +0000  copying file ./Payload/HP Smart Printer App - HPSmart.app/www/pdfjs-viewer/cmaps/UniJIS-UCS2-H.bcmap ... 
2026-04-03 19:07:57 +0000  25439 bytes for ./Payload/HP Smart Printer App - HPSmart.app/www/pdfjs-viewer/cmaps/UniJIS-UCS2-H.bcmap
2026-04-03 19:07:57 +0000  copying file ./Payload/HP Smart Printer App - HPSmart.app/www/pdfjs-viewer/cmaps/CNS2-H.bcmap ... 
2026-04-03 19:07:57 +0000  504 bytes for ./Payload/HP Smart Printer App - HPSmart.app/www/pdfjs-viewer/cmaps/CNS2-H.bcmap
2026-04-03 19:07:57 +0000  copying file ./Payload/HP Smart Printer App - HPSmart.app/www/pdfjs-viewer/cmaps/UniKS-UTF16-V.bcmap ... 
2026-04-03 19:07:57 +0000  164 bytes for ./Payload/HP Smart Printer App - HPSmart.app/www/pdfjs-viewer/cmaps/UniKS-UTF16-V.bcmap
2026-04-03 19:07:57 +0000  copying file ./Payload/HP Smart Printer App - HPSmart.app/www/pdfjs-viewer/cmaps/NWP-V.bcmap ... 
2026-04-03 19:07:57 +0000  252 bytes for ./Payload/HP Smart Printer App - HPSmart.app/www/pdfjs-viewer/cmaps/NWP-V.bcmap
2026-04-03 19:07:57 +0000  copying file ./Payload/HP Smart Printer App - HPSmart.app/www/pdfjs-viewer/cmaps/KSCms-UHC-V.bcmap ... 
2026-04-03 19:07:57 +0000  166 bytes for ./Payload/HP Smart Printer App - HPSmart.app/www/pdfjs-viewer/cmaps/KSCms-UHC-V.bcmap
2026-04-03 19:07:57 +0000  copying file ./Payload/HP Smart Printer App - HPSmart.app/www/pdfjs-viewer/cmaps/GB-V.bcmap ... 
2026-04-03 19:07:57 +0000  175 bytes for ./Payload/HP Smart Printer App - HPSmart.app/www/pdfjs-viewer/cmaps/GB-V.bcmap
2026-04-03 19:07:57 +0000  copying file ./Payload/HP Smart Printer App - HPSmart.app/www/pdfjs-viewer/cmaps/UniJIS-UTF32-V.bcmap ... 
2026-04-03 19:07:57 +0000  677 bytes for ./Payload/HP Smart Printer App - HPSmart.app/www/pdfjs-viewer/cmaps/UniJIS-UTF32-V.bcmap
2026-04-03 19:07:57 +0000  copying file ./Payload/HP Smart Printer App - HPSmart.app/www/pdfjs-viewer/cmaps/UniJIS-UCS2-HW-H.bcmap ... 
2026-04-03 19:07:57 +0000  119 bytes for ./Payload/HP Smart Printer App - HPSmart.app/www/pdfjs-viewer/cmaps/UniJIS-UCS2-HW-H.bcmap
2026-04-03 19:07:57 +0000  copying file ./Payload/HP Smart Printer App - HPSmart.app/www/pdfjs-viewer/cmaps/UniCNS-UCS2-H.bcmap ... 
2026-04-03 19:07:57 +0000  48280 bytes for ./Payload/HP Smart Printer App - HPSmart.app/www/pdfjs-viewer/cmaps/UniCNS-UCS2-H.bcmap
copying file ./Payload/HP Smart Printer App - HPSmart.app/www/pdfjs-viewer/cmaps/UniJISX02132004-UTF32-H.bcmap ... 
2026-04-03 19:07:57 +0000  40608 bytes for ./Payload/HP Smart Printer App - HPSmart.app/www/pdfjs-viewer/cmaps/UniJISX02132004-UTF32-H.bcmap
copying file ./Payload/HP Smart Printer App - HPSmart.app/www/pdfjs-viewer/cmaps/UniGB-UTF8-H.bcmap ... 
2026-04-03 19:07:57 +0000  46837 bytes for ./Payload/HP Smart Printer App - HPSmart.app/www/pdfjs-viewer/cmaps/UniGB-UTF8-H.bcmap
2026-04-03 19:07:57 +0000  copying file ./Payload/HP Smart Printer App - HPSmart.app/www/pdfjs-viewer/cmaps/GB-EUC-V.bcmap ... 
2026-04-03 19:07:57 +0000  179 bytes for ./Payload/HP Smart Printer App - HPSmart.app/www/pdfjs-viewer/cmaps/GB-EUC-V.bcmap
copying file ./Payload/HP Smart Printer App - HPSmart.app/www/pdfjs-viewer/cmaps/UniJIS-UTF16-H.bcmap ... 
2026-04-03 19:07:57 +0000  39443 bytes for ./Payload/HP Smart Printer App - HPSmart.app/www/pdfjs-viewer/cmaps/UniJIS-UTF16-H.bcmap
2026-04-03 19:07:57 +0000  copying file ./Payload/HP Smart Printer App - HPSmart.app/www/pdfjs-viewer/cmaps/Adobe-GB1-5.bcmap ... 
2026-04-03 19:07:57 +0000  625 bytes for ./Payload/HP Smart Printer App - HPSmart.app/www/pdfjs-viewer/cmaps/Adobe-GB1-5.bcmap
2026-04-03 19:07:57 +0000  copying file ./Payload/HP Smart Printer App - HPSmart.app/www/pdfjs-viewer/cmaps/UniKS-UTF8-H.bcmap ... 
2026-04-03 19:07:57 +0000  27790 bytes for ./Payload/HP Smart Printer App - HPSmart.app/www/pdfjs-viewer/cmaps/UniKS-UTF8-H.bcmap
2026-04-03 19:07:57 +0000  copying file ./Payload/HP Smart Printer App - HPSmart.app/www/pdfjs-viewer/cmaps/UniKS-UTF32-H.bcmap ... 
2026-04-03 19:07:57 +0000  26451 bytes for ./Payload/HP Smart Printer App - HPSmart.app/www/pdfjs-viewer/cmaps/UniKS-UTF32-H.bcmap
2026-04-03 19:07:57 +0000  copying file ./Payload/HP Smart Printer App - HPSmart.app/www/pdfjs-viewer/cmaps/90pv-RKSJ-H.bcmap ... 
2026-04-03 19:07:57 +0000  982 bytes for ./Payload/HP Smart Printer App - HPSmart.app/www/pdfjs-viewer/cmaps/90pv-RKSJ-H.bcmap
2026-04-03 19:07:57 +0000  copying file ./Payload/HP Smart Printer App - HPSmart.app/www/pdfjs-viewer/cmaps/GBK2K-V.bcmap ... 
2026-04-03 19:07:57 +0000  219 bytes for ./Payload/HP Smart Printer App - HPSmart.app/www/pdfjs-viewer/cmaps/GBK2K-V.bcmap
2026-04-03 19:07:57 +0000  copying file ./Payload/HP Smart Printer App - HPSmart.app/www/pdfjs-viewer/cmaps/Ext-RKSJ-V.bcmap ... 
2026-04-03 19:07:57 +0000  218 bytes for ./Payload/HP Smart Printer App - HPSmart.app/www/pdfjs-viewer/cmaps/Ext-RKSJ-V.bcmap
2026-04-03 19:07:57 +0000  copying file ./Payload/HP Smart Printer App - HPSmart.app/www/pdfjs-viewer/cmaps/UniCNS-UCS2-V.bcmap ... 
2026-04-03 19:07:57 +0000  156 bytes for ./Payload/HP Smart Printer App - HPSmart.app/www/pdfjs-viewer/cmaps/UniCNS-UCS2-V.bcmap
2026-04-03 19:07:57 +0000  copying file ./Payload/HP Smart Printer App - HPSmart.app/www/pdfjs-viewer/cmaps/UniJIS-UCS2-HW-V.bcmap ... 
2026-04-03 19:07:57 +0000  680 bytes for ./Payload/HP Smart Printer App - HPSmart.app/www/pdfjs-viewer/cmaps/UniJIS-UCS2-HW-V.bcmap
2026-04-03 19:07:57 +0000  copying file ./Payload/HP Smart Printer App - HPSmart.app/www/pdfjs-viewer/cmaps/UniJIS-UTF32-H.bcmap ... 
2026-04-03 19:07:57 +0000  40539 bytes for ./Payload/HP Smart Printer App - HPSmart.app/www/pdfjs-viewer/cmaps/UniJIS-UTF32-H.bcmap
copying file ./Payload/HP Smart Printer App - HPSmart.app/www/pdfjs-viewer/cmaps/GB-H.bcmap ... 
2026-04-03 19:07:57 +0000  528 bytes for ./Payload/HP Smart Printer App - HPSmart.app/www/pdfjs-viewer/cmaps/GB-H.bcmap
copying file ./Payload/HP Smart Printer App - HPSmart.app/www/pdfjs-viewer/cmaps/KSCms-UHC-H.bcmap ... 
2026-04-03 19:07:57 +0000  2787 bytes for ./Payload/HP Smart Printer App - HPSmart.app/www/pdfjs-viewer/cmaps/KSCms-UHC-H.bcmap
2026-04-03 19:07:57 +0000  copying file ./Payload/HP Smart Printer App - HPSmart.app/www/pdfjs-viewer/cmaps/NWP-H.bcmap ... 
2026-04-03 19:07:57 +0000  2765 bytes for ./Payload/HP Smart Printer App - HPSmart.app/www/pdfjs-viewer/cmaps/NWP-H.bcmap
2026-04-03 19:07:57 +0000  copying file ./Payload/HP Smart Printer App - HPSmart.app/www/pdfjs-viewer/cmaps/UniKS-UTF16-H.bcmap ... 
2026-04-03 19:07:57 +0000  26327 bytes for ./Payload/HP Smart Printer App - HPSmart.app/www/pdfjs-viewer/cmaps/UniKS-UTF16-H.bcmap
2026-04-03 19:07:57 +0000  copying file ./Payload/HP Smart Printer App - HPSmart.app/www/pdfjs-viewer/cmaps/Adobe-GB1-2.bcmap ... 
2026-04-03 19:07:57 +0000  465 bytes for ./Payload/HP Smart Printer App - HPSmart.app/www/pdfjs-viewer/cmaps/Adobe-GB1-2.bcmap
2026-04-03 19:07:57 +0000  copying file ./Payload/HP Smart Printer App - HPSmart.app/www/pdfjs-viewer/cmaps/CNS2-V.bcmap ... 
2026-04-03 19:07:57 +0000  93 bytes for ./Payload/HP Smart Printer App - HPSmart.app/www/pdfjs-viewer/cmaps/CNS2-V.bcmap
2026-04-03 19:07:57 +0000  copying file ./Payload/HP Smart Printer App - HPSmart.app/www/pdfjs-viewer/cmaps/Hiragana.bcmap ... 
2026-04-03 19:07:57 +0000  124 bytes for ./Payload/HP Smart Printer App - HPSmart.app/www/pdfjs-viewer/cmaps/Hiragana.bcmap
2026-04-03 19:07:57 +0000  copying file ./Payload/HP Smart Printer App - HPSmart.app/www/pdfjs-viewer/cmaps/UniJIS-UCS2-V.bcmap ... 
2026-04-03 19:07:57 +0000  664 bytes for ./Payload/HP Smart Printer App - HPSmart.app/www/pdfjs-viewer/cmaps/UniJIS-UCS2-V.bcmap
2026-04-03 19:07:57 +0000  copying file ./Payload/HP Smart Printer App - HPSmart.app/www/pdfjs-viewer/cmaps/Adobe-Korea1-0.bcmap ... 
2026-04-03 19:07:57 +0000  241 bytes for ./Payload/HP Smart Printer App - HPSmart.app/www/pdfjs-viewer/cmaps/Adobe-Korea1-0.bcmap
2026-04-03 19:07:57 +0000  copying file ./Payload/HP Smart Printer App - HPSmart.app/www/pdfjs-viewer/cmaps/GBK2K-H.bcmap ... 
2026-04-03 19:07:57 +0000  19662 bytes for ./Payload/HP Smart Printer App - HPSmart.app/www/pdfjs-viewer/cmaps/GBK2K-H.bcmap
2026-04-03 19:07:57 +0000  copying file ./Payload/HP Smart Printer App - HPSmart.app/www/pdfjs-viewer/cmaps/90pv-RKSJ-V.bcmap ... 
2026-04-03 19:07:57 +0000  260 bytes for ./Payload/HP Smart Printer App - HPSmart.app/www/pdfjs-viewer/cmaps/90pv-RKSJ-V.bcmap
2026-04-03 19:07:57 +0000  copying file ./Payload/HP Smart Printer App - HPSmart.app/www/pdfjs-viewer/cmaps/Ext-RKSJ-H.bcmap ... 
2026-04-03 19:07:57 +0000  2542 bytes for ./Payload/HP Smart Printer App - HPSmart.app/www/pdfjs-viewer/cmaps/Ext-RKSJ-H.bcmap
2026-04-03 19:07:57 +0000  copying file ./Payload/HP Smart Printer App - HPSmart.app/www/pdfjs-viewer/cmaps/Adobe-Korea1-2.bcmap ... 
2026-04-03 19:07:57 +0000  391 bytes for ./Payload/HP Smart Printer App - HPSmart.app/www/pdfjs-viewer/cmaps/Adobe-Korea1-2.bcmap
2026-04-03 19:07:57 +0000  copying file ./Payload/HP Smart Printer App - HPSmart.app/www/pdfjs-viewer/cmaps/UniKS-UTF32-V.bcmap ... 
2026-04-03 19:07:57 +0000  168 bytes for ./Payload/HP Smart Printer App - HPSmart.app/www/pdfjs-viewer/cmaps/UniKS-UTF32-V.bcmap
2026-04-03 19:07:57 +0000  copying file ./Payload/HP Smart Printer App - HPSmart.app/www/pdfjs-viewer/cmaps/UniKS-UTF8-V.bcmap ... 
2026-04-03 19:07:57 +0000  169 bytes for ./Payload/HP Smart Printer App - HPSmart.app/www/pdfjs-viewer/cmaps/UniKS-UTF8-V.bcmap
2026-04-03 19:07:57 +0000  copying file ./Payload/HP Smart Printer App - HPSmart.app/www/pdfjs-viewer/cmaps/Adobe-GB1-0.bcmap ... 
2026-04-03 19:07:57 +0000  217 bytes for ./Payload/HP Smart Printer App - HPSmart.app/www/pdfjs-viewer/cmaps/Adobe-GB1-0.bcmap
2026-04-03 19:07:57 +0000  copying file ./Payload/HP Smart Printer App - HPSmart.app/www/pdfjs-viewer/cmaps/UniJIS-UTF16-V.bcmap ... 
2026-04-03 19:07:57 +0000  643 bytes for ./Payload/HP Smart Printer App - HPSmart.app/www/pdfjs-viewer/cmaps/UniJIS-UTF16-V.bcmap
2026-04-03 19:07:57 +0000  copying file ./Payload/HP Smart Printer App - HPSmart.app/www/pdfjs-viewer/cmaps/UniJISPro-UCS2-V.bcmap ... 
2026-04-03 19:07:57 +0000  689 bytes for ./Payload/HP Smart Printer App - HPSmart.app/www/pdfjs-viewer/cmaps/UniJISPro-UCS2-V.bcmap
2026-04-03 19:07:57 +0000  copying file ./Payload/HP Smart Printer App - HPSmart.app/www/pdfjs-viewer/cmaps/GB-EUC-H.bcmap ... 
2026-04-03 19:07:57 +0000  549 bytes for ./Payload/HP Smart Printer App - HPSmart.app/www/pdfjs-viewer/cmaps/GB-EUC-H.bcmap
2026-04-03 19:07:57 +0000  copying file ./Payload/HP Smart Printer App - HPSmart.app/www/pdfjs-viewer/cmaps/UniGB-UTF8-V.bcmap ... 
2026-04-03 19:07:57 +0000  181 bytes for ./Payload/HP Smart Printer App - HPSmart.app/www/pdfjs-viewer/cmaps/UniGB-UTF8-V.bcmap
2026-04-03 19:07:57 +0000  copying file ./Payload/HP Smart Printer App - HPSmart.app/www/pdfjs-viewer/cmaps/UniJISX02132004-UTF32-V.bcmap ... 
2026-04-03 19:07:57 +0000  688 bytes for ./Payload/HP Smart Printer App - HPSmart.app/www/pdfjs-viewer/cmaps/UniJISX02132004-UTF32-V.bcmap
2026-04-03 19:07:57 +0000  copying file ./Payload/HP Smart Printer App - HPSmart.app/www/pdfjs-viewer/cmaps/GBTpc-EUC-H.bcmap ... 
2026-04-03 19:07:57 +0000  7298 bytes for ./Payload/HP Smart Printer App - HPSmart.app/www/pdfjs-viewer/cmaps/GBTpc-EUC-H.bcmap
2026-04-03 19:07:57 +0000  copying file ./Payload/HP Smart Printer App - HPSmart.app/www/pdfjs-viewer/cmaps/Adobe-GB1-UCS2.bcmap ... 
2026-04-03 19:07:57 +0000  33974 bytes for ./Payload/HP Smart Printer App - HPSmart.app/www/pdfjs-viewer/cmaps/Adobe-GB1-UCS2.bcmap
copying file ./Payload/HP Smart Printer App - HPSmart.app/www/pdfjs-viewer/cmaps/UniJIS2004-UTF16-V.bcmap ... 
2026-04-03 19:07:57 +0000  647 bytes for ./Payload/HP Smart Printer App - HPSmart.app/www/pdfjs-viewer/cmaps/UniJIS2004-UTF16-V.bcmap
2026-04-03 19:07:57 +0000  copying file ./Payload/HP Smart Printer App - HPSmart.app/www/pdfjs-viewer/cmaps/UniJIS2004-UTF8-V.bcmap ... 
682 bytes for ./Payload/HP Smart Printer App - HPSmart.app/www/pdfjs-viewer/cmaps/UniJIS2004-UTF8-V.bcmap
2026-04-03 19:07:57 +0000  copying file ./Payload/HP Smart Printer App - HPSmart.app/www/pdfjs-viewer/cmaps/90ms-RKSJ-H.bcmap ... 
2026-04-03 19:07:57 +0000  721 bytes for ./Payload/HP Smart Printer App - HPSmart.app/www/pdfjs-viewer/cmaps/90ms-RKSJ-H.bcmap
2026-04-03 19:07:57 +0000  copying file ./Payload/HP Smart Printer App - HPSmart.app/www/pdfjs-viewer/cmaps/EUC-H.bcmap ... 
2026-04-03 19:07:57 +0000  578 bytes for ./Payload/HP Smart Printer App - HPSmart.app/www/pdfjs-viewer/cmaps/EUC-H.bcmap
2026-04-03 19:07:57 +0000  copying file ./Payload/HP Smart Printer App - HPSmart.app/www/pdfjs-viewer/cmaps/UniGB-UTF16-V.bcmap ... 
2026-04-03 19:07:57 +0000  178 bytes for ./Payload/HP Smart Printer App - HPSmart.app/www/pdfjs-viewer/cmaps/UniGB-UTF16-V.bcmap
2026-04-03 19:07:57 +0000  copying file ./Payload/HP Smart Printer App - HPSmart.app/www/pdfjs-viewer/cmaps/UniCNS-UTF16-H.bcmap ... 
2026-04-03 19:07:57 +0000  50419 bytes for ./Payload/HP Smart Printer App - HPSmart.app/www/pdfjs-viewer/cmaps/UniCNS-UTF16-H.bcmap
2026-04-03 19:07:57 +0000  copying file ./Payload/HP Smart Printer App - HPSmart.app/www/pdfjs-viewer/cmaps/B5pc-H.bcmap ... 
2026-04-03 19:07:57 +0000  1099 bytes for ./Payload/HP Smart Printer App - HPSmart.app/www/pdfjs-viewer/cmaps/B5pc-H.bcmap
2026-04-03 19:07:57 +0000  copying file ./Payload/HP Smart Printer App - HPSmart.app/www/pdfjs-viewer/cmaps/90msp-RKSJ-H.bcmap ... 
2026-04-03 19:07:57 +0000  715 bytes for ./Payload/HP Smart Printer App - HPSmart.app/www/pdfjs-viewer/cmaps/90msp-RKSJ-H.bcmap
2026-04-03 19:07:57 +0000  copying file ./Payload/HP Smart Printer App - HPSmart.app/www/pdfjs-viewer/cmaps/B5-V.bcmap ... 
2026-04-03 19:07:57 +0000  142 bytes for ./Payload/HP Smart Printer App - HPSmart.app/www/pdfjs-viewer/cmaps/B5-V.bcmap
2026-04-03 19:07:57 +0000  copying file ./Payload/HP Smart Printer App - HPSmart.app/www/pdfjs-viewer/cmaps/Adobe-GB1-4.bcmap ... 
2026-04-03 19:07:57 +0000  601 bytes for ./Payload/HP Smart Printer App - HPSmart.app/www/pdfjs-viewer/cmaps/Adobe-GB1-4.bcmap
2026-04-03 19:07:57 +0000  copying file ./Payload/HP Smart Printer App - HPSmart.app/www/pdfjs-viewer/cmaps/Ext-H.bcmap ... 
2026-04-03 19:07:57 +0000  2536 bytes for ./Payload/HP Smart Printer App - HPSmart.app/www/pdfjs-viewer/cmaps/Ext-H.bcmap
2026-04-03 19:07:57 +0000  copying file ./Payload/HP Smart Printer App - HPSmart.app/www/pdfjs-viewer/cmaps/GBK-EUC-V.bcmap ... 
2026-04-03 19:07:57 +0000  180 bytes for ./Payload/HP Smart Printer App - HPSmart.app/www/pdfjs-viewer/cmaps/GBK-EUC-V.bcmap
2026-04-03 19:07:57 +0000  copying file ./Payload/HP Smart Printer App - HPSmart.app/www/pdfjs-viewer/cmaps/CNS1-H.bcmap ... 
2026-04-03 19:07:57 +0000  706 bytes for ./Payload/HP Smart Printer App - HPSmart.app/www/pdfjs-viewer/cmaps/CNS1-H.bcmap
2026-04-03 19:07:57 +0000  copying file ./Payload/HP Smart Printer App - HPSmart.app/www/pdfjs-viewer/cmaps/ETen-B5-V.bcmap ... 
2026-04-03 19:07:57 +0000  158 bytes for ./Payload/HP Smart Printer App - HPSmart.app/www/pdfjs-viewer/cmaps/ETen-B5-V.bcmap
2026-04-03 19:07:57 +0000  copying file ./Payload/HP Smart Printer App - HPSmart.app/www/pdfjs-viewer/cmaps/KSCms-UHC-HW-V.bcmap ... 
2026-04-03 19:07:57 +0000  169 bytes for ./Payload/HP Smart Printer App - HPSmart.app/www/pdfjs-viewer/cmaps/KSCms-UHC-HW-V.bcmap
2026-04-03 19:07:57 +0000  copying file ./Payload/HP Smart Printer App - HPSmart.app/www/pdfjs-viewer/cmaps/UniJIS2004-UTF32-H.bcmap ... 
2026-04-03 19:07:57 +0000  40630 bytes for ./Payload/HP Smart Printer App - HPSmart.app/www/pdfjs-viewer/cmaps/UniJIS2004-UTF32-H.bcmap
2026-04-03 19:07:57 +0000  copying file ./Payload/HP Smart Printer App - HPSmart.app/www/pdfjs-viewer/cmaps/GBpc-EUC-H.bcmap ... 
2026-04-03 19:07:57 +0000  557 bytes for ./Payload/HP Smart Printer App - HPSmart.app/www/pdfjs-viewer/cmaps/GBpc-EUC-H.bcmap
copying file ./Payload/HP Smart Printer App - HPSmart.app/www/pdfjs-viewer/cmaps/GBT-EUC-V.bcmap ... 
2026-04-03 19:07:57 +0000  180 bytes for ./Payload/HP Smart Printer App - HPSmart.app/www/pdfjs-viewer/cmaps/GBT-EUC-V.bcmap
2026-04-03 19:07:57 +0000  copying file ./Payload/HP Smart Printer App - HPSmart.app/www/pdfjs-viewer/cmaps/HKdlb-B5-V.bcmap ... 
2026-04-03 19:07:57 +0000  148 bytes for ./Payload/HP Smart Printer App - HPSmart.app/www/pdfjs-viewer/cmaps/HKdlb-B5-V.bcmap
2026-04-03 19:07:57 +0000  copying file ./Payload/HP Smart Printer App - HPSmart.app/www/pdfjs-viewer/cmaps/78ms-RKSJ-V.bcmap ... 
290 bytes for ./Payload/HP Smart Printer App - HPSmart.app/www/pdfjs-viewer/cmaps/78ms-RKSJ-V.bcmap
2026-04-03 19:07:57 +0000  copying file ./Payload/HP Smart Printer App - HPSmart.app/www/pdfjs-viewer/cmaps/78-RKSJ-V.bcmap ... 
2026-04-03 19:07:57 +0000  173 bytes for ./Payload/HP Smart Printer App - HPSmart.app/www/pdfjs-viewer/cmaps/78-RKSJ-V.bcmap
2026-04-03 19:07:57 +0000  copying file ./Payload/HP Smart Printer App - HPSmart.app/www/pdfjs-viewer/cmaps/GBT-V.bcmap ... 
2026-04-03 19:07:57 +0000  176 bytes for ./Payload/HP Smart Printer App - HPSmart.app/www/pdfjs-viewer/cmaps/GBT-V.bcmap
2026-04-03 19:07:57 +0000  copying file ./Payload/HP Smart Printer App - HPSmart.app/www/pdfjs-viewer/cmaps/UniGB-UTF32-H.bcmap ... 
2026-04-03 19:07:57 +0000  45738 bytes for ./Payload/HP Smart Printer App - HPSmart.app/www/pdfjs-viewer/cmaps/UniGB-UTF32-H.bcmap
2026-04-03 19:07:57 +0000  copying file ./Payload/HP Smart Printer App - HPSmart.app/www/pdfjs-viewer/cmaps/UniCNS-UTF32-V.bcmap ... 
2026-04-03 19:07:57 +0000  160 bytes for ./Payload/HP Smart Printer App - HPSmart.app/www/pdfjs-viewer/cmaps/UniCNS-UTF32-V.bcmap
2026-04-03 19:07:57 +0000  copying file ./Payload/HP Smart Printer App - HPSmart.app/www/pdfjs-viewer/viewer.html ... 
2026-04-03 19:07:57 +0000  53189 bytes for ./Payload/HP Smart Printer App - HPSmart.app/www/pdfjs-viewer/viewer.html
2026-04-03 19:07:57 +0000  copying file ./Payload/HP Smart Printer App - HPSmart.app/www/pdfjs-viewer/viewer.mjs.map ... 
2026-04-03 19:07:57 +0000  1529865 bytes for ./Payload/HP Smart Printer App - HPSmart.app/www/pdfjs-viewer/viewer.mjs.map
2026-04-03 19:07:57 +0000  copying file ./Payload/HP Smart Printer App - HPSmart.app/www/pdfjs-viewer/viewer.css ... 
2026-04-03 19:07:57 +0000  256663 bytes for ./Payload/HP Smart Printer App - HPSmart.app/www/pdfjs-viewer/viewer.css
2026-04-03 19:07:57 +0000  copying file ./Payload/HP Smart Printer App - HPSmart.app/www/pdfjs-viewer/sign-viewer.html ... 
2026-04-03 19:07:57 +0000  10932 bytes for ./Payload/HP Smart Printer App - HPSmart.app/www/pdfjs-viewer/sign-viewer.html
2026-04-03 19:07:57 +0000  copying file ./Payload/HP Smart Printer App - HPSmart.app/www/pdfjs-viewer/form-viewer.html ... 
2026-04-03 19:07:57 +0000  9978 bytes for ./Payload/HP Smart Printer App - HPSmart.app/www/pdfjs-viewer/form-viewer.html
2026-04-03 19:07:57 +0000  copying file ./Payload/HP Smart Printer App - HPSmart.app/www/pdfjs-viewer/pdf.worker.mjs ... 
2026-04-03 19:07:57 +0000  1906302 bytes for ./Payload/HP Smart Printer App - HPSmart.app/www/pdfjs-viewer/pdf.worker.mjs
2026-04-03 19:07:57 +0000  copying file ./Payload/HP Smart Printer App - HPSmart.app/www/pdfjs-viewer/pdf.sandbox.mjs ... 
2026-04-03 19:07:57 +0000  728534 bytes for ./Payload/HP Smart Printer App - HPSmart.app/www/pdfjs-viewer/pdf.sandbox.mjs
2026-04-03 19:07:57 +0000  copying file ./Payload/HP Smart Printer App - HPSmart.app/www/pdfjs-viewer/pdf_viewer.mjs.map ... 
2026-04-03 19:07:57 +0000  800150 bytes for ./Payload/HP Smart Printer App - HPSmart.app/www/pdfjs-viewer/pdf_viewer.mjs.map
2026-04-03 19:07:57 +0000  copying file ./Payload/HP Smart Printer App - HPSmart.app/www/coherentpdf.browser.min.js ... 
2026-04-03 19:07:57 +0000  1325062 bytes for ./Payload/HP Smart Printer App - HPSmart.app/www/coherentpdf.browser.min.js
2026-04-03 19:07:57 +0000  copying file ./Payload/HP Smart Printer App - HPSmart.app/www/qpdf.wasm ... 
2026-04-03 19:07:57 +0000  1334286 bytes for ./Payload/HP Smart Printer App - HPSmart.app/www/qpdf.wasm
2026-04-03 19:07:57 +0000  copying file ./Payload/HP Smart Printer App - HPSmart.app/www/pdfjs-annotation-viewer/LICENSE ... 
2026-04-03 19:07:57 +0000  10174 bytes for ./Payload/HP Smart Printer App - HPSmart.app/www/pdfjs-annotation-viewer/LICENSE
2026-04-03 19:07:57 +0000  copying file ./Payload/HP Smart Printer App - HPSmart.app/www/pdfjs-annotation-viewer/web/locale/sl/viewer.ftl ... 
2026-04-03 19:07:57 +0000  15532 bytes for ./Payload/HP Smart Printer App - HPSmart.app/www/pdfjs-annotation-viewer/web/locale/sl/viewer.ftl
2026-04-03 19:07:57 +0000  copying file ./Payload/HP Smart Printer App - HPSmart.app/www/pdfjs-annotation-viewer/web/locale/szl/viewer.ftl ... 
2026-04-03 19:07:57 +0000  9898 bytes for ./Payload/HP Smart Printer App - HPSmart.app/www/pdfjs-annotation-viewer/web/locale/szl/viewer.ftl
2026-04-03 19:07:57 +0000  copying file ./Payload/HP Smart Printer App - HPSmart.app/www/pdfjs-annotation-viewer/web/locale/sk/viewer.ftl ... 
2026-04-03 19:07:57 +0000  16522 bytes for ./Payload/HP Smart Printer App - HPSmart.app/www/pdfjs-annotation-viewer/web/locale/sk/viewer.ftl
2026-04-03 19:07:57 +0000  copying file ./Payload/HP Smart Printer App - HPSmart.app/www/pdfjs-annotation-viewer/web/locale/ur/viewer.ftl ... 
2026-04-03 19:07:57 +0000  10357 bytes for ./Payload/HP Smart Printer App - HPSmart.app/www/pdfjs-annotation-viewer/web/locale/ur/viewer.ftl
2026-04-03 19:07:57 +0000  copying file ./Payload/HP Smart Printer App - HPSmart.app/www/pdfjs-annotation-viewer/web/locale/fy-NL/viewer.ftl ... 
2026-04-03 19:07:57 +0000  15786 bytes for ./Payload/HP Smart Printer App - HPSmart.app/www/pdfjs-annotation-viewer/web/locale/fy-NL/viewer.ftl
2026-04-03 19:07:57 +0000  copying file ./Payload/HP Smart Printer App - HPSmart.app/www/pdfjs-annotation-viewer/web/locale/kab/viewer.ftl ... 
2026-04-03 19:07:57 +0000  13066 bytes for ./Payload/HP Smart Printer App - HPSmart.app/www/pdfjs-annotation-viewer/web/locale/kab/viewer.ftl
2026-04-03 19:07:57 +0000  copying file ./Payload/HP Smart Printer App - HPSmart.app/www/pdfjs-annotation-viewer/web/locale/uz/viewer.ftl ... 
2026-04-03 19:07:57 +0000  6557 bytes for ./Payload/HP Smart Printer App - HPSmart.app/www/pdfjs-annotation-viewer/web/locale/uz/viewer.ftl
2026-04-03 19:07:57 +0000  copying file ./Payload/HP Smart Printer App - HPSmart.app/www/pdfjs-annotation-viewer/web/locale/sc/viewer.ftl ... 
2026-04-03 19:07:57 +0000  11569 bytes for ./Payload/HP Smart Printer App - HPSmart.app/www/pdfjs-annotation-viewer/web/locale/sc/viewer.ftl
2026-04-03 19:07:57 +0000  copying file ./Payload/HP Smart Printer App - HPSmart.app/www/pdfjs-annotation-viewer/web/locale/pl/viewer.ftl ... 
2026-04-03 19:07:57 +0000  16341 bytes for ./Payload/HP Smart Printer App - HPSmart.app/www/pdfjs-annotation-viewer/web/locale/pl/viewer.ftl
2026-04-03 19:07:57 +0000  copying file ./Payload/HP Smart Printer App - HPSmart.app/www/pdfjs-annotation-viewer/web/locale/vi/viewer.ftl ... 
2026-04-03 19:07:57 +0000  16690 bytes for ./Payload/HP Smart Printer App - HPSmart.app/www/pdfjs-annotation-viewer/web/locale/vi/viewer.ftl
2026-04-03 19:07:57 +0000  copying file ./Payload/HP Smart Printer App - HPSmart.app/www/pdfjs-annotation-viewer/web/locale/sq/viewer.ftl ... 
2026-04-03 19:07:57 +0000  15550 bytes for ./Payload/HP Smart Printer App - HPSmart.app/www/pdfjs-annotation-viewer/web/locale/sq/viewer.ftl
2026-04-03 19:07:57 +0000  copying file ./Payload/HP Smart Printer App - HPSmart.app/www/pdfjs-annotation-viewer/web/locale/he/viewer.ftl ... 
2026-04-03 19:07:57 +0000  17270 bytes for ./Payload/HP Smart Printer App - HPSmart.app/www/pdfjs-annotation-viewer/web/locale/he/viewer.ftl
2026-04-03 19:07:57 +0000  copying file ./Payload/HP Smart Printer App - HPSmart.app/www/pdfjs-annotation-viewer/web/locale/ms/viewer.ftl ... 
2026-04-03 19:07:57 +0000  9194 bytes for ./Payload/HP Smart Printer App - HPSmart.app/www/pdfjs-annotation-viewer/web/locale/ms/viewer.ftl
2026-04-03 19:07:57 +0000  copying file ./Payload/HP Smart Printer App - HPSmart.app/www/pdfjs-annotation-viewer/web/locale/km/viewer.ftl ... 
2026-04-03 19:07:57 +0000  11385 bytes for ./Payload/HP Smart Printer App - HPSmart.app/www/pdfjs-annotation-viewer/web/locale/km/viewer.ftl
2026-04-03 19:07:57 +0000  copying file ./Payload/HP Smart Printer App - HPSmart.app/www/pdfjs-annotation-viewer/web/locale/nn-NO/viewer.ftl ... 
2026-04-03 19:07:57 +0000  13671 bytes for ./Payload/HP Smart Printer App - HPSmart.app/www/pdfjs-annotation-viewer/web/locale/nn-NO/viewer.ftl
2026-04-03 19:07:57 +0000  copying file ./Payload/HP Smart Printer App - HPSmart.app/www/pdfjs-annotation-viewer/web/locale/be/viewer.ftl ... 
2026-04-03 19:07:57 +0000  19586 bytes for ./Payload/HP Smart Printer App - HPSmart.app/www/pdfjs-annotation-viewer/web/locale/be/viewer.ftl
2026-04-03 19:07:57 +0000  copying file ./Payload/HP Smart Printer App - HPSmart.app/www/pdfjs-annotation-viewer/web/locale/es-ES/viewer.ftl ... 
2026-04-03 19:07:57 +0000  16262 bytes for ./Payload/HP Smart Printer App - HPSmart.app/www/pdfjs-annotation-viewer/web/locale/es-ES/viewer.ftl
2026-04-03 19:07:57 +0000  copying file ./Payload/HP Smart Printer App - HPSmart.app/www/pdfjs-annotation-viewer/web/locale/da/viewer.ftl ... 
2026-04-03 19:07:57 +0000  15685 bytes for ./Payload/HP Smart Printer App - HPSmart.app/www/pdfjs-annotation-viewer/web/locale/da/viewer.ftl
2026-04-03 19:07:57 +0000  copying file ./Payload/HP Smart Printer App - HPSmart.app/www/pdfjs-annotation-viewer/web/locale/gn/viewer.ftl ... 
2026-04-03 19:07:57 +0000  16393 bytes for ./Payload/HP Smart Printer App - HPSmart.app/www/pdfjs-annotation-viewer/web/locale/gn/viewer.ftl
2026-04-03 19:07:57 +0000  copying file ./Payload/HP Smart Printer App - HPSmart.app/www/pdfjs-annotation-viewer/web/locale/mr/viewer.ftl ... 
2026-04-03 19:07:57 +0000  11774 bytes for ./Payload/HP Smart Printer App - HPSmart.app/www/pdfjs-annotation-viewer/web/locale/mr/viewer.ftl
2026-04-03 19:07:57 +0000  copying file ./Payload/HP Smart Printer App - HPSmart.app/www/pdfjs-annotation-viewer/web/locale/kk/viewer.ftl ... 
2026-04-03 19:07:57 +0000  19315 bytes for ./Payload/HP Smart Printer App - HPSmart.app/www/pdfjs-annotation-viewer/web/locale/kk/viewer.ftl
2026-04-03 19:07:57 +0000  copying file ./Payload/HP Smart Printer App - HPSmart.app/www/pdfjs-annotation-viewer/web/locale/trs/viewer.ftl ... 
2026-04-03 19:07:57 +0000  7141 bytes for ./Payload/HP Smart Printer App - HPSmart.app/www/pdfjs-annotation-viewer/web/locale/trs/viewer.ftl
2026-04-03 19:07:57 +0000  copying file ./Payload/HP Smart Printer App - HPSmart.app/www/pdfjs-annotation-viewer/web/locale/es-CL/viewer.ftl ... 
2026-04-03 19:07:57 +0000  16276 bytes for ./Payload/HP Smart Printer App - HPSmart.app/www/pdfjs-annotation-viewer/web/locale/es-CL/viewer.ftl
2026-04-03 19:07:57 +0000  copying file ./Payload/HP Smart Printer App - HPSmart.app/www/pdfjs-annotation-viewer/web/locale/ja/viewer.ftl ... 
2026-04-03 19:07:57 +0000  16962 bytes for ./Payload/HP Smart Printer App - HPSmart.app/www/pdfjs-annotation-viewer/web/locale/ja/viewer.ftl
2026-04-03 19:07:57 +0000  copying file ./Payload/HP Smart Printer App - HPSmart.app/www/pdfjs-annotation-viewer/web/locale/el/viewer.ftl ... 
2026-04-03 19:07:57 +0000  20103 bytes for ./Payload/HP Smart Printer App - HPSmart.app/www/pdfjs-annotation-viewer/web/locale/el/viewer.ftl
2026-04-03 19:07:57 +0000  copying file ./Payload/HP Smart Printer App - HPSmart.app/www/pdfjs-annotation-viewer/web/locale/sco/viewer.ftl ... 
2026-04-03 19:07:57 +0000  9776 bytes for ./Payload/HP Smart Printer App - HPSmart.app/www/pdfjs-annotation-viewer/web/locale/sco/viewer.ftl
2026-04-03 19:07:57 +0000  copying file ./Payload/HP Smart Printer App - HPSmart.app/www/pdfjs-annotation-viewer/web/locale/lv/viewer.ftl ... 
2026-04-03 19:07:57 +0000  9383 bytes for ./Payload/HP Smart Printer App - HPSmart.app/www/pdfjs-annotation-viewer/web/locale/lv/viewer.ftl
2026-04-03 19:07:57 +0000  copying file ./Payload/HP Smart Printer App - HPSmart.app/www/pdfjs-annotation-viewer/web/locale/es-AR/viewer.ftl ... 
2026-04-03 19:07:57 +0000  16102 bytes for ./Payload/HP Smart Printer App - HPSmart.app/www/pdfjs-annotation-viewer/web/locale/es-AR/viewer.ftl
2026-04-03 19:07:57 +0000  copying file ./Payload/HP Smart Printer App - HPSmart.app/www/pdfjs-annotation-viewer/web/locale/oc/viewer.ftl ... 
2026-04-03 19:07:57 +0000  13879 bytes for ./Payload/HP Smart Printer App - HPSmart.app/www/pdfjs-annotation-viewer/web/locale/oc/viewer.ftl
2026-04-03 19:07:57 +0000  copying file ./Payload/HP Smart Printer App - HPSmart.app/www/pdfjs-annotation-viewer/web/locale/it/viewer.ftl ... 
2026-04-03 19:07:57 +0000  16050 bytes for ./Payload/HP Smart Printer App - HPSmart.app/www/pdfjs-annotation-viewer/web/locale/it/viewer.ftl
2026-04-03 19:07:57 +0000  copying file ./Payload/HP Smart Printer App - HPSmart.app/www/pdfjs-annotation-viewer/web/locale/ca/viewer.ftl ... 
2026-04-03 19:07:57 +0000  11724 bytes for ./Payload/HP Smart Printer App - HPSmart.app/www/pdfjs-annotation-viewer/web/locale/ca/viewer.ftl
2026-04-03 19:07:57 +0000  copying file ./Payload/HP Smart Printer App - HPSmart.app/www/pdfjs-annotation-viewer/web/locale/is/viewer.ftl ... 
2026-04-03 19:07:57 +0000  15797 bytes for ./Payload/HP Smart Printer App - HPSmart.app/www/pdfjs-annotation-viewer/web/locale/is/viewer.ftl
2026-04-03 19:07:57 +0000  copying file ./Payload/HP Smart Printer App - HPSmart.app/www/pdfjs-annotation-viewer/web/locale/cs/viewer.ftl ... 
2026-04-03 19:07:57 +0000  16308 bytes for ./Payload/HP Smart Printer App - HPSmart.app/www/pdfjs-annotation-viewer/web/locale/cs/viewer.ftl
2026-04-03 19:07:57 +0000  copying file ./Payload/HP Smart Printer App - HPSmart.app/www/pdfjs-annotation-viewer/web/locale/es-MX/viewer.ftl ... 
2026-04-03 19:07:57 +0000  11638 bytes for ./Payload/HP Smart Printer App - HPSmart.app/www/pdfjs-annotation-viewer/web/locale/es-MX/viewer.ftl
2026-04-03 19:07:57 +0000  copying file ./Payload/HP Smart Printer App - HPSmart.app/www/pdfjs-annotation-viewer/web/locale/scn/viewer.ftl ... 
2026-04-03 19:07:57 +0000  1593 bytes for ./Payload/HP Smart Printer App - HPSmart.app/www/pdfjs-annotation-viewer/web/locale/scn/viewer.ftl
2026-04-03 19:07:57 +0000  copying file ./Payload/HP Smart Printer App - HPSmart.app/www/pdfjs-annotation-viewer/web/locale/ia/viewer.ftl ... 
2026-04-03 19:07:57 +0000  15812 bytes for ./Payload/HP Smart Printer App - HPSmart.app/www/pdfjs-annotation-viewer/web/locale/ia/viewer.ftl
2026-04-03 19:07:57 +0000  copying file ./Payload/HP Smart Printer App - HPSmart.app/www/pdfjs-annotation-viewer/web/locale/te/viewer.ftl ... 
2026-04-03 19:07:57 +0000  11843 bytes for ./Payload/HP Smart Printer App - HPSmart.app/www/pdfjs-annotation-viewer/web/locale/te/viewer.ftl
2026-04-03 19:07:57 +0000  copying file ./Payload/HP Smart Printer App - HPSmart.app/www/pdfjs-annotation-viewer/web/locale/fur/viewer.ftl ... 
2026-04-03 19:07:57 +0000  16217 bytes for ./Payload/HP Smart Printer App - HPSmart.app/www/pdfjs-annotation-viewer/web/locale/fur/viewer.ftl
2026-04-03 19:07:57 +0000  copying file ./Payload/HP Smart Printer App - HPSmart.app/www/pdfjs-annotation-viewer/web/locale/ga-IE/viewer.ftl ... 
2026-04-03 19:07:57 +0000  7833 bytes for ./Payload/HP Smart Printer App - HPSmart.app/www/pdfjs-annotation-viewer/web/locale/ga-IE/viewer.ftl
2026-04-03 19:07:57 +0000  copying file ./Payload/HP Smart Printer App - HPSmart.app/www/pdfjs-annotation-viewer/web/locale/ach/viewer.ftl ... 
2026-04-03 19:07:57 +0000  7983 bytes for ./Payload/HP Smart Printer App - HPSmart.app/www/pdfjs-annotation-viewer/web/locale/ach/viewer.ftl
2026-04-03 19:07:57 +0000  copying file ./Payload/HP Smart Printer App - HPSmart.app/www/pdfjs-annotation-viewer/web/locale/ru/viewer.ftl ... 
2026-04-03 19:07:57 +0000  19808 bytes for ./Payload/HP Smart Printer App - HPSmart.app/www/pdfjs-annotation-viewer/web/locale/ru/viewer.ftl
2026-04-03 19:07:57 +0000  copying file ./Payload/HP Smart Printer App - HPSmart.app/www/pdfjs-annotation-viewer/web/locale/tl/viewer.ftl ... 
2026-04-03 19:07:57 +0000  10011 bytes for ./Payload/HP Smart Printer App - HPSmart.app/www/pdfjs-annotation-viewer/web/locale/tl/viewer.ftl
2026-04-03 19:07:57 +0000  copying file ./Payload/HP Smart Printer App - HPSmart.app/www/pdfjs-annotation-viewer/web/locale/en-GB/viewer.ftl ... 
2026-04-03 19:07:57 +0000  15236 bytes for ./Payload/HP Smart Printer App - HPSmart.app/www/pdfjs-annotation-viewer/web/locale/en-GB/viewer.ftl
2026-04-03 19:07:57 +0000  copying file ./Payload/HP Smart Printer App - HPSmart.app/www/pdfjs-annotation-viewer/web/locale/meh/viewer.ftl ... 
2026-04-03 19:07:57 +0000  2260 bytes for ./Payload/HP Smart Printer App - HPSmart.app/www/pdfjs-annotation-viewer/web/locale/meh/viewer.ftl
2026-04-03 19:07:57 +0000  copying file ./Payload/HP Smart Printer App - HPSmart.app/www/pdfjs-annotation-viewer/web/locale/locale.json ... 
2026-04-03 19:07:57 +0000  2498 bytes for ./Payload/HP Smart Printer App - HPSmart.app/www/pdfjs-annotation-viewer/web/locale/locale.json
2026-04-03 19:07:57 +0000  copying file ./Payload/HP Smart Printer App - HPSmart.app/www/pdfjs-annotation-viewer/web/locale/hye/viewer.ftl ... 
2026-04-03 19:07:57 +0000  12628 bytes for ./Payload/HP Smart Printer App - HPSmart.app/www/pdfjs-annotation-viewer/web/locale/hye/viewer.ftl
2026-04-03 19:07:57 +0000  copying file ./Payload/HP Smart Printer App - HPSmart.app/www/pdfjs-annotation-viewer/web/locale/hy-AM/viewer.ftl ... 
2026-04-03 19:07:57 +0000  12053 bytes for ./Payload/HP Smart Printer App - HPSmart.app/www/pdfjs-annotation-viewer/web/locale/hy-AM/viewer.ftl
2026-04-03 19:07:57 +0000  copying file ./Payload/HP Smart Printer App - HPSmart.app/www/pdfjs-annotation-viewer/web/locale/gu-IN/viewer.ftl ... 
2026-04-03 19:07:57 +0000  12479 bytes for ./Payload/HP Smart Printer App - HPSmart.app/www/pdfjs-annotation-viewer/web/locale/gu-IN/viewer.ftl
2026-04-03 19:07:57 +0000  copying file ./Payload/HP Smart Printer App - HPSmart.app/www/pdfjs-annotation-viewer/web/locale/xh/viewer.ftl ... 
2026-04-03 19:07:57 +0000  7776 bytes for ./Payload/HP Smart Printer App - HPSmart.app/www/pdfjs-annotation-viewer/web/locale/xh/viewer.ftl
2026-04-03 19:07:57 +0000  copying file ./Payload/HP Smart Printer App - HPSmart.app/www/pdfjs-annotation-viewer/web/locale/ro/viewer.ftl ... 
2026-04-03 19:07:57 +0000  9862 bytes for ./Payload/HP Smart Printer App - HPSmart.app/www/pdfjs-annotation-viewer/web/locale/ro/viewer.ftl
2026-04-03 19:07:57 +0000  copying file ./Payload/HP Smart Printer App - HPSmart.app/www/pdfjs-annotation-viewer/web/locale/hsb/viewer.ftl ... 
2026-04-03 19:07:57 +0000  16491 bytes for ./Payload/HP Smart Printer App - HPSmart.app/www/pdfjs-annotation-viewer/web/locale/hsb/viewer.ftl
2026-04-03 19:07:57 +0000  copying file ./Payload/HP Smart Printer App - HPSmart.app/www/pdfjs-annotation-viewer/web/locale/cak/viewer.ftl ... 
2026-04-03 19:07:57 +0000  11480 bytes for ./Payload/HP Smart Printer App - HPSmart.app/www/pdfjs-annotation-viewer/web/locale/cak/viewer.ftl
2026-04-03 19:07:57 +0000  copying file ./Payload/HP Smart Printer App - HPSmart.app/www/pdfjs-annotation-viewer/web/locale/zh-CN/viewer.ftl ... 
2026-04-03 19:07:57 +0000  14669 bytes for ./Payload/HP Smart Printer App - HPSmart.app/www/pdfjs-annotation-viewer/web/locale/zh-CN/viewer.ftl
2026-04-03 19:07:57 +0000  copying file ./Payload/HP Smart Printer App - HPSmart.app/www/pdfjs-annotation-viewer/web/locale/hi-IN/viewer.ftl ... 
2026-04-03 19:07:57 +0000  12614 bytes for ./Payload/HP Smart Printer App - HPSmart.app/www/pdfjs-annotation-viewer/web/locale/hi-IN/viewer.ftl
2026-04-03 19:07:57 +0000  copying file ./Payload/HP Smart Printer App - HPSmart.app/www/pdfjs-annotation-viewer/web/locale/ckb/viewer.ftl ... 
2026-04-03 19:07:57 +0000  10564 bytes for ./Payload/HP Smart Printer App - HPSmart.app/www/pdfjs-annotation-viewer/web/locale/ckb/viewer.ftl
2026-04-03 19:07:57 +0000  copying file ./Payload/HP Smart Printer App - HPSmart.app/www/pdfjs-annotation-viewer/web/locale/uk/viewer.ftl ... 
2026-04-03 19:07:57 +0000  19271 bytes for ./Payload/HP Smart Printer App - HPSmart.app/www/pdfjs-annotation-viewer/web/locale/uk/viewer.ftl
2026-04-03 19:07:57 +0000  copying file ./Payload/HP Smart Printer App - HPSmart.app/www/pdfjs-annotation-viewer/web/locale/sr/viewer.ftl ... 
2026-04-03 19:07:57 +0000  13848 bytes for ./Payload/HP Smart Printer App - HPSmart.app/www/pdfjs-annotation-viewer/web/locale/sr/viewer.ftl
2026-04-03 19:07:57 +0000  copying file ./Payload/HP Smart Printer App - HPSmart.app/www/pdfjs-annotation-viewer/web/locale/brx/viewer.ftl ... 
2026-04-03 19:07:57 +0000  10555 bytes for ./Payload/HP Smart Printer App - HPSmart.app/www/pdfjs-annotation-viewer/web/locale/brx/viewer.ftl
2026-04-03 19:07:57 +0000  copying file ./Payload/HP Smart Printer App - HPSmart.app/www/pdfjs-annotation-viewer/web/locale/en-CA/viewer.ftl ... 
2026-04-03 19:07:57 +0000  15240 bytes for ./Payload/HP Smart Printer App - HPSmart.app/www/pdfjs-annotation-viewer/web/locale/en-CA/viewer.ftl
2026-04-03 19:07:57 +0000  copying file ./Payload/HP Smart Printer App - HPSmart.app/www/pdfjs-annotation-viewer/web/locale/ltg/viewer.ftl ... 
2026-04-03 19:07:57 +0000  9311 bytes for ./Payload/HP Smart Printer App - HPSmart.app/www/pdfjs-annotation-viewer/web/locale/ltg/viewer.ftl
2026-04-03 19:07:57 +0000  copying file ./Payload/HP Smart Printer App - HPSmart.app/www/pdfjs-annotation-viewer/web/locale/pt-PT/viewer.ftl ... 
2026-04-03 19:07:57 +0000  16189 bytes for ./Payload/HP Smart Printer App - HPSmart.app/www/pdfjs-annotation-viewer/web/locale/pt-PT/viewer.ftl
2026-04-03 19:07:57 +0000  copying file ./Payload/HP Smart Printer App - HPSmart.app/www/pdfjs-annotation-viewer/web/locale/si/viewer.ftl ... 
2026-04-03 19:07:57 +0000  12008 bytes for ./Payload/HP Smart Printer App - HPSmart.app/www/pdfjs-annotation-viewer/web/locale/si/viewer.ftl
2026-04-03 19:07:57 +0000  copying file ./Payload/HP Smart Printer App - HPSmart.app/www/pdfjs-annotation-viewer/web/locale/bo/viewer.ftl ... 
2026-04-03 19:07:57 +0000  9120 bytes for ./Payload/HP Smart Printer App - HPSmart.app/www/pdfjs-annotation-viewer/web/locale/bo/viewer.ftl
2026-04-03 19:07:57 +0000  copying file ./Payload/HP Smart Printer App - HPSmart.app/www/pdfjs-annotation-viewer/web/locale/mk/viewer.ftl ... 
2026-04-03 19:07:57 +0000  9659 bytes for ./Payload/HP Smart Printer App - HPSmart.app/www/pdfjs-annotation-viewer/web/locale/mk/viewer.ftl
2026-04-03 19:07:57 +0000  copying file ./Payload/HP Smart Printer App - HPSmart.app/www/pdfjs-annotation-viewer/web/locale/sat/viewer.ftl ... 
2026-04-03 19:07:57 +0000  16483 bytes for ./Payload/HP Smart Printer App - HPSmart.app/www/pdfjs-annotation-viewer/web/locale/sat/viewer.ftl
2026-04-03 19:07:57 +0000  copying file ./Payload/HP Smart Printer App - HPSmart.app/www/pdfjs-annotation-viewer/web/locale/an/viewer.ftl ... 
2026-04-03 19:07:57 +0000  10101 bytes for ./Payload/HP Smart Printer App - HPSmart.app/www/pdfjs-annotation-viewer/web/locale/an/viewer.ftl
2026-04-03 19:07:57 +0000  copying file ./Payload/HP Smart Printer App - HPSmart.app/www/pdfjs-annotation-viewer/web/locale/lij/viewer.ftl ... 
2026-04-03 19:07:57 +0000  9467 bytes for ./Payload/HP Smart Printer App - HPSmart.app/www/pdfjs-annotation-viewer/web/locale/lij/viewer.ftl
2026-04-03 19:07:57 +0000  copying file ./Payload/HP Smart Printer App - HPSmart.app/www/pdfjs-annotation-viewer/web/locale/kn/viewer.ftl ... 
2026-04-03 19:07:57 +0000  10661 bytes for ./Payload/HP Smart Printer App - HPSmart.app/www/pdfjs-annotation-viewer/web/locale/kn/viewer.ftl
2026-04-03 19:07:57 +0000  copying file ./Payload/HP Smart Printer App - HPSmart.app/www/pdfjs-annotation-viewer/web/locale/bs/viewer.ftl ... 
2026-04-03 19:07:57 +0000  8299 bytes for ./Payload/HP Smart Printer App - HPSmart.app/www/pdfjs-annotation-viewer/web/locale/bs/viewer.ftl
2026-04-03 19:07:57 +0000  copying file ./Payload/HP Smart Printer App - HPSmart.app/www/pdfjs-annotation-viewer/web/locale/zh-TW/viewer.ftl ... 
2026-04-03 19:07:57 +0000  15113 bytes for ./Payload/HP Smart Printer App - HPSmart.app/www/pdfjs-annotation-viewer/web/locale/zh-TW/viewer.ftl
2026-04-03 19:07:57 +0000  copying file ./Payload/HP Smart Printer App - HPSmart.app/www/pdfjs-annotation-viewer/web/locale/my/viewer.ftl ... 
2026-04-03 19:07:57 +0000  10184 bytes for ./Payload/HP Smart Printer App - HPSmart.app/www/pdfjs-annotation-viewer/web/locale/my/viewer.ftl
2026-04-03 19:07:57 +0000  copying file ./Payload/HP Smart Printer App - HPSmart.app/www/pdfjs-annotation-viewer/web/locale/ar/viewer.ftl ... 
2026-04-03 19:07:57 +0000  17907 bytes for ./Payload/HP Smart Printer App - HPSmart.app/www/pdfjs-annotation-viewer/web/locale/ar/viewer.ftl
2026-04-03 19:07:57 +0000  copying file ./Payload/HP Smart Printer App - HPSmart.app/www/pdfjs-annotation-viewer/web/locale/nb-NO/viewer.ftl ... 
2026-04-03 19:07:57 +0000  15318 bytes for ./Payload/HP Smart Printer App - HPSmart.app/www/pdfjs-annotation-viewer/web/locale/nb-NO/viewer.ftl
2026-04-03 19:07:57 +0000  copying file ./Payload/HP Smart Printer App - HPSmart.app/www/pdfjs-annotation-viewer/web/locale/gl/viewer.ftl ... 
2026-04-03 19:07:57 +0000  14760 bytes for ./Payload/HP Smart Printer App - HPSmart.app/www/pdfjs-annotation-viewer/web/locale/gl/viewer.ftl
2026-04-03 19:07:57 +0000  copying file ./Payload/HP Smart Printer App - HPSmart.app/www/pdfjs-annotation-viewer/web/locale/hr/viewer.ftl ... 
2026-04-03 19:07:57 +0000  10824 bytes for ./Payload/HP Smart Printer App - HPSmart.app/www/pdfjs-annotation-viewer/web/locale/hr/viewer.ftl
2026-04-03 19:07:57 +0000  copying file ./Payload/HP Smart Printer App - HPSmart.app/www/pdfjs-annotation-viewer/web/locale/pt-BR/viewer.ftl ... 
2026-04-03 19:07:57 +0000  15777 bytes for ./Payload/HP Smart Printer App - HPSmart.app/www/pdfjs-annotation-viewer/web/locale/pt-BR/viewer.ftl
2026-04-03 19:07:57 +0000  copying file ./Payload/HP Smart Printer App - HPSmart.app/www/pdfjs-annotation-viewer/web/locale/hu/viewer.ftl ... 
2026-04-03 19:07:57 +0000  16193 bytes for ./Payload/HP Smart Printer App - HPSmart.app/www/pdfjs-annotation-viewer/web/locale/hu/viewer.ftl
2026-04-03 19:07:57 +0000  copying file ./Payload/HP Smart Printer App - HPSmart.app/www/pdfjs-annotation-viewer/web/locale/nl/viewer.ftl ... 
2026-04-03 19:07:57 +0000  16046 bytes for ./Payload/HP Smart Printer App - HPSmart.app/www/pdfjs-annotation-viewer/web/locale/nl/viewer.ftl
2026-04-03 19:07:57 +0000  copying file ./Payload/HP Smart Printer App - HPSmart.app/www/pdfjs-annotation-viewer/web/locale/bg/viewer.ftl ... 
2026-04-03 19:07:57 +0000  19196 bytes for ./Payload/HP Smart Printer App - HPSmart.app/www/pdfjs-annotation-viewer/web/locale/bg/viewer.ftl
2026-04-03 19:07:57 +0000  copying file ./Payload/HP Smart Printer App - HPSmart.app/www/pdfjs-annotation-viewer/web/locale/bn/viewer.ftl ... 
2026-04-03 19:07:57 +0000  12486 bytes for ./Payload/HP Smart Printer App - HPSmart.app/www/pdfjs-annotation-viewer/web/locale/bn/viewer.ftl
2026-04-03 19:07:57 +0000  copying file ./Payload/HP Smart Printer App - HPSmart.app/www/pdfjs-annotation-viewer/web/locale/ast/viewer.ftl ... 
2026-04-03 19:07:57 +0000  7246 bytes for ./Payload/HP Smart Printer App - HPSmart.app/www/pdfjs-annotation-viewer/web/locale/ast/viewer.ftl
2026-04-03 19:07:57 +0000  copying file ./Payload/HP Smart Printer App - HPSmart.app/www/pdfjs-annotation-viewer/web/locale/af/viewer.ftl ... 
2026-04-03 19:07:57 +0000  7365 bytes for ./Payload/HP Smart Printer App - HPSmart.app/www/pdfjs-annotation-viewer/web/locale/af/viewer.ftl
2026-04-03 19:07:57 +0000  copying file ./Payload/HP Smart Printer App - HPSmart.app/www/pdfjs-annotation-viewer/web/locale/ka/viewer.ftl ... 
2026-04-03 19:07:57 +0000  21596 bytes for ./Payload/HP Smart Printer App - HPSmart.app/www/pdfjs-annotation-viewer/web/locale/ka/viewer.ftl
2026-04-03 19:07:57 +0000  copying file ./Payload/HP Smart Printer App - HPSmart.app/www/pdfjs-annotation-viewer/web/locale/de/viewer.ftl ... 
2026-04-03 19:07:57 +0000  16228 bytes for ./Payload/HP Smart Printer App - HPSmart.app/www/pdfjs-annotation-viewer/web/locale/de/viewer.ftl
2026-04-03 19:07:57 +0000  copying file ./Payload/HP Smart Printer App - HPSmart.app/www/pdfjs-annotation-viewer/web/locale/az/viewer.ftl ... 
2026-04-03 19:07:57 +0000  10136 bytes for ./Payload/HP Smart Printer App - HPSmart.app/www/pdfjs-annotation-viewer/web/locale/az/viewer.ftl
2026-04-03 19:07:57 +0000  copying file ./Payload/HP Smart Printer App - HPSmart.app/www/pdfjs-annotation-viewer/web/locale/gd/viewer.ftl ... 
2026-04-03 19:07:57 +0000  12039 bytes for ./Payload/HP Smart Printer App - HPSmart.app/www/pdfjs-annotation-viewer/web/locale/gd/viewer.ftl
2026-04-03 19:07:57 +0000  copying file ./Payload/HP Smart Printer App - HPSmart.app/www/pdfjs-annotation-viewer/web/locale/br/viewer.ftl ... 
2026-04-03 19:07:57 +0000  12137 bytes for ./Payload/HP Smart Printer App - HPSmart.app/www/pdfjs-annotation-viewer/web/locale/br/viewer.ftl
2026-04-03 19:07:57 +0000  copying file ./Payload/HP Smart Printer App - HPSmart.app/www/pdfjs-annotation-viewer/web/locale/skr/viewer.ftl ... 
2026-04-03 19:07:57 +0000  17922 bytes for ./Payload/HP Smart Printer App - HPSmart.app/www/pdfjs-annotation-viewer/web/locale/skr/viewer.ftl
2026-04-03 19:07:57 +0000  copying file ./Payload/HP Smart Printer App - HPSmart.app/www/pdfjs-annotation-viewer/web/locale/ko/viewer.ftl ... 
2026-04-03 19:07:57 +0000  16084 bytes for ./Payload/HP Smart Printer App - HPSmart.app/www/pdfjs-annotation-viewer/web/locale/ko/viewer.ftl
2026-04-03 19:07:57 +0000  copying file ./Payload/HP Smart Printer App - HPSmart.app/www/pdfjs-annotation-viewer/web/locale/fi/viewer.ftl ... 
2026-04-03 19:07:57 +0000  15838 bytes for ./Payload/HP Smart Printer App - HPSmart.app/www/pdfjs-annotation-viewer/web/locale/fi/viewer.ftl
2026-04-03 19:07:57 +0000  copying file ./Payload/HP Smart Printer App - HPSmart.app/www/pdfjs-annotation-viewer/web/locale/son/viewer.ftl ... 
2026-04-03 19:07:57 +0000  7026 bytes for ./Payload/HP Smart Printer App - HPSmart.app/www/pdfjs-annotation-viewer/web/locale/son/viewer.ftl
2026-04-03 19:07:57 +0000  copying file ./Payload/HP Smart Printer App - HPSmart.app/www/pdfjs-annotation-viewer/web/locale/eo/viewer.ftl ... 
2026-04-03 19:07:57 +0000  15584 bytes for ./Payload/HP Smart Printer App - HPSmart.app/www/pdfjs-annotation-viewer/web/locale/eo/viewer.ftl
2026-04-03 19:07:57 +0000  copying file ./Payload/HP Smart Printer App - HPSmart.app/www/pdfjs-annotation-viewer/web/locale/id/viewer.ftl ... 
2026-04-03 19:07:57 +0000  11055 bytes for ./Payload/HP Smart Printer App - HPSmart.app/www/pdfjs-annotation-viewer/web/locale/id/viewer.ftl
2026-04-03 19:07:57 +0000  copying file ./Payload/HP Smart Printer App - HPSmart.app/www/pdfjs-annotation-viewer/web/locale/fr/viewer.ftl ... 
2026-04-03 19:07:57 +0000  16493 bytes for ./Payload/HP Smart Printer App - HPSmart.app/www/pdfjs-annotation-viewer/web/locale/fr/viewer.ftl
2026-04-03 19:07:57 +0000  copying file ./Payload/HP Smart Printer App - HPSmart.app/www/pdfjs-annotation-viewer/web/locale/sv-SE/viewer.ftl ... 
2026-04-03 19:07:57 +0000  15598 bytes for ./Payload/HP Smart Printer App - HPSmart.app/www/pdfjs-annotation-viewer/web/locale/sv-SE/viewer.ftl
2026-04-03 19:07:57 +0000  copying file ./Payload/HP Smart Printer App - HPSmart.app/www/pdfjs-annotation-viewer/web/locale/et/viewer.ftl ... 
2026-04-03 19:07:57 +0000  10270 bytes for ./Payload/HP Smart Printer App - HPSmart.app/www/pdfjs-annotation-viewer/web/locale/et/viewer.ftl
2026-04-03 19:07:57 +0000  copying file ./Payload/HP Smart Printer App - HPSmart.app/www/pdfjs-annotation-viewer/web/locale/fa/viewer.ftl ... 
2026-04-03 19:07:57 +0000  10211 bytes for ./Payload/HP Smart Printer App - HPSmart.app/www/pdfjs-annotation-viewer/web/locale/fa/viewer.ftl
2026-04-03 19:07:57 +0000  copying file ./Payload/HP Smart Printer App - HPSmart.app/www/pdfjs-annotation-viewer/web/locale/lt/viewer.ftl ... 
2026-04-03 19:07:57 +0000  10633 bytes for ./Payload/HP Smart Printer App - HPSmart.app/www/pdfjs-annotation-viewer/web/locale/lt/viewer.ftl
2026-04-03 19:07:57 +0000  copying file ./Payload/HP Smart Printer App - HPSmart.app/www/pdfjs-annotation-viewer/web/locale/ff/viewer.ftl ... 
2026-04-03 19:07:57 +0000  9192 bytes for ./Payload/HP Smart Printer App - HPSmart.app/www/pdfjs-annotation-viewer/web/locale/ff/viewer.ftl
2026-04-03 19:07:57 +0000  copying file ./Payload/HP Smart Printer App - HPSmart.app/www/pdfjs-annotation-viewer/web/locale/cy/viewer.ftl ... 
2026-04-03 19:07:57 +0000  16060 bytes for ./Payload/HP Smart Printer App - HPSmart.app/www/pdfjs-annotation-viewer/web/locale/cy/viewer.ftl
2026-04-03 19:07:57 +0000  copying file ./Payload/HP Smart Printer App - HPSmart.app/www/pdfjs-annotation-viewer/web/locale/en-US/viewer.ftl ... 
2026-04-03 19:07:57 +0000  14945 bytes for ./Payload/HP Smart Printer App - HPSmart.app/www/pdfjs-annotation-viewer/web/locale/en-US/viewer.ftl
2026-04-03 19:07:57 +0000  copying file ./Payload/HP Smart Printer App - HPSmart.app/www/pdfjs-annotation-viewer/web/locale/eu/viewer.ftl ... 
2026-04-03 19:07:57 +0000  16029 bytes for ./Payload/HP Smart Printer App - HPSmart.app/www/pdfjs-annotation-viewer/web/locale/eu/viewer.ftl
2026-04-03 19:07:57 +0000  copying file ./Payload/HP Smart Printer App - HPSmart.app/www/pdfjs-annotation-viewer/web/locale/lo/viewer.ftl ... 
2026-04-03 19:07:57 +0000  15113 bytes for ./Payload/HP Smart Printer App - HPSmart.app/www/pdfjs-annotation-viewer/web/locale/lo/viewer.ftl
2026-04-03 19:07:57 +0000  copying file ./Payload/HP Smart Printer App - HPSmart.app/www/pdfjs-annotation-viewer/web/locale/ne-NP/viewer.ftl ... 
2026-04-03 19:07:57 +0000  12084 bytes for ./Payload/HP Smart Printer App - HPSmart.app/www/pdfjs-annotation-viewer/web/locale/ne-NP/viewer.ftl
2026-04-03 19:07:57 +0000  copying file ./Payload/HP Smart Printer App - HPSmart.app/www/pdfjs-annotation-viewer/web/locale/rm/viewer.ftl ... 
2026-04-03 19:07:57 +0000  16127 bytes for ./Payload/HP Smart Printer App - HPSmart.app/www/pdfjs-annotation-viewer/web/locale/rm/viewer.ftl
2026-04-03 19:07:57 +0000  copying file ./Payload/HP Smart Printer App - HPSmart.app/www/pdfjs-annotation-viewer/web/locale/dsb/viewer.ftl ... 
2026-04-03 19:07:57 +0000  16483 bytes for ./Payload/HP Smart Printer App - HPSmart.app/www/pdfjs-annotation-viewer/web/locale/dsb/viewer.ftl
2026-04-03 19:07:57 +0000  copying file ./Payload/HP Smart Printer App - HPSmart.app/www/pdfjs-annotation-viewer/web/locale/ta/viewer.ftl ... 
2026-04-03 19:07:57 +0000  11748 bytes for ./Payload/HP Smart Printer App - HPSmart.app/www/pdfjs-annotation-viewer/web/locale/ta/viewer.ftl
2026-04-03 19:07:57 +0000  copying file ./Payload/HP Smart Printer App - HPSmart.app/www/pdfjs-annotation-viewer/web/locale/th/viewer.ftl ... 
2026-04-03 19:07:57 +0000  20722 bytes for ./Payload/HP Smart Printer App - HPSmart.app/www/pdfjs-annotation-viewer/web/locale/th/viewer.ftl
2026-04-03 19:07:57 +0000  copying file ./Payload/HP Smart Printer App - HPSmart.app/www/pdfjs-annotation-viewer/web/locale/tr/viewer.ftl ... 
2026-04-03 19:07:57 +0000  15675 bytes for ./Payload/HP Smart Printer App - HPSmart.app/www/pdfjs-annotation-viewer/web/locale/tr/viewer.ftl
2026-04-03 19:07:57 +0000  copying file ./Payload/HP Smart Printer App - HPSmart.app/www/pdfjs-annotation-viewer/web/locale/wo/viewer.ftl ... 
2026-04-03 19:07:57 +0000  3505 bytes for ./Payload/HP Smart Printer App - HPSmart.app/www/pdfjs-annotation-viewer/web/locale/wo/viewer.ftl
2026-04-03 19:07:57 +0000  copying file ./Payload/HP Smart Printer App - HPSmart.app/www/pdfjs-annotation-viewer/web/locale/pa-IN/viewer.ftl ... 
2026-04-03 19:07:57 +0000  19953 bytes for ./Payload/HP Smart Printer App - HPSmart.app/www/pdfjs-annotation-viewer/web/locale/pa-IN/viewer.ftl
2026-04-03 19:07:57 +0000  copying file ./Payload/HP Smart Printer App - HPSmart.app/www/pdfjs-annotation-viewer/web/locale/tg/viewer.ftl ... 
2026-04-03 19:07:57 +0000  19713 bytes for ./Payload/HP Smart Printer App - HPSmart.app/www/pdfjs-annotation-viewer/web/locale/tg/viewer.ftl
2026-04-03 19:07:57 +0000  copying file ./Payload/HP Smart Printer App - HPSmart.app/www/pdfjs-annotation-viewer/web/images/treeitem-expanded.svg ... 
2026-04-03 19:07:57 +0000  94 bytes for ./Payload/HP Smart Printer App - HPSmart.app/www/pdfjs-annotation-viewer/web/images/treeitem-expanded.svg
2026-04-03 19:07:57 +0000  copying file ./Payload/HP Smart Printer App - HPSmart.app/www/pdfjs-annotation-viewer/web/images/secondaryToolbarButton-spreadOdd.svg ... 
2026-04-03 19:07:57 +0000  711 bytes for ./Payload/HP Smart Printer App - HPSmart.app/www/pdfjs-annotation-viewer/web/images/secondaryToolbarButton-spreadOdd.svg
2026-04-03 19:07:57 +0000  copying file ./Payload/HP Smart Printer App - HPSmart.app/www/pdfjs-annotation-viewer/web/images/gv-toolbarButton-download.svg ... 
2026-04-03 19:07:57 +0000  782 bytes for ./Payload/HP Smart Printer App - HPSmart.app/www/pdfjs-annotation-viewer/web/images/gv-toolbarButton-download.svg
2026-04-03 19:07:57 +0000  copying file ./Payload/HP Smart Printer App - HPSmart.app/www/pdfjs-annotation-viewer/web/images/toolbarButton-download.svg ... 
2026-04-03 19:07:57 +0000  1036 bytes for ./Payload/HP Smart Printer App - HPSmart.app/www/pdfjs-annotation-viewer/web/images/toolbarButton-download.svg
2026-04-03 19:07:57 +0000  copying file ./Payload/HP Smart Printer App - HPSmart.app/www/pdfjs-annotation-viewer/web/images/toolbarButton-currentOutlineItem.svg ... 
2026-04-03 19:07:57 +0000  607 bytes for ./Payload/HP Smart Printer App - HPSmart.app/www/pdfjs-annotation-viewer/web/images/toolbarButton-currentOutlineItem.svg
2026-04-03 19:07:57 +0000  copying file ./Payload/HP Smart Printer App - HPSmart.app/www/pdfjs-annotation-viewer/web/images/annotation-check.svg ... 
2026-04-03 19:07:57 +0000  415 bytes for ./Payload/HP Smart Printer App - HPSmart.app/www/pdfjs-annotation-viewer/web/images/annotation-check.svg
2026-04-03 19:07:57 +0000  copying file ./Payload/HP Smart Printer App - HPSmart.app/www/pdfjs-annotation-viewer/web/images/toolbarButton-pageUp.svg ... 
2026-04-03 19:07:57 +0000  682 bytes for ./Payload/HP Smart Printer App - HPSmart.app/www/pdfjs-annotation-viewer/web/images/toolbarButton-pageUp.svg
2026-04-03 19:07:57 +0000  copying file ./Payload/HP Smart Printer App - HPSmart.app/www/pdfjs-annotation-viewer/web/images/annotation-note.svg ... 
2026-04-03 19:07:57 +0000  1041 bytes for ./Payload/HP Smart Printer App - HPSmart.app/www/pdfjs-annotation-viewer/web/images/annotation-note.svg
2026-04-03 19:07:57 +0000  copying file ./Payload/HP Smart Printer App - HPSmart.app/www/pdfjs-annotation-viewer/web/images/toolbarButton-editorStamp.svg ... 
2026-04-03 19:07:57 +0000  734 bytes for ./Payload/HP Smart Printer App - HPSmart.app/www/pdfjs-annotation-viewer/web/images/toolbarButton-editorStamp.svg
2026-04-03 19:07:57 +0000  copying file ./Payload/HP Smart Printer App - HPSmart.app/www/pdfjs-annotation-viewer/web/images/secondaryToolbarButton-selectTool.svg ... 
2026-04-03 19:07:57 +0000  1085 bytes for ./Payload/HP Smart Printer App - HPSmart.app/www/pdfjs-annotation-viewer/web/images/secondaryToolbarButton-selectTool.svg
2026-04-03 19:07:57 +0000  copying file ./Payload/HP Smart Printer App - HPSmart.app/www/pdfjs-annotation-viewer/web/images/secondaryToolbarButton-scrollWrapped.svg ... 
2026-04-03 19:07:57 +0000  1228 bytes for ./Payload/HP Smart Printer App - HPSmart.app/www/pdfjs-annotation-viewer/web/images/secondaryToolbarButton-scrollWrapped.svg
2026-04-03 19:07:57 +0000  copying file ./Payload/HP Smart Printer App - HPSmart.app/www/pdfjs-annotation-viewer/web/images/loading-icon.gif ... 
2026-04-03 19:07:57 +0000  2545 bytes for ./Payload/HP Smart Printer App - HPSmart.app/www/pdfjs-annotation-viewer/web/images/loading-icon.gif
2026-04-03 19:07:57 +0000  copying file ./Payload/HP Smart Printer App - HPSmart.app/www/pdfjs-annotation-viewer/web/images/cursor-editorInk.svg ... 
2026-04-03 19:07:57 +0000  1323 bytes for ./Payload/HP Smart Printer App - HPSmart.app/www/pdfjs-annotation-viewer/web/images/cursor-editorInk.svg
2026-04-03 19:07:57 +0000  copying file ./Payload/HP Smart Printer App - HPSmart.app/www/pdfjs-annotation-viewer/web/images/cursor-editorTextHighlight.svg ... 
2026-04-03 19:07:57 +0000  5402 bytes for ./Payload/HP Smart Printer App - HPSmart.app/www/pdfjs-annotation-viewer/web/images/cursor-editorTextHighlight.svg
2026-04-03 19:07:57 +0000  copying file ./Payload/HP Smart Printer App - HPSmart.app/www/pdfjs-annotation-viewer/web/images/toolbarButton-viewThumbnail.svg ... 
2026-04-03 19:07:57 +0000  1396 bytes for ./Payload/HP Smart Printer App - HPSmart.app/www/pdfjs-annotation-viewer/web/images/toolbarButton-viewThumbnail.svg
2026-04-03 19:07:57 +0000  copying file ./Payload/HP Smart Printer App - HPSmart.app/www/pdfjs-annotation-viewer/web/images/toolbarButton-viewLayers.svg ... 
2026-04-03 19:07:57 +0000  671 bytes for ./Payload/HP Smart Printer App - HPSmart.app/www/pdfjs-annotation-viewer/web/images/toolbarButton-viewLayers.svg
2026-04-03 19:07:57 +0000  copying file ./Payload/HP Smart Printer App - HPSmart.app/www/pdfjs-annotation-viewer/web/images/toolbarButton-editorInk.svg ... 
2026-04-03 19:07:57 +0000  1189 bytes for ./Payload/HP Smart Printer App - HPSmart.app/www/pdfjs-annotation-viewer/web/images/toolbarButton-editorInk.svg
2026-04-03 19:07:57 +0000  copying file ./Payload/HP Smart Printer App - HPSmart.app/www/pdfjs-annotation-viewer/web/images/toolbarButton-zoomIn.svg ... 
2026-04-03 19:07:57 +0000  958 bytes for ./Payload/HP Smart Printer App - HPSmart.app/www/pdfjs-annotation-viewer/web/images/toolbarButton-zoomIn.svg
2026-04-03 19:07:57 +0000  copying file ./Payload/HP Smart Printer App - HPSmart.app/www/pdfjs-annotation-viewer/web/images/annotation-noicon.svg ... 
2026-04-03 19:07:57 +0000  158 bytes for ./Payload/HP Smart Printer App - HPSmart.app/www/pdfjs-annotation-viewer/web/images/annotation-noicon.svg
2026-04-03 19:07:57 +0000  copying file ./Payload/HP Smart Printer App - HPSmart.app/www/pdfjs-annotation-viewer/web/images/toolbarButton-menuArrow.svg ... 
2026-04-03 19:07:57 +0000  681 bytes for ./Payload/HP Smart Printer App - HPSmart.app/www/pdfjs-annotation-viewer/web/images/toolbarButton-menuArrow.svg
2026-04-03 19:07:57 +0000  copying file ./Payload/HP Smart Printer App - HPSmart.app/www/pdfjs-annotation-viewer/web/images/secondaryToolbarButton-scrollHorizontal.svg ... 
2026-04-03 19:07:57 +0000  971 bytes for ./Payload/HP Smart Printer App - HPSmart.app/www/pdfjs-annotation-viewer/web/images/secondaryToolbarButton-scrollHorizontal.svg
2026-04-03 19:07:57 +0000  copying file ./Payload/HP Smart Printer App - HPSmart.app/www/pdfjs-annotation-viewer/web/images/toolbarButton-presentationMode.svg ... 
2026-04-03 19:07:57 +0000  681 bytes for ./Payload/HP Smart Printer App - HPSmart.app/www/pdfjs-annotation-viewer/web/images/toolbarButton-presentationMode.svg
2026-04-03 19:07:57 +0000  copying file ./Payload/HP Smart Printer App - HPSmart.app/www/pdfjs-annotation-viewer/web/images/annotation-insert.svg ... 
2026-04-03 19:07:57 +0000  408 bytes for ./Payload/HP Smart Printer App - HPSmart.app/www/pdfjs-annotation-viewer/web/images/annotation-insert.svg
2026-04-03 19:07:57 +0000  copying file ./Payload/HP Smart Printer App - HPSmart.app/www/pdfjs-annotation-viewer/web/images/toolbarButton-pageDown.svg ... 
2026-04-03 19:07:57 +0000  701 bytes for ./Payload/HP Smart Printer App - HPSmart.app/www/pdfjs-annotation-viewer/web/images/toolbarButton-pageDown.svg
2026-04-03 19:07:57 +0000  copying file ./Payload/HP Smart Printer App - HPSmart.app/www/pdfjs-annotation-viewer/web/images/editor-toolbar-delete.svg ... 
2026-04-03 19:07:57 +0000  909 bytes for ./Payload/HP Smart Printer App - HPSmart.app/www/pdfjs-annotation-viewer/web/images/editor-toolbar-delete.svg
2026-04-03 19:07:57 +0000  copying file ./Payload/HP Smart Printer App - HPSmart.app/www/pdfjs-annotation-viewer/web/images/treeitem-collapsed.svg ... 
2026-04-03 19:07:57 +0000  93 bytes for ./Payload/HP Smart Printer App - HPSmart.app/www/pdfjs-annotation-viewer/web/images/treeitem-collapsed.svg
2026-04-03 19:07:57 +0000  copying file ./Payload/HP Smart Printer App - HPSmart.app/www/pdfjs-annotation-viewer/web/images/annotation-paragraph.svg ... 
2026-04-03 19:07:57 +0000  1143 bytes for ./Payload/HP Smart Printer App - HPSmart.app/www/pdfjs-annotation-viewer/web/images/annotation-paragraph.svg
2026-04-03 19:07:57 +0000  copying file ./Payload/HP Smart Printer App - HPSmart.app/www/pdfjs-annotation-viewer/web/images/toolbarButton-editorFreeText.svg ... 
2026-04-03 19:07:57 +0000  498 bytes for ./Payload/HP Smart Printer App - HPSmart.app/www/pdfjs-annotation-viewer/web/images/toolbarButton-editorFreeText.svg
2026-04-03 19:07:57 +0000  copying file ./Payload/HP Smart Printer App - HPSmart.app/www/pdfjs-annotation-viewer/web/images/annotation-key.svg ... 
2026-04-03 19:07:57 +0000  1452 bytes for ./Payload/HP Smart Printer App - HPSmart.app/www/pdfjs-annotation-viewer/web/images/annotation-key.svg
2026-04-03 19:07:57 +0000  copying file ./Payload/HP Smart Printer App - HPSmart.app/www/pdfjs-annotation-viewer/web/images/annotation-paperclip.svg ... 
2026-04-03 19:07:57 +0000  552 bytes for ./Payload/HP Smart Printer App - HPSmart.app/www/pdfjs-annotation-viewer/web/images/annotation-paperclip.svg
2026-04-03 19:07:57 +0000  copying file ./Payload/HP Smart Printer App - HPSmart.app/www/pdfjs-annotation-viewer/web/images/toolbarButton-viewOutline.svg ... 
2026-04-03 19:07:57 +0000  332 bytes for ./Payload/HP Smart Printer App - HPSmart.app/www/pdfjs-annotation-viewer/web/images/toolbarButton-viewOutline.svg
2026-04-03 19:07:57 +0000  copying file ./Payload/HP Smart Printer App - HPSmart.app/www/pdfjs-annotation-viewer/web/images/secondaryToolbarButton-scrollVertical.svg ... 
2026-04-03 19:07:57 +0000  969 bytes for ./Payload/HP Smart Printer App - HPSmart.app/www/pdfjs-annotation-viewer/web/images/secondaryToolbarButton-scrollVertical.svg
2026-04-03 19:07:57 +0000  copying file ./Payload/HP Smart Printer App - HPSmart.app/www/pdfjs-annotation-viewer/web/images/annotation-comment.svg ... 
2026-04-03 19:07:57 +0000  883 bytes for ./Payload/HP Smart Printer App - HPSmart.app/www/pdfjs-annotation-viewer/web/images/annotation-comment.svg
2026-04-03 19:07:57 +0000  copying file ./Payload/HP Smart Printer App - HPSmart.app/www/pdfjs-annotation-viewer/web/images/secondaryToolbarButton-lastPage.svg ... 
2026-04-03 19:07:57 +0000  257 bytes for ./Payload/HP Smart Printer App - HPSmart.app/www/pdfjs-annotation-viewer/web/images/secondaryToolbarButton-lastPage.svg
2026-04-03 19:07:57 +0000  copying file ./Payload/HP Smart Printer App - HPSmart.app/www/pdfjs-annotation-viewer/web/images/altText_done.svg ... 
2026-04-03 19:07:57 +0000  1087 bytes for ./Payload/HP Smart Printer App - HPSmart.app/www/pdfjs-annotation-viewer/web/images/altText_done.svg
2026-04-03 19:07:57 +0000  copying file ./Payload/HP Smart Printer App - HPSmart.app/www/pdfjs-annotation-viewer/web/images/loading.svg ... 
2026-04-03 19:07:57 +0000  1559 bytes for ./Payload/HP Smart Printer App - HPSmart.app/www/pdfjs-annotation-viewer/web/images/loading.svg
2026-04-03 19:07:57 +0000  copying file ./Payload/HP Smart Printer App - HPSmart.app/www/pdfjs-annotation-viewer/web/images/annotation-newparagraph.svg ... 
2026-04-03 19:07:57 +0000  426 bytes for ./Payload/HP Smart Printer App - HPSmart.app/www/pdfjs-annotation-viewer/web/images/annotation-newparagraph.svg
2026-04-03 19:07:57 +0000  copying file ./Payload/HP Smart Printer App - HPSmart.app/www/pdfjs-annotation-viewer/web/images/altText_add.svg ... 
2026-04-03 19:07:57 +0000  920 bytes for ./Payload/HP Smart Printer App - HPSmart.app/www/pdfjs-annotation-viewer/web/images/altText_add.svg
2026-04-03 19:07:57 +0000  copying file ./Payload/HP Smart Printer App - HPSmart.app/www/pdfjs-annotation-viewer/web/images/secondaryToolbarButton-firstPage.svg ... 
2026-04-03 19:07:57 +0000  260 bytes for ./Payload/HP Smart Printer App - HPSmart.app/www/pdfjs-annotation-viewer/web/images/secondaryToolbarButton-firstPage.svg
2026-04-03 19:07:57 +0000  copying file ./Payload/HP Smart Printer App - HPSmart.app/www/pdfjs-annotation-viewer/web/images/annotation-help.svg ... 
2026-04-03 19:07:57 +0000  2168 bytes for ./Payload/HP Smart Printer App - HPSmart.app/www/pdfjs-annotation-viewer/web/images/annotation-help.svg
2026-04-03 19:07:57 +0000  copying file ./Payload/HP Smart Printer App - HPSmart.app/www/pdfjs-annotation-viewer/web/images/toolbarButton-secondaryToolbarToggle.svg ... 
2026-04-03 19:07:57 +0000  1080 bytes for ./Payload/HP Smart Printer App - HPSmart.app/www/pdfjs-annotation-viewer/web/images/toolbarButton-secondaryToolbarToggle.svg
2026-04-03 19:07:57 +0000  copying file ./Payload/HP Smart Printer App - HPSmart.app/www/pdfjs-annotation-viewer/web/images/findbarButton-previous.svg ... 
2026-04-03 19:07:57 +0000  578 bytes for ./Payload/HP Smart Printer App - HPSmart.app/www/pdfjs-annotation-viewer/web/images/findbarButton-previous.svg
2026-04-03 19:07:57 +0000  copying file ./Payload/HP Smart Printer App - HPSmart.app/www/pdfjs-annotation-viewer/web/images/toolbarButton-bookmark.svg ... 
2026-04-03 19:07:57 +0000  861 bytes for ./Payload/HP Smart Printer App - HPSmart.app/www/pdfjs-annotation-viewer/web/images/toolbarButton-bookmark.svg
2026-04-03 19:07:57 +0000  copying file ./Payload/HP Smart Printer App - HPSmart.app/www/pdfjs-annotation-viewer/web/images/secondaryToolbarButton-handTool.svg ... 
2026-04-03 19:07:57 +0000  1344 bytes for ./Payload/HP Smart Printer App - HPSmart.app/www/pdfjs-annotation-viewer/web/images/secondaryToolbarButton-handTool.svg
2026-04-03 19:07:57 +0000  copying file ./Payload/HP Smart Printer App - HPSmart.app/www/pdfjs-annotation-viewer/web/images/annotation-pushpin.svg ... 
2026-04-03 19:07:57 +0000  1375 bytes for ./Payload/HP Smart Printer App - HPSmart.app/www/pdfjs-annotation-viewer/web/images/annotation-pushpin.svg
2026-04-03 19:07:57 +0000  copying file ./Payload/HP Smart Printer App - HPSmart.app/www/pdfjs-annotation-viewer/web/images/toolbarButton-print.svg ... 
2026-04-03 19:07:57 +0000  927 bytes for ./Payload/HP Smart Printer App - HPSmart.app/www/pdfjs-annotation-viewer/web/images/toolbarButton-print.svg
2026-04-03 19:07:57 +0000  copying file ./Payload/HP Smart Printer App - HPSmart.app/www/pdfjs-annotation-viewer/web/images/secondaryToolbarButton-spreadEven.svg ... 
2026-04-03 19:07:57 +0000  775 bytes for ./Payload/HP Smart Printer App - HPSmart.app/www/pdfjs-annotation-viewer/web/images/secondaryToolbarButton-spreadEven.svg
2026-04-03 19:07:57 +0000  copying file ./Payload/HP Smart Printer App - HPSmart.app/www/pdfjs-annotation-viewer/web/images/toolbarButton-openFile.svg ... 
2026-04-03 19:07:57 +0000  1400 bytes for ./Payload/HP Smart Printer App - HPSmart.app/www/pdfjs-annotation-viewer/web/images/toolbarButton-openFile.svg
2026-04-03 19:07:57 +0000  copying file ./Payload/HP Smart Printer App - HPSmart.app/www/pdfjs-annotation-viewer/web/images/toolbarButton-zoomOut.svg ... 
2026-04-03 19:07:57 +0000  472 bytes for ./Payload/HP Smart Printer App - HPSmart.app/www/pdfjs-annotation-viewer/web/images/toolbarButton-zoomOut.svg
2026-04-03 19:07:57 +0000  copying file ./Payload/HP Smart Printer App - HPSmart.app/www/pdfjs-annotation-viewer/web/images/cursor-editorFreeText.svg ... 
2026-04-03 19:07:57 +0000  1452 bytes for ./Payload/HP Smart Printer App - HPSmart.app/www/pdfjs-annotation-viewer/web/images/cursor-editorFreeText.svg
2026-04-03 19:07:57 +0000  copying file ./Payload/HP Smart Printer App - HPSmart.app/www/pdfjs-annotation-viewer/web/images/secondaryToolbarButton-rotateCw.svg ... 
2026-04-03 19:07:57 +0000  576 bytes for ./Payload/HP Smart Printer App - HPSmart.app/www/pdfjs-annotation-viewer/web/images/secondaryToolbarButton-rotateCw.svg
2026-04-03 19:07:57 +0000  copying file ./Payload/HP Smart Printer App - HPSmart.app/www/pdfjs-annotation-viewer/web/images/secondaryToolbarButton-spreadNone.svg ... 
2026-04-03 19:07:57 +0000  395 bytes for ./Payload/HP Smart Printer App - HPSmart.app/www/pdfjs-annotation-viewer/web/images/secondaryToolbarButton-spreadNone.svg
2026-04-03 19:07:57 +0000  copying file ./Payload/HP Smart Printer App - HPSmart.app/www/pdfjs-annotation-viewer/web/images/secondaryToolbarButton-scrollPage.svg ... 
2026-04-03 19:07:57 +0000  731 bytes for ./Payload/HP Smart Printer App - HPSmart.app/www/pdfjs-annotation-viewer/web/images/secondaryToolbarButton-scrollPage.svg
2026-04-03 19:07:57 +0000  copying file ./Payload/HP Smart Printer App - HPSmart.app/www/pdfjs-annotation-viewer/web/images/findbarButton-next.svg ... 
2026-04-03 19:07:57 +0000  578 bytes for ./Payload/HP Smart Printer App - HPSmart.app/www/pdfjs-annotation-viewer/web/images/findbarButton-next.svg
2026-04-03 19:07:57 +0000  copying file ./Payload/HP Smart Printer App - HPSmart.app/www/pdfjs-annotation-viewer/web/images/toolbarButton-editorHighlight.svg ... 
2026-04-03 19:07:57 +0000  910 bytes for ./Payload/HP Smart Printer App - HPSmart.app/www/pdfjs-annotation-viewer/web/images/toolbarButton-editorHighlight.svg
copying file ./Payload/HP Smart Printer App - HPSmart.app/www/pdfjs-annotation-viewer/web/images/toolbarButton-viewAttachments.svg ... 
2026-04-03 19:07:57 +0000  570 bytes for ./Payload/HP Smart Printer App - HPSmart.app/www/pdfjs-annotation-viewer/web/images/toolbarButton-viewAttachments.svg
2026-04-03 19:07:57 +0000  copying file ./Payload/HP Smart Printer App - HPSmart.app/www/pdfjs-annotation-viewer/web/images/cursor-editorFreeHighlight.svg ... 
2026-04-03 19:07:57 +0000  2936 bytes for ./Payload/HP Smart Printer App - HPSmart.app/www/pdfjs-annotation-viewer/web/images/cursor-editorFreeHighlight.svg
2026-04-03 19:07:57 +0000  copying file ./Payload/HP Smart Printer App - HPSmart.app/www/pdfjs-annotation-viewer/web/images/toolbarButton-search.svg ... 
2026-04-03 19:07:57 +0000  1234 bytes for ./Payload/HP Smart Printer App - HPSmart.app/www/pdfjs-annotation-viewer/web/images/toolbarButton-search.svg
2026-04-03 19:07:57 +0000  copying file ./Payload/HP Smart Printer App - HPSmart.app/www/pdfjs-annotation-viewer/web/images/secondaryToolbarButton-rotateCcw.svg ... 
2026-04-03 19:07:57 +0000  596 bytes for ./Payload/HP Smart Printer App - HPSmart.app/www/pdfjs-annotation-viewer/web/images/secondaryToolbarButton-rotateCcw.svg
2026-04-03 19:07:57 +0000  copying file ./Payload/HP Smart Printer App - HPSmart.app/www/pdfjs-annotation-viewer/web/images/secondaryToolbarButton-documentProperties.svg ... 
2026-04-03 19:07:57 +0000  417 bytes for ./Payload/HP Smart Printer App - HPSmart.app/www/pdfjs-annotation-viewer/web/images/secondaryToolbarButton-documentProperties.svg
2026-04-03 19:07:57 +0000  copying file ./Payload/HP Smart Printer App - HPSmart.app/www/pdfjs-annotation-viewer/web/images/toolbarButton-sidebarToggle.svg ... 
2026-04-03 19:07:57 +0000  1560 bytes for ./Payload/HP Smart Printer App - HPSmart.app/www/pdfjs-annotation-viewer/web/images/toolbarButton-sidebarToggle.svg
copying file ./Payload/HP Smart Printer App - HPSmart.app/www/pdfjs-annotation-viewer/web/pdfjs-annotation-extension/pdfjs-annotation-extension.js ... 
2026-04-03 19:07:57 +0000  3982885 bytes for ./Payload/HP Smart Printer App - HPSmart.app/www/pdfjs-annotation-viewer/web/pdfjs-annotation-extension/pdfjs-annotation-extension.js
2026-04-03 19:07:57 +0000  copying file ./Payload/HP Smart Printer App - HPSmart.app/www/pdfjs-annotation-viewer/web/pdfjs-annotation-extension/font/Allura.ttf ... 
2026-04-03 19:07:57 +0000  234288 bytes for ./Payload/HP Smart Printer App - HPSmart.app/www/pdfjs-annotation-viewer/web/pdfjs-annotation-extension/font/Allura.ttf
2026-04-03 19:07:57 +0000  copying file ./Payload/HP Smart Printer App - HPSmart.app/www/pdfjs-annotation-viewer/web/pdfjs-annotation-extension/font/Kalam.ttf ... 
2026-04-03 19:07:57 +0000  427336 bytes for ./Payload/HP Smart Printer App - HPSmart.app/www/pdfjs-annotation-viewer/web/pdfjs-annotation-extension/font/Kalam.ttf
2026-04-03 19:07:57 +0000  copying file ./Payload/HP Smart Printer App - HPSmart.app/www/pdfjs-annotation-viewer/web/standard_fonts/FoxitDingbats.pfb ... 
2026-04-03 19:07:57 +0000  29513 bytes for ./Payload/HP Smart Printer App - HPSmart.app/www/pdfjs-annotation-viewer/web/standard_fonts/FoxitDingbats.pfb
2026-04-03 19:07:57 +0000  copying file ./Payload/HP Smart Printer App - HPSmart.app/www/pdfjs-annotation-viewer/web/standard_fonts/LiberationSans-Bold.ttf ... 
2026-04-03 19:07:57 +0000  137052 bytes for ./Payload/HP Smart Printer App - HPSmart.app/www/pdfjs-annotation-viewer/web/standard_fonts/LiberationSans-Bold.ttf
2026-04-03 19:07:57 +0000  copying file ./Payload/HP Smart Printer App - HPSmart.app/www/pdfjs-annotation-viewer/web/standard_fonts/FoxitSymbol.pfb ... 
2026-04-03 19:07:57 +0000  16729 bytes for ./Payload/HP Smart Printer App - HPSmart.app/www/pdfjs-annotation-viewer/web/standard_fonts/FoxitSymbol.pfb
2026-04-03 19:07:57 +0000  copying file ./Payload/HP Smart Printer App - HPSmart.app/www/pdfjs-annotation-viewer/web/standard_fonts/LiberationSans-BoldItalic.ttf ... 
2026-04-03 19:07:57 +0000  135124 bytes for ./Payload/HP Smart Printer App - HPSmart.app/www/pdfjs-annotation-viewer/web/standard_fonts/LiberationSans-BoldItalic.ttf
2026-04-03 19:07:57 +0000  copying file ./Payload/HP Smart Printer App - HPSmart.app/www/pdfjs-annotation-viewer/web/standard_fonts/LICENSE_LIBERATION ... 
2026-04-03 19:07:57 +0000  4414 bytes for ./Payload/HP Smart Printer App - HPSmart.app/www/pdfjs-annotation-viewer/web/standard_fonts/LICENSE_LIBERATION
2026-04-03 19:07:57 +0000  copying file ./Payload/HP Smart Printer App - HPSmart.app/www/pdfjs-annotation-viewer/web/standard_fonts/FoxitFixedBoldItalic.pfb ... 
2026-04-03 19:07:57 +0000  19151 bytes for ./Payload/HP Smart Printer App - HPSmart.app/www/pdfjs-annotation-viewer/web/standard_fonts/FoxitFixedBoldItalic.pfb
2026-04-03 19:07:57 +0000  copying file ./Payload/HP Smart Printer App - HPSmart.app/www/pdfjs-annotation-viewer/web/standard_fonts/FoxitFixedItalic.pfb ... 
2026-04-03 19:07:57 +0000  18746 bytes for ./Payload/HP Smart Printer App - HPSmart.app/www/pdfjs-annotation-viewer/web/standard_fonts/FoxitFixedItalic.pfb
2026-04-03 19:07:57 +0000  copying file ./Payload/HP Smart Printer App - HPSmart.app/www/pdfjs-annotation-viewer/web/standard_fonts/FoxitSerifItalic.pfb ... 
2026-04-03 19:07:57 +0000  21227 bytes for ./Payload/HP Smart Printer App - HPSmart.app/www/pdfjs-annotation-viewer/web/standard_fonts/FoxitSerifItalic.pfb
2026-04-03 19:07:57 +0000  copying file ./Payload/HP Smart Printer App - HPSmart.app/www/pdfjs-annotation-viewer/web/standard_fonts/FoxitSerifBoldItalic.pfb ... 
2026-04-03 19:07:57 +0000  20733 bytes for ./Payload/HP Smart Printer App - HPSmart.app/www/pdfjs-annotation-viewer/web/standard_fonts/FoxitSerifBoldItalic.pfb
2026-04-03 19:07:57 +0000  copying file ./Payload/HP Smart Printer App - HPSmart.app/www/pdfjs-annotation-viewer/web/standard_fonts/FoxitSerifBold.pfb ... 
2026-04-03 19:07:57 +0000  19395 bytes for ./Payload/HP Smart Printer App - HPSmart.app/www/pdfjs-annotation-viewer/web/standard_fonts/FoxitSerifBold.pfb
2026-04-03 19:07:57 +0000  copying file ./Payload/HP Smart Printer App - HPSmart.app/www/pdfjs-annotation-viewer/web/standard_fonts/FoxitFixed.pfb ... 
2026-04-03 19:07:57 +0000  17597 bytes for ./Payload/HP Smart Printer App - HPSmart.app/www/pdfjs-annotation-viewer/web/standard_fonts/FoxitFixed.pfb
2026-04-03 19:07:57 +0000  copying file ./Payload/HP Smart Printer App - HPSmart.app/www/pdfjs-annotation-viewer/web/standard_fonts/LiberationSans-Italic.ttf ... 
2026-04-03 19:07:57 +0000  162036 bytes for ./Payload/HP Smart Printer App - HPSmart.app/www/pdfjs-annotation-viewer/web/standard_fonts/LiberationSans-Italic.ttf
2026-04-03 19:07:57 +0000  copying file ./Payload/HP Smart Printer App - HPSmart.app/www/pdfjs-annotation-viewer/web/standard_fonts/FoxitSerif.pfb ... 
2026-04-03 19:07:57 +0000  19469 bytes for ./Payload/HP Smart Printer App - HPSmart.app/www/pdfjs-annotation-viewer/web/standard_fonts/FoxitSerif.pfb
2026-04-03 19:07:57 +0000  copying file ./Payload/HP Smart Printer App - HPSmart.app/www/pdfjs-annotation-viewer/web/standard_fonts/LICENSE_FOXIT ... 
2026-04-03 19:07:57 +0000  1553 bytes for ./Payload/HP Smart Printer App - HPSmart.app/www/pdfjs-annotation-viewer/web/standard_fonts/LICENSE_FOXIT
2026-04-03 19:07:57 +0000  copying file ./Payload/HP Smart Printer App - HPSmart.app/www/pdfjs-annotation-viewer/web/standard_fonts/LiberationSans-Regular.ttf ... 
2026-04-03 19:07:57 +0000  139512 bytes for ./Payload/HP Smart Printer App - HPSmart.app/www/pdfjs-annotation-viewer/web/standard_fonts/LiberationSans-Regular.ttf
2026-04-03 19:07:57 +0000  copying file ./Payload/HP Smart Printer App - HPSmart.app/www/pdfjs-annotation-viewer/web/standard_fonts/FoxitFixedBold.pfb ... 
2026-04-03 19:07:57 +0000  18055 bytes for ./Payload/HP Smart Printer App - HPSmart.app/www/pdfjs-annotation-viewer/web/standard_fonts/FoxitFixedBold.pfb
2026-04-03 19:07:57 +0000  copying file ./Payload/HP Smart Printer App - HPSmart.app/www/pdfjs-annotation-viewer/web/viewer.js ... 
2026-04-03 19:07:57 +0000  447547 bytes for ./Payload/HP Smart Printer App - HPSmart.app/www/pdfjs-annotation-viewer/web/viewer.js
2026-04-03 19:07:57 +0000  copying file ./Payload/HP Smart Printer App - HPSmart.app/www/pdfjs-annotation-viewer/web/cmaps/78-EUC-V.bcmap ... 
2026-04-03 19:07:57 +0000  173 bytes for ./Payload/HP Smart Printer App - HPSmart.app/www/pdfjs-annotation-viewer/web/cmaps/78-EUC-V.bcmap
2026-04-03 19:07:57 +0000  copying file ./Payload/HP Smart Printer App - HPSmart.app/www/pdfjs-annotation-viewer/web/cmaps/GBKp-EUC-H.bcmap ... 
2026-04-03 19:07:57 +0000  14686 bytes for ./Payload/HP Smart Printer App - HPSmart.app/www/pdfjs-annotation-viewer/web/cmaps/GBKp-EUC-H.bcmap
2026-04-03 19:07:57 +0000  copying file ./Payload/HP Smart Printer App - HPSmart.app/www/pdfjs-annotation-viewer/web/cmaps/Katakana.bcmap ... 
2026-04-03 19:07:57 +0000  100 bytes for ./Payload/HP Smart Printer App - HPSmart.app/www/pdfjs-annotation-viewer/web/cmaps/Katakana.bcmap
2026-04-03 19:07:57 +0000  copying file ./Payload/HP Smart Printer App - HPSmart.app/www/pdfjs-annotation-viewer/web/cmaps/KSCpc-EUC-H.bcmap ... 
2026-04-03 19:07:57 +0000  2024 bytes for ./Payload/HP Smart Printer App - HPSmart.app/www/pdfjs-annotation-viewer/web/cmaps/KSCpc-EUC-H.bcmap
2026-04-03 19:07:57 +0000  copying file ./Payload/HP Smart Printer App - HPSmart.app/www/pdfjs-annotation-viewer/web/cmaps/Adobe-CNS1-UCS2.bcmap ... 
2026-04-03 19:07:57 +0000  41193 bytes for ./Payload/HP Smart Printer App - HPSmart.app/www/pdfjs-annotation-viewer/web/cmaps/Adobe-CNS1-UCS2.bcmap
2026-04-03 19:07:57 +0000  copying file ./Payload/HP Smart Printer App - HPSmart.app/www/pdfjs-annotation-viewer/web/cmaps/Adobe-CNS1-5.bcmap ... 
2026-04-03 19:07:57 +0000  406 bytes for ./Payload/HP Smart Printer App - HPSmart.app/www/pdfjs-annotation-viewer/web/cmaps/Adobe-CNS1-5.bcmap
2026-04-03 19:07:57 +0000  copying file ./Payload/HP Smart Printer App - HPSmart.app/www/pdfjs-annotation-viewer/web/cmaps/Adobe-Japan1-6.bcmap ... 
2026-04-03 19:07:57 +0000  485 bytes for ./Payload/HP Smart Printer App - HPSmart.app/www/pdfjs-annotation-viewer/web/cmaps/Adobe-Japan1-6.bcmap
2026-04-03 19:07:57 +0000  copying file ./Payload/HP Smart Printer App - HPSmart.app/www/pdfjs-annotation-viewer/web/cmaps/Adobe-Japan1-4.bcmap ... 
2026-04-03 19:07:57 +0000  337 bytes for ./Payload/HP Smart Printer App - HPSmart.app/www/pdfjs-annotation-viewer/web/cmaps/Adobe-Japan1-4.bcmap
2026-04-03 19:07:57 +0000  copying file ./Payload/HP Smart Printer App - HPSmart.app/www/pdfjs-annotation-viewer/web/cmaps/Adobe-Japan1-UCS2.bcmap ... 
2026-04-03 19:07:57 +0000  40951 bytes for ./Payload/HP Smart Printer App - HPSmart.app/www/pdfjs-annotation-viewer/web/cmaps/Adobe-Japan1-UCS2.bcmap
2026-04-03 19:07:57 +0000  copying file ./Payload/HP Smart Printer App - HPSmart.app/www/pdfjs-annotation-viewer/web/cmaps/HKscs-B5-H.bcmap ... 
2026-04-03 19:07:57 +0000  4437 bytes for ./Payload/HP Smart Printer App - HPSmart.app/www/pdfjs-annotation-viewer/web/cmaps/HKscs-B5-H.bcmap
copying file ./Payload/HP Smart Printer App - HPSmart.app/www/pdfjs-annotation-viewer/web/cmaps/UniJISX0213-UTF32-H.bcmap ... 
2026-04-03 19:07:57 +0000  40517 bytes for ./Payload/HP Smart Printer App - HPSmart.app/www/pdfjs-annotation-viewer/web/cmaps/UniJISX0213-UTF32-H.bcmap
2026-04-03 19:07:57 +0000  copying file ./Payload/HP Smart Printer App - HPSmart.app/www/pdfjs-annotation-viewer/web/cmaps/HKdla-B5-V.bcmap ... 
2026-04-03 19:07:57 +0000  148 bytes for ./Payload/HP Smart Printer App - HPSmart.app/www/pdfjs-annotation-viewer/web/cmaps/HKdla-B5-V.bcmap
2026-04-03 19:07:57 +0000  copying file ./Payload/HP Smart Printer App - HPSmart.app/www/pdfjs-annotation-viewer/web/cmaps/ETenms-B5-H.bcmap ... 
2026-04-03 19:07:57 +0000  101 bytes for ./Payload/HP Smart Printer App - HPSmart.app/www/pdfjs-annotation-viewer/web/cmaps/ETenms-B5-H.bcmap
2026-04-03 19:07:57 +0000  copying file ./Payload/HP Smart Printer App - HPSmart.app/www/pdfjs-annotation-viewer/web/cmaps/H.bcmap ... 
2026-04-03 19:07:57 +0000  553 bytes for ./Payload/HP Smart Printer App - HPSmart.app/www/pdfjs-annotation-viewer/web/cmaps/H.bcmap
2026-04-03 19:07:57 +0000  copying file ./Payload/HP Smart Printer App - HPSmart.app/www/pdfjs-annotation-viewer/web/cmaps/Adobe-Korea1-UCS2.bcmap ... 
2026-04-03 19:07:57 +0000  23293 bytes for ./Payload/HP Smart Printer App - HPSmart.app/www/pdfjs-annotation-viewer/web/cmaps/Adobe-Korea1-UCS2.bcmap
2026-04-03 19:07:57 +0000  copying file ./Payload/HP Smart Printer App - HPSmart.app/www/pdfjs-annotation-viewer/web/cmaps/UniJIS-UTF8-V.bcmap ... 
2026-04-03 19:07:57 +0000  678 bytes for ./Payload/HP Smart Printer App - HPSmart.app/www/pdfjs-annotation-viewer/web/cmaps/UniJIS-UTF8-V.bcmap
2026-04-03 19:07:57 +0000  copying file ./Payload/HP Smart Printer App - HPSmart.app/www/pdfjs-annotation-viewer/web/cmaps/WP-Symbol.bcmap ... 
2026-04-03 19:07:57 +0000  179 bytes for ./Payload/HP Smart Printer App - HPSmart.app/www/pdfjs-annotation-viewer/web/cmaps/WP-Symbol.bcmap
2026-04-03 19:07:57 +0000  copying file ./Payload/HP Smart Printer App - HPSmart.app/www/pdfjs-annotation-viewer/web/cmaps/Add-H.bcmap ... 
2026-04-03 19:07:57 +0000  2419 bytes for ./Payload/HP Smart Printer App - HPSmart.app/www/pdfjs-annotation-viewer/web/cmaps/Add-H.bcmap
2026-04-03 19:07:57 +0000  copying file ./Payload/HP Smart Printer App - HPSmart.app/www/pdfjs-annotation-viewer/web/cmaps/Adobe-Japan1-0.bcmap ... 
2026-04-03 19:07:57 +0000  225 bytes for ./Payload/HP Smart Printer App - HPSmart.app/www/pdfjs-annotation-viewer/web/cmaps/Adobe-Japan1-0.bcmap
2026-04-03 19:07:57 +0000  copying file ./Payload/HP Smart Printer App - HPSmart.app/www/pdfjs-annotation-viewer/web/cmaps/Adobe-CNS1-3.bcmap ... 
2026-04-03 19:07:57 +0000  401 bytes for ./Payload/HP Smart Printer App - HPSmart.app/www/pdfjs-annotation-viewer/web/cmaps/Adobe-CNS1-3.bcmap
2026-04-03 19:07:57 +0000  copying file ./Payload/HP Smart Printer App - HPSmart.app/www/pdfjs-annotation-viewer/web/cmaps/HKm314-B5-H.bcmap ... 
2026-04-03 19:07:57 +0000  1772 bytes for ./Payload/HP Smart Printer App - HPSmart.app/www/pdfjs-annotation-viewer/web/cmaps/HKm314-B5-H.bcmap
2026-04-03 19:07:57 +0000  copying file ./Payload/HP Smart Printer App - HPSmart.app/www/pdfjs-annotation-viewer/web/cmaps/UniCNS-UTF8-V.bcmap ... 
2026-04-03 19:07:57 +0000  157 bytes for ./Payload/HP Smart Printer App - HPSmart.app/www/pdfjs-annotation-viewer/web/cmaps/UniCNS-UTF8-V.bcmap
2026-04-03 19:07:57 +0000  copying file ./Payload/HP Smart Printer App - HPSmart.app/www/pdfjs-annotation-viewer/web/cmaps/LICENSE ... 
2026-04-03 19:07:57 +0000  2080 bytes for ./Payload/HP Smart Printer App - HPSmart.app/www/pdfjs-annotation-viewer/web/cmaps/LICENSE
2026-04-03 19:07:57 +0000  copying file ./Payload/HP Smart Printer App - HPSmart.app/www/pdfjs-annotation-viewer/web/cmaps/ETHK-B5-H.bcmap ... 
2026-04-03 19:07:57 +0000  4426 bytes for ./Payload/HP Smart Printer App - HPSmart.app/www/pdfjs-annotation-viewer/web/cmaps/ETHK-B5-H.bcmap
2026-04-03 19:07:57 +0000  copying file ./Payload/HP Smart Printer App - HPSmart.app/www/pdfjs-annotation-viewer/web/cmaps/KSC-Johab-V.bcmap ... 
2026-04-03 19:07:57 +0000  166 bytes for ./Payload/HP Smart Printer App - HPSmart.app/www/pdfjs-annotation-viewer/web/cmaps/KSC-Johab-V.bcmap
2026-04-03 19:07:57 +0000  copying file ./Payload/HP Smart Printer App - HPSmart.app/www/pdfjs-annotation-viewer/web/cmaps/Adobe-CNS1-1.bcmap ... 
2026-04-03 19:07:57 +0000  371 bytes for ./Payload/HP Smart Printer App - HPSmart.app/www/pdfjs-annotation-viewer/web/cmaps/Adobe-CNS1-1.bcmap
2026-04-03 19:07:57 +0000  copying file ./Payload/HP Smart Printer App - HPSmart.app/www/pdfjs-annotation-viewer/web/cmaps/UniGB-UCS2-V.bcmap ... 
2026-04-03 19:07:57 +0000  193 bytes for ./Payload/HP Smart Printer App - HPSmart.app/www/pdfjs-annotation-viewer/web/cmaps/UniGB-UCS2-V.bcmap
2026-04-03 19:07:57 +0000  copying file ./Payload/HP Smart Printer App - HPSmart.app/www/pdfjs-annotation-viewer/web/cmaps/Adobe-Japan1-2.bcmap ... 
2026-04-03 19:07:57 +0000  233 bytes for ./Payload/HP Smart Printer App - HPSmart.app/www/pdfjs-annotation-viewer/web/cmaps/Adobe-Japan1-2.bcmap
2026-04-03 19:07:57 +0000  copying file ./Payload/HP Smart Printer App - HPSmart.app/www/pdfjs-annotation-viewer/web/cmaps/KSC-V.bcmap ... 
2026-04-03 19:07:57 +0000  160 bytes for ./Payload/HP Smart Printer App - HPSmart.app/www/pdfjs-annotation-viewer/web/cmaps/KSC-V.bcmap
2026-04-03 19:07:57 +0000  copying file ./Payload/HP Smart Printer App - HPSmart.app/www/pdfjs-annotation-viewer/web/cmaps/UniJISPro-UTF8-V.bcmap ... 
2026-04-03 19:07:57 +0000  726 bytes for ./Payload/HP Smart Printer App - HPSmart.app/www/pdfjs-annotation-viewer/web/cmaps/UniJISPro-UTF8-V.bcmap
2026-04-03 19:07:57 +0000  copying file ./Payload/HP Smart Printer App - HPSmart.app/www/pdfjs-annotation-viewer/web/cmaps/KSC-EUC-H.bcmap ... 
2026-04-03 19:07:57 +0000  1848 bytes for ./Payload/HP Smart Printer App - HPSmart.app/www/pdfjs-annotation-viewer/web/cmaps/KSC-EUC-H.bcmap
2026-04-03 19:07:57 +0000  copying file ./Payload/HP Smart Printer App - HPSmart.app/www/pdfjs-annotation-viewer/web/cmaps/RKSJ-H.bcmap ... 
2026-04-03 19:07:57 +0000  534 bytes for ./Payload/HP Smart Printer App - HPSmart.app/www/pdfjs-annotation-viewer/web/cmaps/RKSJ-H.bcmap
2026-04-03 19:07:57 +0000  copying file ./Payload/HP Smart Printer App - HPSmart.app/www/pdfjs-annotation-viewer/web/cmaps/Add-RKSJ-V.bcmap ... 
2026-04-03 19:07:57 +0000  287 bytes for ./Payload/HP Smart Printer App - HPSmart.app/www/pdfjs-annotation-viewer/web/cmaps/Add-RKSJ-V.bcmap
2026-04-03 19:07:57 +0000  copying file ./Payload/HP Smart Printer App - HPSmart.app/www/pdfjs-annotation-viewer/web/cmaps/UniKS-UCS2-V.bcmap ... 
2026-04-03 19:07:57 +0000  178 bytes for ./Payload/HP Smart Printer App - HPSmart.app/www/pdfjs-annotation-viewer/web/cmaps/UniKS-UCS2-V.bcmap
2026-04-03 19:07:57 +0000  copying file ./Payload/HP Smart Printer App - HPSmart.app/www/pdfjs-annotation-viewer/web/cmaps/78-V.bcmap ... 
2026-04-03 19:07:57 +0000  169 bytes for ./Payload/HP Smart Printer App - HPSmart.app/www/pdfjs-annotation-viewer/web/cmaps/78-V.bcmap
2026-04-03 19:07:57 +0000  copying file ./Payload/HP Smart Printer App - HPSmart.app/www/pdfjs-annotation-viewer/web/cmaps/CNS-EUC-H.bcmap ... 
2026-04-03 19:07:57 +0000  1780 bytes for ./Payload/HP Smart Printer App - HPSmart.app/www/pdfjs-annotation-viewer/web/cmaps/CNS-EUC-H.bcmap
2026-04-03 19:07:57 +0000  copying file ./Payload/HP Smart Printer App - HPSmart.app/www/pdfjs-annotation-viewer/web/cmaps/HKm471-B5-V.bcmap ... 
2026-04-03 19:07:57 +0000  149 bytes for ./Payload/HP Smart Printer App - HPSmart.app/www/pdfjs-annotation-viewer/web/cmaps/HKm471-B5-V.bcmap
2026-04-03 19:07:57 +0000  copying file ./Payload/HP Smart Printer App - HPSmart.app/www/pdfjs-annotation-viewer/web/cmaps/HKgccs-B5-H.bcmap ... 
2026-04-03 19:07:57 +0000  2292 bytes for ./Payload/HP Smart Printer App - HPSmart.app/www/pdfjs-annotation-viewer/web/cmaps/HKgccs-B5-H.bcmap
2026-04-03 19:07:57 +0000  copying file ./Payload/HP Smart Printer App - HPSmart.app/www/pdfjs-annotation-viewer/web/cmaps/UniCNS-UTF8-H.bcmap ... 
2026-04-03 19:07:57 +0000  53629 bytes for ./Payload/HP Smart Printer App - HPSmart.app/www/pdfjs-annotation-viewer/web/cmaps/UniCNS-UTF8-H.bcmap
2026-04-03 19:07:57 +0000  copying file ./Payload/HP Smart Printer App - HPSmart.app/www/pdfjs-annotation-viewer/web/cmaps/HKm314-B5-V.bcmap ... 
2026-04-03 19:07:57 +0000  149 bytes for ./Payload/HP Smart Printer App - HPSmart.app/www/pdfjs-annotation-viewer/web/cmaps/HKm314-B5-V.bcmap
2026-04-03 19:07:57 +0000  copying file ./Payload/HP Smart Printer App - HPSmart.app/www/pdfjs-annotation-viewer/web/cmaps/Adobe-Japan1-5.bcmap ... 
2026-04-03 19:07:57 +0000  430 bytes for ./Payload/HP Smart Printer App - HPSmart.app/www/pdfjs-annotation-viewer/web/cmaps/Adobe-Japan1-5.bcmap
2026-04-03 19:07:57 +0000  copying file ./Payload/HP Smart Printer App - HPSmart.app/www/pdfjs-annotation-viewer/web/cmaps/Adobe-CNS1-6.bcmap ... 
2026-04-03 19:07:57 +0000  406 bytes for ./Payload/HP Smart Printer App - HPSmart.app/www/pdfjs-annotation-viewer/web/cmaps/Adobe-CNS1-6.bcmap
2026-04-03 19:07:57 +0000  copying file ./Payload/HP Smart Printer App - HPSmart.app/www/pdfjs-annotation-viewer/web/cmaps/Add-V.bcmap ... 
282 bytes for ./Payload/HP Smart Printer App - HPSmart.app/www/pdfjs-annotation-viewer/web/cmaps/Add-V.bcmap
2026-04-03 19:07:57 +0000  copying file ./Payload/HP Smart Printer App - HPSmart.app/www/pdfjs-annotation-viewer/web/cmaps/UniJIS-UTF8-H.bcmap ... 
2026-04-03 19:07:57 +0000  41695 bytes for ./Payload/HP Smart Printer App - HPSmart.app/www/pdfjs-annotation-viewer/web/cmaps/UniJIS-UTF8-H.bcmap
2026-04-03 19:07:57 +0000  copying file ./Payload/HP Smart Printer App - HPSmart.app/www/pdfjs-annotation-viewer/web/cmaps/UniJISPro-UCS2-HW-V.bcmap ... 
2026-04-03 19:07:57 +0000  705 bytes for ./Payload/HP Smart Printer App - HPSmart.app/www/pdfjs-annotation-viewer/web/cmaps/UniJISPro-UCS2-HW-V.bcmap
2026-04-03 19:07:57 +0000  copying file ./Payload/HP Smart Printer App - HPSmart.app/www/pdfjs-annotation-viewer/web/cmaps/HKgccs-B5-V.bcmap ... 
2026-04-03 19:07:57 +0000  149 bytes for ./Payload/HP Smart Printer App - HPSmart.app/www/pdfjs-annotation-viewer/web/cmaps/HKgccs-B5-V.bcmap
2026-04-03 19:07:57 +0000  copying file ./Payload/HP Smart Printer App - HPSmart.app/www/pdfjs-annotation-viewer/web/cmaps/HKm471-B5-H.bcmap ... 
2026-04-03 19:07:57 +0000  2171 bytes for ./Payload/HP Smart Printer App - HPSmart.app/www/pdfjs-annotation-viewer/web/cmaps/HKm471-B5-H.bcmap
2026-04-03 19:07:57 +0000  copying file ./Payload/HP Smart Printer App - HPSmart.app/www/pdfjs-annotation-viewer/web/cmaps/CNS-EUC-V.bcmap ... 
2026-04-03 19:07:57 +0000  1920 bytes for ./Payload/HP Smart Printer App - HPSmart.app/www/pdfjs-annotation-viewer/web/cmaps/CNS-EUC-V.bcmap
2026-04-03 19:07:57 +0000  copying file ./Payload/HP Smart Printer App - HPSmart.app/www/pdfjs-annotation-viewer/web/cmaps/78-H.bcmap ... 
2026-04-03 19:07:57 +0000  2379 bytes for ./Payload/HP Smart Printer App - HPSmart.app/www/pdfjs-annotation-viewer/web/cmaps/78-H.bcmap
2026-04-03 19:07:57 +0000  copying file ./Payload/HP Smart Printer App - HPSmart.app/www/pdfjs-annotation-viewer/web/cmaps/UniKS-UCS2-H.bcmap ... 
2026-04-03 19:07:57 +0000  25783 bytes for ./Payload/HP Smart Printer App - HPSmart.app/www/pdfjs-annotation-viewer/web/cmaps/UniKS-UCS2-H.bcmap
2026-04-03 19:07:57 +0000  copying file ./Payload/HP Smart Printer App - HPSmart.app/www/pdfjs-annotation-viewer/web/cmaps/KSC-EUC-V.bcmap ... 
2026-04-03 19:07:57 +0000  164 bytes for ./Payload/HP Smart Printer App - HPSmart.app/www/pdfjs-annotation-viewer/web/cmaps/KSC-EUC-V.bcmap
2026-04-03 19:07:57 +0000  copying file ./Payload/HP Smart Printer App - HPSmart.app/www/pdfjs-annotation-viewer/web/cmaps/Add-RKSJ-H.bcmap ... 
2026-04-03 19:07:57 +0000  2413 bytes for ./Payload/HP Smart Printer App - HPSmart.app/www/pdfjs-annotation-viewer/web/cmaps/Add-RKSJ-H.bcmap
2026-04-03 19:07:57 +0000  copying file ./Payload/HP Smart Printer App - HPSmart.app/www/pdfjs-annotation-viewer/web/cmaps/RKSJ-V.bcmap ... 
2026-04-03 19:07:57 +0000  170 bytes for ./Payload/HP Smart Printer App - HPSmart.app/www/pdfjs-annotation-viewer/web/cmaps/RKSJ-V.bcmap
2026-04-03 19:07:57 +0000  copying file ./Payload/HP Smart Printer App - HPSmart.app/www/pdfjs-annotation-viewer/web/cmaps/Adobe-CNS1-4.bcmap ... 
2026-04-03 19:07:57 +0000  405 bytes for ./Payload/HP Smart Printer App - HPSmart.app/www/pdfjs-annotation-viewer/web/cmaps/Adobe-CNS1-4.bcmap
2026-04-03 19:07:57 +0000  copying file ./Payload/HP Smart Printer App - HPSmart.app/www/pdfjs-annotation-viewer/web/cmaps/UniGB-UCS2-H.bcmap ... 
2026-04-03 19:07:57 +0000  43366 bytes for ./Payload/HP Smart Printer App - HPSmart.app/www/pdfjs-annotation-viewer/web/cmaps/UniGB-UCS2-H.bcmap
2026-04-03 19:07:57 +0000  copying file ./Payload/HP Smart Printer App - HPSmart.app/www/pdfjs-annotation-viewer/web/cmaps/KSC-Johab-H.bcmap ... 
2026-04-03 19:07:57 +0000  16791 bytes for ./Payload/HP Smart Printer App - HPSmart.app/www/pdfjs-annotation-viewer/web/cmaps/KSC-Johab-H.bcmap
2026-04-03 19:07:57 +0000  copying file ./Payload/HP Smart Printer App - HPSmart.app/www/pdfjs-annotation-viewer/web/cmaps/KSC-H.bcmap ... 
2026-04-03 19:07:57 +0000  1831 bytes for ./Payload/HP Smart Printer App - HPSmart.app/www/pdfjs-annotation-viewer/web/cmaps/KSC-H.bcmap
2026-04-03 19:07:57 +0000  copying file ./Payload/HP Smart Printer App - HPSmart.app/www/pdfjs-annotation-viewer/web/cmaps/ETHK-B5-V.bcmap ... 
2026-04-03 19:07:57 +0000  158 bytes for ./Payload/HP Smart Printer App - HPSmart.app/www/pdfjs-annotation-viewer/web/cmaps/ETHK-B5-V.bcmap
2026-04-03 19:07:57 +0000  copying file ./Payload/HP Smart Printer App - HPSmart.app/www/pdfjs-annotation-viewer/web/cmaps/Adobe-CNS1-0.bcmap ... 
2026-04-03 19:07:57 +0000  317 bytes for ./Payload/HP Smart Printer App - HPSmart.app/www/pdfjs-annotation-viewer/web/cmaps/Adobe-CNS1-0.bcmap
copying file ./Payload/HP Smart Printer App - HPSmart.app/www/pdfjs-annotation-viewer/web/cmaps/Adobe-Japan1-3.bcmap ... 
2026-04-03 19:07:57 +0000  242 bytes for ./Payload/HP Smart Printer App - HPSmart.app/www/pdfjs-annotation-viewer/web/cmaps/Adobe-Japan1-3.bcmap
2026-04-03 19:07:57 +0000  copying file ./Payload/HP Smart Printer App - HPSmart.app/www/pdfjs-annotation-viewer/web/cmaps/KSCpc-EUC-V.bcmap ... 
2026-04-03 19:07:57 +0000  166 bytes for ./Payload/HP Smart Printer App - HPSmart.app/www/pdfjs-annotation-viewer/web/cmaps/KSCpc-EUC-V.bcmap
2026-04-03 19:07:57 +0000  copying file ./Payload/HP Smart Printer App - HPSmart.app/www/pdfjs-annotation-viewer/web/cmaps/GBKp-EUC-V.bcmap ... 
181 bytes for ./Payload/HP Smart Printer App - HPSmart.app/www/pdfjs-annotation-viewer/web/cmaps/GBKp-EUC-V.bcmap
2026-04-03 19:07:57 +0000  copying file ./Payload/HP Smart Printer App - HPSmart.app/www/pdfjs-annotation-viewer/web/cmaps/78-EUC-H.bcmap ... 
2026-04-03 19:07:57 +0000  2404 bytes for ./Payload/HP Smart Printer App - HPSmart.app/www/pdfjs-annotation-viewer/web/cmaps/78-EUC-H.bcmap
2026-04-03 19:07:57 +0000  copying file ./Payload/HP Smart Printer App - HPSmart.app/www/pdfjs-annotation-viewer/web/cmaps/Roman.bcmap ... 
2026-04-03 19:07:57 +0000  96 bytes for ./Payload/HP Smart Printer App - HPSmart.app/www/pdfjs-annotation-viewer/web/cmaps/Roman.bcmap
2026-04-03 19:07:57 +0000  copying file ./Payload/HP Smart Printer App - HPSmart.app/www/pdfjs-annotation-viewer/web/cmaps/V.bcmap ... 
2026-04-03 19:07:57 +0000  166 bytes for ./Payload/HP Smart Printer App - HPSmart.app/www/pdfjs-annotation-viewer/web/cmaps/V.bcmap
copying file ./Payload/HP Smart Printer App - HPSmart.app/www/pdfjs-annotation-viewer/web/cmaps/ETenms-B5-V.bcmap ... 
2026-04-03 19:07:57 +0000  172 bytes for ./Payload/HP Smart Printer App - HPSmart.app/www/pdfjs-annotation-viewer/web/cmaps/ETenms-B5-V.bcmap
2026-04-03 19:07:57 +0000  copying file ./Payload/HP Smart Printer App - HPSmart.app/www/pdfjs-annotation-viewer/web/cmaps/HKdla-B5-H.bcmap ... 
2026-04-03 19:07:57 +0000  2654 bytes for ./Payload/HP Smart Printer App - HPSmart.app/www/pdfjs-annotation-viewer/web/cmaps/HKdla-B5-H.bcmap
2026-04-03 19:07:57 +0000  copying file ./Payload/HP Smart Printer App - HPSmart.app/www/pdfjs-annotation-viewer/web/cmaps/UniJISX0213-UTF32-V.bcmap ... 
2026-04-03 19:07:57 +0000  684 bytes for ./Payload/HP Smart Printer App - HPSmart.app/www/pdfjs-annotation-viewer/web/cmaps/UniJISX0213-UTF32-V.bcmap
2026-04-03 19:07:57 +0000  copying file ./Payload/HP Smart Printer App - HPSmart.app/www/pdfjs-annotation-viewer/web/cmaps/HKscs-B5-V.bcmap ... 
2026-04-03 19:07:57 +0000  159 bytes for ./Payload/HP Smart Printer App - HPSmart.app/www/pdfjs-annotation-viewer/web/cmaps/HKscs-B5-V.bcmap
2026-04-03 19:07:57 +0000  copying file ./Payload/HP Smart Printer App - HPSmart.app/www/pdfjs-annotation-viewer/web/cmaps/Adobe-Japan1-1.bcmap ... 
2026-04-03 19:07:57 +0000  226 bytes for ./Payload/HP Smart Printer App - HPSmart.app/www/pdfjs-annotation-viewer/web/cmaps/Adobe-Japan1-1.bcmap
2026-04-03 19:07:57 +0000  copying file ./Payload/HP Smart Printer App - HPSmart.app/www/pdfjs-annotation-viewer/web/cmaps/Adobe-CNS1-2.bcmap ... 
2026-04-03 19:07:57 +0000  376 bytes for ./Payload/HP Smart Printer App - HPSmart.app/www/pdfjs-annotation-viewer/web/cmaps/Adobe-CNS1-2.bcmap
2026-04-03 19:07:57 +0000  copying file ./Payload/HP Smart Printer App - HPSmart.app/www/pdfjs-annotation-viewer/web/cmaps/90msp-RKSJ-V.bcmap ... 
2026-04-03 19:07:57 +0000  291 bytes for ./Payload/HP Smart Printer App - HPSmart.app/www/pdfjs-annotation-viewer/web/cmaps/90msp-RKSJ-V.bcmap
2026-04-03 19:07:57 +0000  copying file ./Payload/HP Smart Printer App - HPSmart.app/www/pdfjs-annotation-viewer/web/cmaps/B5pc-V.bcmap ... 
2026-04-03 19:07:57 +0000  144 bytes for ./Payload/HP Smart Printer App - HPSmart.app/www/pdfjs-annotation-viewer/web/cmaps/B5pc-V.bcmap
2026-04-03 19:07:57 +0000  copying file ./Payload/HP Smart Printer App - HPSmart.app/www/pdfjs-annotation-viewer/web/cmaps/Adobe-GB1-1.bcmap ... 
2026-04-03 19:07:57 +0000  250 bytes for ./Payload/HP Smart Printer App - HPSmart.app/www/pdfjs-annotation-viewer/web/cmaps/Adobe-GB1-1.bcmap
2026-04-03 19:07:57 +0000  copying file ./Payload/HP Smart Printer App - HPSmart.app/www/pdfjs-annotation-viewer/web/cmaps/B5-H.bcmap ... 
2026-04-03 19:07:57 +0000  1086 bytes for ./Payload/HP Smart Printer App - HPSmart.app/www/pdfjs-annotation-viewer/web/cmaps/B5-H.bcmap
2026-04-03 19:07:57 +0000  copying file ./Payload/HP Smart Printer App - HPSmart.app/www/pdfjs-annotation-viewer/web/cmaps/UniCNS-UTF16-V.bcmap ... 
2026-04-03 19:07:57 +0000  156 bytes for ./Payload/HP Smart Printer App - HPSmart.app/www/pdfjs-annotation-viewer/web/cmaps/UniCNS-UTF16-V.bcmap
2026-04-03 19:07:57 +0000  copying file ./Payload/HP Smart Printer App - HPSmart.app/www/pdfjs-annotation-viewer/web/cmaps/UniGB-UTF16-H.bcmap ... 
2026-04-03 19:07:57 +0000  44086 bytes for ./Payload/HP Smart Printer App - HPSmart.app/www/pdfjs-annotation-viewer/web/cmaps/UniGB-UTF16-H.bcmap
2026-04-03 19:07:57 +0000  copying file ./Payload/HP Smart Printer App - HPSmart.app/www/pdfjs-annotation-viewer/web/cmaps/Hankaku.bcmap ... 
2026-04-03 19:07:57 +0000  132 bytes for ./Payload/HP Smart Printer App - HPSmart.app/www/pdfjs-annotation-viewer/web/cmaps/Hankaku.bcmap
2026-04-03 19:07:57 +0000  copying file ./Payload/HP Smart Printer App - HPSmart.app/www/pdfjs-annotation-viewer/web/cmaps/90ms-RKSJ-V.bcmap ... 
2026-04-03 19:07:57 +0000  290 bytes for ./Payload/HP Smart Printer App - HPSmart.app/www/pdfjs-annotation-viewer/web/cmaps/90ms-RKSJ-V.bcmap
2026-04-03 19:07:57 +0000  copying file ./Payload/HP Smart Printer App - HPSmart.app/www/pdfjs-annotation-viewer/web/cmaps/EUC-V.bcmap ... 
2026-04-03 19:07:57 +0000  170 bytes for ./Payload/HP Smart Printer App - HPSmart.app/www/pdfjs-annotation-viewer/web/cmaps/EUC-V.bcmap
2026-04-03 19:07:57 +0000  copying file ./Payload/HP Smart Printer App - HPSmart.app/www/pdfjs-annotation-viewer/web/cmaps/UniJIS2004-UTF16-H.bcmap ... 
2026-04-03 19:07:57 +0000  39534 bytes for ./Payload/HP Smart Printer App - HPSmart.app/www/pdfjs-annotation-viewer/web/cmaps/UniJIS2004-UTF16-H.bcmap
2026-04-03 19:07:57 +0000  copying file ./Payload/HP Smart Printer App - HPSmart.app/www/pdfjs-annotation-viewer/web/cmaps/UniJIS2004-UTF8-H.bcmap ... 
2026-04-03 19:07:57 +0000  41779 bytes for ./Payload/HP Smart Printer App - HPSmart.app/www/pdfjs-annotation-viewer/web/cmaps/UniJIS2004-UTF8-H.bcmap
2026-04-03 19:07:57 +0000  copying file ./Payload/HP Smart Printer App - HPSmart.app/www/pdfjs-annotation-viewer/web/cmaps/GBTpc-EUC-V.bcmap ... 
2026-04-03 19:07:57 +0000  182 bytes for ./Payload/HP Smart Printer App - HPSmart.app/www/pdfjs-annotation-viewer/web/cmaps/GBTpc-EUC-V.bcmap
2026-04-03 19:07:57 +0000  copying file ./Payload/HP Smart Printer App - HPSmart.app/www/pdfjs-annotation-viewer/web/cmaps/UniCNS-UTF32-H.bcmap ... 
2026-04-03 19:07:57 +0000  52679 bytes for ./Payload/HP Smart Printer App - HPSmart.app/www/pdfjs-annotation-viewer/web/cmaps/UniCNS-UTF32-H.bcmap
2026-04-03 19:07:57 +0000  copying file ./Payload/HP Smart Printer App - HPSmart.app/www/pdfjs-annotation-viewer/web/cmaps/UniGB-UTF32-V.bcmap ... 
2026-04-03 19:07:57 +0000  182 bytes for ./Payload/HP Smart Printer App - HPSmart.app/www/pdfjs-annotation-viewer/web/cmaps/UniGB-UTF32-V.bcmap
2026-04-03 19:07:57 +0000  copying file ./Payload/HP Smart Printer App - HPSmart.app/www/pdfjs-annotation-viewer/web/cmaps/GBT-H.bcmap ... 
2026-04-03 19:07:57 +0000  7269 bytes for ./Payload/HP Smart Printer App - HPSmart.app/www/pdfjs-annotation-viewer/web/cmaps/GBT-H.bcmap
2026-04-03 19:07:57 +0000  copying file ./Payload/HP Smart Printer App - HPSmart.app/www/pdfjs-annotation-viewer/web/cmaps/78-RKSJ-H.bcmap ... 
2026-04-03 19:07:57 +0000  2398 bytes for ./Payload/HP Smart Printer App - HPSmart.app/www/pdfjs-annotation-viewer/web/cmaps/78-RKSJ-H.bcmap
2026-04-03 19:07:57 +0000  copying file ./Payload/HP Smart Printer App - HPSmart.app/www/pdfjs-annotation-viewer/web/cmaps/78ms-RKSJ-H.bcmap ... 
2026-04-03 19:07:57 +0000  2651 bytes for ./Payload/HP Smart Printer App - HPSmart.app/www/pdfjs-annotation-viewer/web/cmaps/78ms-RKSJ-H.bcmap
2026-04-03 19:07:57 +0000  copying file ./Payload/HP Smart Printer App - HPSmart.app/www/pdfjs-annotation-viewer/web/cmaps/HKdlb-B5-H.bcmap ... 
2026-04-03 19:07:57 +0000  2414 bytes for ./Payload/HP Smart Printer App - HPSmart.app/www/pdfjs-annotation-viewer/web/cmaps/HKdlb-B5-H.bcmap
2026-04-03 19:07:57 +0000  copying file ./Payload/HP Smart Printer App - HPSmart.app/www/pdfjs-annotation-viewer/web/cmaps/83pv-RKSJ-H.bcmap ... 
2026-04-03 19:07:57 +0000  905 bytes for ./Payload/HP Smart Printer App - HPSmart.app/www/pdfjs-annotation-viewer/web/cmaps/83pv-RKSJ-H.bcmap
2026-04-03 19:07:57 +0000  copying file ./Payload/HP Smart Printer App - HPSmart.app/www/pdfjs-annotation-viewer/web/cmaps/GBT-EUC-H.bcmap ... 
2026-04-03 19:07:57 +0000  7290 bytes for ./Payload/HP Smart Printer App - HPSmart.app/www/pdfjs-annotation-viewer/web/cmaps/GBT-EUC-H.bcmap
2026-04-03 19:07:57 +0000  copying file ./Payload/HP Smart Printer App - HPSmart.app/www/pdfjs-annotation-viewer/web/cmaps/UniJIS2004-UTF32-V.bcmap ... 
2026-04-03 19:07:57 +0000  681 bytes for ./Payload/HP Smart Printer App - HPSmart.app/www/pdfjs-annotation-viewer/web/cmaps/UniJIS2004-UTF32-V.bcmap
2026-04-03 19:07:57 +0000  copying file ./Payload/HP Smart Printer App - HPSmart.app/www/pdfjs-annotation-viewer/web/cmaps/GBpc-EUC-V.bcmap ... 
2026-04-03 19:07:57 +0000  181 bytes for ./Payload/HP Smart Printer App - HPSmart.app/www/pdfjs-annotation-viewer/web/cmaps/GBpc-EUC-V.bcmap
2026-04-03 19:07:57 +0000  copying file ./Payload/HP Smart Printer App - HPSmart.app/www/pdfjs-annotation-viewer/web/cmaps/Adobe-Korea1-1.bcmap ... 
2026-04-03 19:07:57 +0000  386 bytes for ./Payload/HP Smart Printer App - HPSmart.app/www/pdfjs-annotation-viewer/web/cmaps/Adobe-Korea1-1.bcmap
2026-04-03 19:07:57 +0000  copying file ./Payload/HP Smart Printer App - HPSmart.app/www/pdfjs-annotation-viewer/web/cmaps/ETen-B5-H.bcmap ... 
2026-04-03 19:07:57 +0000  1125 bytes for ./Payload/HP Smart Printer App - HPSmart.app/www/pdfjs-annotation-viewer/web/cmaps/ETen-B5-H.bcmap
2026-04-03 19:07:57 +0000  copying file ./Payload/HP Smart Printer App - HPSmart.app/www/pdfjs-annotation-viewer/web/cmaps/KSCms-UHC-HW-H.bcmap ... 
2026-04-03 19:07:57 +0000  2789 bytes for ./Payload/HP Smart Printer App - HPSmart.app/www/pdfjs-annotation-viewer/web/cmaps/KSCms-UHC-HW-H.bcmap
2026-04-03 19:07:57 +0000  copying file ./Payload/HP Smart Printer App - HPSmart.app/www/pdfjs-annotation-viewer/web/cmaps/CNS1-V.bcmap ... 
2026-04-03 19:07:57 +0000  143 bytes for ./Payload/HP Smart Printer App - HPSmart.app/www/pdfjs-annotation-viewer/web/cmaps/CNS1-V.bcmap
2026-04-03 19:07:57 +0000  copying file ./Payload/HP Smart Printer App - HPSmart.app/www/pdfjs-annotation-viewer/web/cmaps/GBK-EUC-H.bcmap ... 
2026-04-03 19:07:57 +0000  14692 bytes for ./Payload/HP Smart Printer App - HPSmart.app/www/pdfjs-annotation-viewer/web/cmaps/GBK-EUC-H.bcmap
2026-04-03 19:07:57 +0000  copying file ./Payload/HP Smart Printer App - HPSmart.app/www/pdfjs-annotation-viewer/web/cmaps/Ext-V.bcmap ... 
2026-04-03 19:07:57 +0000  215 bytes for ./Payload/HP Smart Printer App - HPSmart.app/www/pdfjs-annotation-viewer/web/cmaps/Ext-V.bcmap
2026-04-03 19:07:57 +0000  copying file ./Payload/HP Smart Printer App - HPSmart.app/www/pdfjs-annotation-viewer/web/cmaps/Adobe-GB1-3.bcmap ... 
2026-04-03 19:07:57 +0000  470 bytes for ./Payload/HP Smart Printer App - HPSmart.app/www/pdfjs-annotation-viewer/web/cmaps/Adobe-GB1-3.bcmap
2026-04-03 19:07:57 +0000  copying file ./Payload/HP Smart Printer App - HPSmart.app/www/pdfjs-annotation-viewer/web/cmaps/UniJIS-UCS2-H.bcmap ... 
2026-04-03 19:07:57 +0000  25439 bytes for ./Payload/HP Smart Printer App - HPSmart.app/www/pdfjs-annotation-viewer/web/cmaps/UniJIS-UCS2-H.bcmap
2026-04-03 19:07:57 +0000  copying file ./Payload/HP Smart Printer App - HPSmart.app/www/pdfjs-annotation-viewer/web/cmaps/CNS2-H.bcmap ... 
2026-04-03 19:07:57 +0000  504 bytes for ./Payload/HP Smart Printer App - HPSmart.app/www/pdfjs-annotation-viewer/web/cmaps/CNS2-H.bcmap
2026-04-03 19:07:57 +0000  copying file ./Payload/HP Smart Printer App - HPSmart.app/www/pdfjs-annotation-viewer/web/cmaps/UniKS-UTF16-V.bcmap ... 
2026-04-03 19:07:57 +0000  164 bytes for ./Payload/HP Smart Printer App - HPSmart.app/www/pdfjs-annotation-viewer/web/cmaps/UniKS-UTF16-V.bcmap
2026-04-03 19:07:57 +0000  copying file ./Payload/HP Smart Printer App - HPSmart.app/www/pdfjs-annotation-viewer/web/cmaps/NWP-V.bcmap ... 
2026-04-03 19:07:57 +0000  252 bytes for ./Payload/HP Smart Printer App - HPSmart.app/www/pdfjs-annotation-viewer/web/cmaps/NWP-V.bcmap
2026-04-03 19:07:57 +0000  copying file ./Payload/HP Smart Printer App - HPSmart.app/www/pdfjs-annotation-viewer/web/cmaps/KSCms-UHC-V.bcmap ... 
2026-04-03 19:07:57 +0000  166 bytes for ./Payload/HP Smart Printer App - HPSmart.app/www/pdfjs-annotation-viewer/web/cmaps/KSCms-UHC-V.bcmap
2026-04-03 19:07:57 +0000  copying file ./Payload/HP Smart Printer App - HPSmart.app/www/pdfjs-annotation-viewer/web/cmaps/GB-V.bcmap ... 
2026-04-03 19:07:57 +0000  175 bytes for ./Payload/HP Smart Printer App - HPSmart.app/www/pdfjs-annotation-viewer/web/cmaps/GB-V.bcmap
2026-04-03 19:07:57 +0000  copying file ./Payload/HP Smart Printer App - HPSmart.app/www/pdfjs-annotation-viewer/web/cmaps/UniJIS-UTF32-V.bcmap ... 
2026-04-03 19:07:57 +0000  677 bytes for ./Payload/HP Smart Printer App - HPSmart.app/www/pdfjs-annotation-viewer/web/cmaps/UniJIS-UTF32-V.bcmap
2026-04-03 19:07:57 +0000  copying file ./Payload/HP Smart Printer App - HPSmart.app/www/pdfjs-annotation-viewer/web/cmaps/UniJIS-UCS2-HW-H.bcmap ... 
2026-04-03 19:07:57 +0000  119 bytes for ./Payload/HP Smart Printer App - HPSmart.app/www/pdfjs-annotation-viewer/web/cmaps/UniJIS-UCS2-HW-H.bcmap
2026-04-03 19:07:57 +0000  copying file ./Payload/HP Smart Printer App - HPSmart.app/www/pdfjs-annotation-viewer/web/cmaps/UniCNS-UCS2-H.bcmap ... 
2026-04-03 19:07:57 +0000  48280 bytes for ./Payload/HP Smart Printer App - HPSmart.app/www/pdfjs-annotation-viewer/web/cmaps/UniCNS-UCS2-H.bcmap
2026-04-03 19:07:57 +0000  copying file ./Payload/HP Smart Printer App - HPSmart.app/www/pdfjs-annotation-viewer/web/cmaps/UniJISX02132004-UTF32-H.bcmap ... 
2026-04-03 19:07:57 +0000  40608 bytes for ./Payload/HP Smart Printer App - HPSmart.app/www/pdfjs-annotation-viewer/web/cmaps/UniJISX02132004-UTF32-H.bcmap
2026-04-03 19:07:57 +0000  copying file ./Payload/HP Smart Printer App - HPSmart.app/www/pdfjs-annotation-viewer/web/cmaps/UniGB-UTF8-H.bcmap ... 
2026-04-03 19:07:57 +0000  46837 bytes for ./Payload/HP Smart Printer App - HPSmart.app/www/pdfjs-annotation-viewer/web/cmaps/UniGB-UTF8-H.bcmap
2026-04-03 19:07:57 +0000  copying file ./Payload/HP Smart Printer App - HPSmart.app/www/pdfjs-annotation-viewer/web/cmaps/GB-EUC-V.bcmap ... 
2026-04-03 19:07:57 +0000  179 bytes for ./Payload/HP Smart Printer App - HPSmart.app/www/pdfjs-annotation-viewer/web/cmaps/GB-EUC-V.bcmap
2026-04-03 19:07:57 +0000  copying file ./Payload/HP Smart Printer App - HPSmart.app/www/pdfjs-annotation-viewer/web/cmaps/UniJIS-UTF16-H.bcmap ... 
2026-04-03 19:07:57 +0000  39443 bytes for ./Payload/HP Smart Printer App - HPSmart.app/www/pdfjs-annotation-viewer/web/cmaps/UniJIS-UTF16-H.bcmap
2026-04-03 19:07:57 +0000  copying file ./Payload/HP Smart Printer App - HPSmart.app/www/pdfjs-annotation-viewer/web/cmaps/Adobe-GB1-5.bcmap ... 
2026-04-03 19:07:57 +0000  625 bytes for ./Payload/HP Smart Printer App - HPSmart.app/www/pdfjs-annotation-viewer/web/cmaps/Adobe-GB1-5.bcmap
2026-04-03 19:07:57 +0000  copying file ./Payload/HP Smart Printer App - HPSmart.app/www/pdfjs-annotation-viewer/web/cmaps/UniKS-UTF8-H.bcmap ... 
2026-04-03 19:07:57 +0000  27790 bytes for ./Payload/HP Smart Printer App - HPSmart.app/www/pdfjs-annotation-viewer/web/cmaps/UniKS-UTF8-H.bcmap
2026-04-03 19:07:57 +0000  copying file ./Payload/HP Smart Printer App - HPSmart.app/www/pdfjs-annotation-viewer/web/cmaps/UniKS-UTF32-H.bcmap ... 
2026-04-03 19:07:57 +0000  26451 bytes for ./Payload/HP Smart Printer App - HPSmart.app/www/pdfjs-annotation-viewer/web/cmaps/UniKS-UTF32-H.bcmap
2026-04-03 19:07:57 +0000  copying file ./Payload/HP Smart Printer App - HPSmart.app/www/pdfjs-annotation-viewer/web/cmaps/90pv-RKSJ-H.bcmap ... 
2026-04-03 19:07:57 +0000  982 bytes for ./Payload/HP Smart Printer App - HPSmart.app/www/pdfjs-annotation-viewer/web/cmaps/90pv-RKSJ-H.bcmap
2026-04-03 19:07:57 +0000  copying file ./Payload/HP Smart Printer App - HPSmart.app/www/pdfjs-annotation-viewer/web/cmaps/GBK2K-V.bcmap ... 
2026-04-03 19:07:57 +0000  219 bytes for ./Payload/HP Smart Printer App - HPSmart.app/www/pdfjs-annotation-viewer/web/cmaps/GBK2K-V.bcmap
2026-04-03 19:07:57 +0000  copying file ./Payload/HP Smart Printer App - HPSmart.app/www/pdfjs-annotation-viewer/web/cmaps/Ext-RKSJ-V.bcmap ... 
2026-04-03 19:07:57 +0000  218 bytes for ./Payload/HP Smart Printer App - HPSmart.app/www/pdfjs-annotation-viewer/web/cmaps/Ext-RKSJ-V.bcmap
2026-04-03 19:07:57 +0000  copying file ./Payload/HP Smart Printer App - HPSmart.app/www/pdfjs-annotation-viewer/web/cmaps/UniCNS-UCS2-V.bcmap ... 
2026-04-03 19:07:57 +0000  156 bytes for ./Payload/HP Smart Printer App - HPSmart.app/www/pdfjs-annotation-viewer/web/cmaps/UniCNS-UCS2-V.bcmap
2026-04-03 19:07:57 +0000  copying file ./Payload/HP Smart Printer App - HPSmart.app/www/pdfjs-annotation-viewer/web/cmaps/UniJIS-UCS2-HW-V.bcmap ... 
2026-04-03 19:07:57 +0000  680 bytes for ./Payload/HP Smart Printer App - HPSmart.app/www/pdfjs-annotation-viewer/web/cmaps/UniJIS-UCS2-HW-V.bcmap
2026-04-03 19:07:57 +0000  copying file ./Payload/HP Smart Printer App - HPSmart.app/www/pdfjs-annotation-viewer/web/cmaps/UniJIS-UTF32-H.bcmap ... 
2026-04-03 19:07:57 +0000  40539 bytes for ./Payload/HP Smart Printer App - HPSmart.app/www/pdfjs-annotation-viewer/web/cmaps/UniJIS-UTF32-H.bcmap
2026-04-03 19:07:57 +0000  copying file ./Payload/HP Smart Printer App - HPSmart.app/www/pdfjs-annotation-viewer/web/cmaps/GB-H.bcmap ... 
2026-04-03 19:07:57 +0000  528 bytes for ./Payload/HP Smart Printer App - HPSmart.app/www/pdfjs-annotation-viewer/web/cmaps/GB-H.bcmap
copying file ./Payload/HP Smart Printer App - HPSmart.app/www/pdfjs-annotation-viewer/web/cmaps/KSCms-UHC-H.bcmap ... 
2026-04-03 19:07:57 +0000  2787 bytes for ./Payload/HP Smart Printer App - HPSmart.app/www/pdfjs-annotation-viewer/web/cmaps/KSCms-UHC-H.bcmap
2026-04-03 19:07:57 +0000  copying file ./Payload/HP Smart Printer App - HPSmart.app/www/pdfjs-annotation-viewer/web/cmaps/NWP-H.bcmap ... 
2026-04-03 19:07:57 +0000  2765 bytes for ./Payload/HP Smart Printer App - HPSmart.app/www/pdfjs-annotation-viewer/web/cmaps/NWP-H.bcmap
2026-04-03 19:07:57 +0000  copying file ./Payload/HP Smart Printer App - HPSmart.app/www/pdfjs-annotation-viewer/web/cmaps/UniKS-UTF16-H.bcmap ... 
2026-04-03 19:07:57 +0000  26327 bytes for ./Payload/HP Smart Printer App - HPSmart.app/www/pdfjs-annotation-viewer/web/cmaps/UniKS-UTF16-H.bcmap
2026-04-03 19:07:57 +0000  copying file ./Payload/HP Smart Printer App - HPSmart.app/www/pdfjs-annotation-viewer/web/cmaps/Adobe-GB1-2.bcmap ... 
2026-04-03 19:07:57 +0000  465 bytes for ./Payload/HP Smart Printer App - HPSmart.app/www/pdfjs-annotation-viewer/web/cmaps/Adobe-GB1-2.bcmap
2026-04-03 19:07:57 +0000  copying file ./Payload/HP Smart Printer App - HPSmart.app/www/pdfjs-annotation-viewer/web/cmaps/CNS2-V.bcmap ... 
2026-04-03 19:07:57 +0000  93 bytes for ./Payload/HP Smart Printer App - HPSmart.app/www/pdfjs-annotation-viewer/web/cmaps/CNS2-V.bcmap
2026-04-03 19:07:57 +0000  copying file ./Payload/HP Smart Printer App - HPSmart.app/www/pdfjs-annotation-viewer/web/cmaps/Hiragana.bcmap ... 
2026-04-03 19:07:57 +0000  124 bytes for ./Payload/HP Smart Printer App - HPSmart.app/www/pdfjs-annotation-viewer/web/cmaps/Hiragana.bcmap
2026-04-03 19:07:57 +0000  copying file ./Payload/HP Smart Printer App - HPSmart.app/www/pdfjs-annotation-viewer/web/cmaps/UniJIS-UCS2-V.bcmap ... 
2026-04-03 19:07:57 +0000  664 bytes for ./Payload/HP Smart Printer App - HPSmart.app/www/pdfjs-annotation-viewer/web/cmaps/UniJIS-UCS2-V.bcmap
2026-04-03 19:07:57 +0000  copying file ./Payload/HP Smart Printer App - HPSmart.app/www/pdfjs-annotation-viewer/web/cmaps/Adobe-Korea1-0.bcmap ... 
2026-04-03 19:07:57 +0000  241 bytes for ./Payload/HP Smart Printer App - HPSmart.app/www/pdfjs-annotation-viewer/web/cmaps/Adobe-Korea1-0.bcmap
2026-04-03 19:07:57 +0000  copying file ./Payload/HP Smart Printer App - HPSmart.app/www/pdfjs-annotation-viewer/web/cmaps/GBK2K-H.bcmap ... 
2026-04-03 19:07:57 +0000  19662 bytes for ./Payload/HP Smart Printer App - HPSmart.app/www/pdfjs-annotation-viewer/web/cmaps/GBK2K-H.bcmap
2026-04-03 19:07:57 +0000  copying file ./Payload/HP Smart Printer App - HPSmart.app/www/pdfjs-annotation-viewer/web/cmaps/90pv-RKSJ-V.bcmap ... 
2026-04-03 19:07:57 +0000  260 bytes for ./Payload/HP Smart Printer App - HPSmart.app/www/pdfjs-annotation-viewer/web/cmaps/90pv-RKSJ-V.bcmap
2026-04-03 19:07:57 +0000  copying file ./Payload/HP Smart Printer App - HPSmart.app/www/pdfjs-annotation-viewer/web/cmaps/Ext-RKSJ-H.bcmap ... 
2026-04-03 19:07:57 +0000  2542 bytes for ./Payload/HP Smart Printer App - HPSmart.app/www/pdfjs-annotation-viewer/web/cmaps/Ext-RKSJ-H.bcmap
2026-04-03 19:07:57 +0000  copying file ./Payload/HP Smart Printer App - HPSmart.app/www/pdfjs-annotation-viewer/web/cmaps/Adobe-Korea1-2.bcmap ... 
2026-04-03 19:07:57 +0000  391 bytes for ./Payload/HP Smart Printer App - HPSmart.app/www/pdfjs-annotation-viewer/web/cmaps/Adobe-Korea1-2.bcmap
2026-04-03 19:07:57 +0000  copying file ./Payload/HP Smart Printer App - HPSmart.app/www/pdfjs-annotation-viewer/web/cmaps/UniKS-UTF32-V.bcmap ... 
2026-04-03 19:07:57 +0000  168 bytes for ./Payload/HP Smart Printer App - HPSmart.app/www/pdfjs-annotation-viewer/web/cmaps/UniKS-UTF32-V.bcmap
2026-04-03 19:07:57 +0000  copying file ./Payload/HP Smart Printer App - HPSmart.app/www/pdfjs-annotation-viewer/web/cmaps/UniKS-UTF8-V.bcmap ... 
2026-04-03 19:07:57 +0000  169 bytes for ./Payload/HP Smart Printer App - HPSmart.app/www/pdfjs-annotation-viewer/web/cmaps/UniKS-UTF8-V.bcmap
2026-04-03 19:07:57 +0000  copying file ./Payload/HP Smart Printer App - HPSmart.app/www/pdfjs-annotation-viewer/web/cmaps/Adobe-GB1-0.bcmap ... 
2026-04-03 19:07:57 +0000  217 bytes for ./Payload/HP Smart Printer App - HPSmart.app/www/pdfjs-annotation-viewer/web/cmaps/Adobe-GB1-0.bcmap
2026-04-03 19:07:57 +0000  copying file ./Payload/HP Smart Printer App - HPSmart.app/www/pdfjs-annotation-viewer/web/cmaps/UniJIS-UTF16-V.bcmap ... 
2026-04-03 19:07:57 +0000  643 bytes for ./Payload/HP Smart Printer App - HPSmart.app/www/pdfjs-annotation-viewer/web/cmaps/UniJIS-UTF16-V.bcmap
2026-04-03 19:07:57 +0000  copying file ./Payload/HP Smart Printer App - HPSmart.app/www/pdfjs-annotation-viewer/web/cmaps/UniJISPro-UCS2-V.bcmap ... 
2026-04-03 19:07:57 +0000  689 bytes for ./Payload/HP Smart Printer App - HPSmart.app/www/pdfjs-annotation-viewer/web/cmaps/UniJISPro-UCS2-V.bcmap
2026-04-03 19:07:57 +0000  copying file ./Payload/HP Smart Printer App - HPSmart.app/www/pdfjs-annotation-viewer/web/cmaps/GB-EUC-H.bcmap ... 
2026-04-03 19:07:57 +0000  549 bytes for ./Payload/HP Smart Printer App - HPSmart.app/www/pdfjs-annotation-viewer/web/cmaps/GB-EUC-H.bcmap
2026-04-03 19:07:57 +0000  copying file ./Payload/HP Smart Printer App - HPSmart.app/www/pdfjs-annotation-viewer/web/cmaps/UniGB-UTF8-V.bcmap ... 
2026-04-03 19:07:57 +0000  181 bytes for ./Payload/HP Smart Printer App - HPSmart.app/www/pdfjs-annotation-viewer/web/cmaps/UniGB-UTF8-V.bcmap
2026-04-03 19:07:57 +0000  copying file ./Payload/HP Smart Printer App - HPSmart.app/www/pdfjs-annotation-viewer/web/cmaps/UniJISX02132004-UTF32-V.bcmap ... 
2026-04-03 19:07:57 +0000  688 bytes for ./Payload/HP Smart Printer App - HPSmart.app/www/pdfjs-annotation-viewer/web/cmaps/UniJISX02132004-UTF32-V.bcmap
2026-04-03 19:07:57 +0000  copying file ./Payload/HP Smart Printer App - HPSmart.app/www/pdfjs-annotation-viewer/web/cmaps/GBTpc-EUC-H.bcmap ... 
2026-04-03 19:07:57 +0000  7298 bytes for ./Payload/HP Smart Printer App - HPSmart.app/www/pdfjs-annotation-viewer/web/cmaps/GBTpc-EUC-H.bcmap
2026-04-03 19:07:57 +0000  copying file ./Payload/HP Smart Printer App - HPSmart.app/www/pdfjs-annotation-viewer/web/cmaps/Adobe-GB1-UCS2.bcmap ... 
2026-04-03 19:07:57 +0000  33974 bytes for ./Payload/HP Smart Printer App - HPSmart.app/www/pdfjs-annotation-viewer/web/cmaps/Adobe-GB1-UCS2.bcmap
2026-04-03 19:07:57 +0000  copying file ./Payload/HP Smart Printer App - HPSmart.app/www/pdfjs-annotation-viewer/web/cmaps/UniJIS2004-UTF16-V.bcmap ... 
2026-04-03 19:07:57 +0000  647 bytes for ./Payload/HP Smart Printer App - HPSmart.app/www/pdfjs-annotation-viewer/web/cmaps/UniJIS2004-UTF16-V.bcmap
2026-04-03 19:07:57 +0000  copying file ./Payload/HP Smart Printer App - HPSmart.app/www/pdfjs-annotation-viewer/web/cmaps/UniJIS2004-UTF8-V.bcmap ... 
2026-04-03 19:07:57 +0000  682 bytes for ./Payload/HP Smart Printer App - HPSmart.app/www/pdfjs-annotation-viewer/web/cmaps/UniJIS2004-UTF8-V.bcmap
2026-04-03 19:07:57 +0000  copying file ./Payload/HP Smart Printer App - HPSmart.app/www/pdfjs-annotation-viewer/web/cmaps/90ms-RKSJ-H.bcmap ... 
2026-04-03 19:07:57 +0000  721 bytes for ./Payload/HP Smart Printer App - HPSmart.app/www/pdfjs-annotation-viewer/web/cmaps/90ms-RKSJ-H.bcmap
2026-04-03 19:07:57 +0000  copying file ./Payload/HP Smart Printer App - HPSmart.app/www/pdfjs-annotation-viewer/web/cmaps/EUC-H.bcmap ... 
2026-04-03 19:07:57 +0000  578 bytes for ./Payload/HP Smart Printer App - HPSmart.app/www/pdfjs-annotation-viewer/web/cmaps/EUC-H.bcmap
2026-04-03 19:07:57 +0000  copying file ./Payload/HP Smart Printer App - HPSmart.app/www/pdfjs-annotation-viewer/web/cmaps/UniGB-UTF16-V.bcmap ... 
2026-04-03 19:07:57 +0000  178 bytes for ./Payload/HP Smart Printer App - HPSmart.app/www/pdfjs-annotation-viewer/web/cmaps/UniGB-UTF16-V.bcmap
2026-04-03 19:07:57 +0000  copying file ./Payload/HP Smart Printer App - HPSmart.app/www/pdfjs-annotation-viewer/web/cmaps/UniCNS-UTF16-H.bcmap ... 
2026-04-03 19:07:57 +0000  50419 bytes for ./Payload/HP Smart Printer App - HPSmart.app/www/pdfjs-annotation-viewer/web/cmaps/UniCNS-UTF16-H.bcmap
2026-04-03 19:07:57 +0000  copying file ./Payload/HP Smart Printer App - HPSmart.app/www/pdfjs-annotation-viewer/web/cmaps/B5pc-H.bcmap ... 
2026-04-03 19:07:57 +0000  1099 bytes for ./Payload/HP Smart Printer App - HPSmart.app/www/pdfjs-annotation-viewer/web/cmaps/B5pc-H.bcmap
2026-04-03 19:07:57 +0000  copying file ./Payload/HP Smart Printer App - HPSmart.app/www/pdfjs-annotation-viewer/web/cmaps/90msp-RKSJ-H.bcmap ... 
2026-04-03 19:07:57 +0000  715 bytes for ./Payload/HP Smart Printer App - HPSmart.app/www/pdfjs-annotation-viewer/web/cmaps/90msp-RKSJ-H.bcmap
2026-04-03 19:07:57 +0000  copying file ./Payload/HP Smart Printer App - HPSmart.app/www/pdfjs-annotation-viewer/web/cmaps/B5-V.bcmap ... 
2026-04-03 19:07:57 +0000  142 bytes for ./Payload/HP Smart Printer App - HPSmart.app/www/pdfjs-annotation-viewer/web/cmaps/B5-V.bcmap
2026-04-03 19:07:57 +0000  copying file ./Payload/HP Smart Printer App - HPSmart.app/www/pdfjs-annotation-viewer/web/cmaps/Adobe-GB1-4.bcmap ... 
2026-04-03 19:07:57 +0000  601 bytes for ./Payload/HP Smart Printer App - HPSmart.app/www/pdfjs-annotation-viewer/web/cmaps/Adobe-GB1-4.bcmap
2026-04-03 19:07:57 +0000  copying file ./Payload/HP Smart Printer App - HPSmart.app/www/pdfjs-annotation-viewer/web/cmaps/Ext-H.bcmap ... 
2026-04-03 19:07:57 +0000  2536 bytes for ./Payload/HP Smart Printer App - HPSmart.app/www/pdfjs-annotation-viewer/web/cmaps/Ext-H.bcmap
2026-04-03 19:07:57 +0000  copying file ./Payload/HP Smart Printer App - HPSmart.app/www/pdfjs-annotation-viewer/web/cmaps/GBK-EUC-V.bcmap ... 
2026-04-03 19:07:57 +0000  180 bytes for ./Payload/HP Smart Printer App - HPSmart.app/www/pdfjs-annotation-viewer/web/cmaps/GBK-EUC-V.bcmap
2026-04-03 19:07:57 +0000  copying file ./Payload/HP Smart Printer App - HPSmart.app/www/pdfjs-annotation-viewer/web/cmaps/CNS1-H.bcmap ... 
2026-04-03 19:07:57 +0000  706 bytes for ./Payload/HP Smart Printer App - HPSmart.app/www/pdfjs-annotation-viewer/web/cmaps/CNS1-H.bcmap
2026-04-03 19:07:57 +0000  copying file ./Payload/HP Smart Printer App - HPSmart.app/www/pdfjs-annotation-viewer/web/cmaps/ETen-B5-V.bcmap ... 
2026-04-03 19:07:57 +0000  158 bytes for ./Payload/HP Smart Printer App - HPSmart.app/www/pdfjs-annotation-viewer/web/cmaps/ETen-B5-V.bcmap
2026-04-03 19:07:57 +0000  copying file ./Payload/HP Smart Printer App - HPSmart.app/www/pdfjs-annotation-viewer/web/cmaps/KSCms-UHC-HW-V.bcmap ... 
2026-04-03 19:07:57 +0000  169 bytes for ./Payload/HP Smart Printer App - HPSmart.app/www/pdfjs-annotation-viewer/web/cmaps/KSCms-UHC-HW-V.bcmap
2026-04-03 19:07:57 +0000  copying file ./Payload/HP Smart Printer App - HPSmart.app/www/pdfjs-annotation-viewer/web/cmaps/UniJIS2004-UTF32-H.bcmap ... 
2026-04-03 19:07:57 +0000  40630 bytes for ./Payload/HP Smart Printer App - HPSmart.app/www/pdfjs-annotation-viewer/web/cmaps/UniJIS2004-UTF32-H.bcmap
2026-04-03 19:07:57 +0000  copying file ./Payload/HP Smart Printer App - HPSmart.app/www/pdfjs-annotation-viewer/web/cmaps/GBpc-EUC-H.bcmap ... 
2026-04-03 19:07:57 +0000  557 bytes for ./Payload/HP Smart Printer App - HPSmart.app/www/pdfjs-annotation-viewer/web/cmaps/GBpc-EUC-H.bcmap
2026-04-03 19:07:57 +0000  copying file ./Payload/HP Smart Printer App - HPSmart.app/www/pdfjs-annotation-viewer/web/cmaps/GBT-EUC-V.bcmap ... 
2026-04-03 19:07:57 +0000  180 bytes for ./Payload/HP Smart Printer App - HPSmart.app/www/pdfjs-annotation-viewer/web/cmaps/GBT-EUC-V.bcmap
2026-04-03 19:07:57 +0000  copying file ./Payload/HP Smart Printer App - HPSmart.app/www/pdfjs-annotation-viewer/web/cmaps/HKdlb-B5-V.bcmap ... 
2026-04-03 19:07:57 +0000  148 bytes for ./Payload/HP Smart Printer App - HPSmart.app/www/pdfjs-annotation-viewer/web/cmaps/HKdlb-B5-V.bcmap
2026-04-03 19:07:57 +0000  copying file ./Payload/HP Smart Printer App - HPSmart.app/www/pdfjs-annotation-viewer/web/cmaps/78ms-RKSJ-V.bcmap ... 
2026-04-03 19:07:57 +0000  290 bytes for ./Payload/HP Smart Printer App - HPSmart.app/www/pdfjs-annotation-viewer/web/cmaps/78ms-RKSJ-V.bcmap
2026-04-03 19:07:57 +0000  copying file ./Payload/HP Smart Printer App - HPSmart.app/www/pdfjs-annotation-viewer/web/cmaps/78-RKSJ-V.bcmap ... 
2026-04-03 19:07:57 +0000  173 bytes for ./Payload/HP Smart Printer App - HPSmart.app/www/pdfjs-annotation-viewer/web/cmaps/78-RKSJ-V.bcmap
2026-04-03 19:07:57 +0000  copying file ./Payload/HP Smart Printer App - HPSmart.app/www/pdfjs-annotation-viewer/web/cmaps/GBT-V.bcmap ... 
2026-04-03 19:07:57 +0000  176 bytes for ./Payload/HP Smart Printer App - HPSmart.app/www/pdfjs-annotation-viewer/web/cmaps/GBT-V.bcmap
2026-04-03 19:07:57 +0000  copying file ./Payload/HP Smart Printer App - HPSmart.app/www/pdfjs-annotation-viewer/web/cmaps/UniGB-UTF32-H.bcmap ... 
2026-04-03 19:07:57 +0000  45738 bytes for ./Payload/HP Smart Printer App - HPSmart.app/www/pdfjs-annotation-viewer/web/cmaps/UniGB-UTF32-H.bcmap
2026-04-03 19:07:57 +0000  copying file ./Payload/HP Smart Printer App - HPSmart.app/www/pdfjs-annotation-viewer/web/cmaps/UniCNS-UTF32-V.bcmap ... 
2026-04-03 19:07:57 +0000  160 bytes for ./Payload/HP Smart Printer App - HPSmart.app/www/pdfjs-annotation-viewer/web/cmaps/UniCNS-UTF32-V.bcmap
2026-04-03 19:07:57 +0000  copying file ./Payload/HP Smart Printer App - HPSmart.app/www/pdfjs-annotation-viewer/web/viewer.html ... 
2026-04-03 19:07:57 +0000  35997 bytes for ./Payload/HP Smart Printer App - HPSmart.app/www/pdfjs-annotation-viewer/web/viewer.html
2026-04-03 19:07:57 +0000  copying file ./Payload/HP Smart Printer App - HPSmart.app/www/pdfjs-annotation-viewer/web/viewer.mjs.map ... 
2026-04-03 19:07:57 +0000  1219047 bytes for ./Payload/HP Smart Printer App - HPSmart.app/www/pdfjs-annotation-viewer/web/viewer.mjs.map
2026-04-03 19:07:57 +0000  copying file ./Payload/HP Smart Printer App - HPSmart.app/www/pdfjs-annotation-viewer/web/viewer.css ... 
2026-04-03 19:07:57 +0000  120721 bytes for ./Payload/HP Smart Printer App - HPSmart.app/www/pdfjs-annotation-viewer/web/viewer.css
copying file ./Payload/HP Smart Printer App - HPSmart.app/www/pdfjs-annotation-viewer/pdfjs-annotation-extension-testdata.json ... 
2026-04-03 19:07:57 +0000  58945 bytes for ./Payload/HP Smart Printer App - HPSmart.app/www/pdfjs-annotation-viewer/pdfjs-annotation-extension-testdata.json
2026-04-03 19:07:57 +0000  copying file ./Payload/HP Smart Printer App - HPSmart.app/www/pdfjs-annotation-viewer/build/pdf.worker.mjs.map ... 
2026-04-03 19:07:58 +0000  5179675 bytes for ./Payload/HP Smart Printer App - HPSmart.app/www/pdfjs-annotation-viewer/build/pdf.worker.mjs.map
2026-04-03 19:07:58 +0000  copying file ./Payload/HP Smart Printer App - HPSmart.app/www/pdfjs-annotation-viewer/build/pdf.js ... 
2026-04-03 19:07:58 +0000  602305 bytes for ./Payload/HP Smart Printer App - HPSmart.app/www/pdfjs-annotation-viewer/build/pdf.js
2026-04-03 19:07:58 +0000  copying file ./Payload/HP Smart Printer App - HPSmart.app/www/pdfjs-annotation-viewer/build/pdf.sandbox.js ... 
2026-04-03 19:07:58 +0000  725436 bytes for ./Payload/HP Smart Printer App - HPSmart.app/www/pdfjs-annotation-viewer/build/pdf.sandbox.js
2026-04-03 19:07:58 +0000  copying file ./Payload/HP Smart Printer App - HPSmart.app/www/pdfjs-annotation-viewer/build/pdf.worker.js ... 
2026-04-03 19:07:58 +0000  2163376 bytes for ./Payload/HP Smart Printer App - HPSmart.app/www/pdfjs-annotation-viewer/build/pdf.worker.js
2026-04-03 19:07:58 +0000  copying file ./Payload/HP Smart Printer App - HPSmart.app/www/pdfjs-annotation-viewer/build/pdf.mjs.map ... 
2026-04-03 19:07:58 +0000  1608100 bytes for ./Payload/HP Smart Printer App - HPSmart.app/www/pdfjs-annotation-viewer/build/pdf.mjs.map
2026-04-03 19:07:58 +0000  copying file ./Payload/HP Smart Printer App - HPSmart.app/www/pdfjs-annotation-viewer/build/pdf.sandbox.mjs.map ... 
2026-04-03 19:07:58 +0000  646048 bytes for ./Payload/HP Smart Printer App - HPSmart.app/www/pdfjs-annotation-viewer/build/pdf.sandbox.mjs.map
2026-04-03 19:07:58 +0000  copying file ./Payload/HP Smart Printer App - HPSmart.app/www/404.html ... 
2026-04-03 19:07:58 +0000  7651 bytes for ./Payload/HP Smart Printer App - HPSmart.app/www/404.html
2026-04-03 19:07:58 +0000  copying file ./Payload/HP Smart Printer App - HPSmart.app/www/libreoffice-wasm/soffice.wasm.gz ... 
2026-04-03 19:07:59 +0000  48763638 bytes for ./Payload/HP Smart Printer App - HPSmart.app/www/libreoffice-wasm/soffice.wasm.gz
2026-04-03 19:07:59 +0000  copying file ./Payload/HP Smart Printer App - HPSmart.app/www/libreoffice-wasm/soffice.data.gz ... 
2026-04-03 19:08:00 +0000  28604373 bytes for ./Payload/HP Smart Printer App - HPSmart.app/www/libreoffice-wasm/soffice.data.gz
2026-04-03 19:08:00 +0000  copying file ./Payload/HP Smart Printer App - HPSmart.app/www/libreoffice-wasm/browser.worker.global.js ... 
2026-04-03 19:08:00 +0000  123296 bytes for ./Payload/HP Smart Printer App - HPSmart.app/www/libreoffice-wasm/browser.worker.global.js
2026-04-03 19:08:00 +0000  copying file ./Payload/HP Smart Printer App - HPSmart.app/www/libreoffice-wasm/soffice.worker.js ... 
2026-04-03 19:08:00 +0000  3221 bytes for ./Payload/HP Smart Printer App - HPSmart.app/www/libreoffice-wasm/soffice.worker.js
2026-04-03 19:08:00 +0000  copying file ./Payload/HP Smart Printer App - HPSmart.app/www/libreoffice-wasm/soffice.js ... 
2026-04-03 19:08:00 +0000  444077 bytes for ./Payload/HP Smart Printer App - HPSmart.app/www/libreoffice-wasm/soffice.js
2026-04-03 19:08:00 +0000  copying file ./Payload/HP Smart Printer App - HPSmart.app/www/pymupdf-wasm/fonttools-4.56.0-py3-none-any.whl ... 
2026-04-03 19:08:00 +0000  1089800 bytes for ./Payload/HP Smart Printer App - HPSmart.app/www/pymupdf-wasm/fonttools-4.56.0-py3-none-any.whl
2026-04-03 19:08:00 +0000  copying file ./Payload/HP Smart Printer App - HPSmart.app/www/pymupdf-wasm/pytz-2025.1-py2.py3-none-any.whl ... 
2026-04-03 19:08:00 +0000  507930 bytes for ./Payload/HP Smart Printer App - HPSmart.app/www/pymupdf-wasm/pytz-2025.1-py2.py3-none-any.whl
2026-04-03 19:08:00 +0000  copying file ./Payload/HP Smart Printer App - HPSmart.app/www/pymupdf-wasm/pyodide.asm.js ... 
2026-04-03 19:08:00 +0000  1112605 bytes for ./Payload/HP Smart Printer App - HPSmart.app/www/pymupdf-wasm/pyodide.asm.js
2026-04-03 19:08:00 +0000  copying file ./Payload/HP Smart Printer App - HPSmart.app/www/pymupdf-wasm/et_xmlfile-2.0.0-py3-none-any.whl ... 
2026-04-03 19:08:00 +0000  18059 bytes for ./Payload/HP Smart Printer App - HPSmart.app/www/pymupdf-wasm/et_xmlfile-2.0.0-py3-none-any.whl
2026-04-03 19:08:00 +0000  copying file ./Payload/HP Smart Printer App - HPSmart.app/www/pymupdf-wasm/pdf2docx-0.5.8-py3-none-any.whl ... 
2026-04-03 19:08:00 +0000  132015 bytes for ./Payload/HP Smart Printer App - HPSmart.app/www/pymupdf-wasm/pdf2docx-0.5.8-py3-none-any.whl
2026-04-03 19:08:00 +0000  copying file ./Payload/HP Smart Printer App - HPSmart.app/www/pymupdf-wasm/python_dateutil-2.9.0.post0-py2.py3-none-any.whl ... 
2026-04-03 19:08:00 +0000  229892 bytes for ./Payload/HP Smart Printer App - HPSmart.app/www/pymupdf-wasm/python_dateutil-2.9.0.post0-py2.py3-none-any.whl
2026-04-03 19:08:00 +0000  copying file ./Payload/HP Smart Printer App - HPSmart.app/www/pymupdf-wasm/opencv_python-4.11.0.86-cp313-cp313-pyodide_2025_0_wasm32.whl ... 
2026-04-03 19:08:00 +0000  11775802 bytes for ./Payload/HP Smart Printer App - HPSmart.app/www/pymupdf-wasm/opencv_python-4.11.0.86-cp313-cp313-pyodide_2025_0_wasm32.whl
2026-04-03 19:08:00 +0000  copying file ./Payload/HP Smart Printer App - HPSmart.app/www/pymupdf-wasm/pyodide-lock.json ... 
2026-04-03 19:08:00 +0000  105248 bytes for ./Payload/HP Smart Printer App - HPSmart.app/www/pymupdf-wasm/pyodide-lock.json
2026-04-03 19:08:00 +0000  copying file ./Payload/HP Smart Printer App - HPSmart.app/www/pymupdf-wasm/pymupdf4llm-0.0.27-py3-none-any.whl ... 
2026-04-03 19:08:00 +0000  30055 bytes for ./Payload/HP Smart Printer App - HPSmart.app/www/pymupdf-wasm/pymupdf4llm-0.0.27-py3-none-any.whl
2026-04-03 19:08:00 +0000  copying file ./Payload/HP Smart Printer App - HPSmart.app/www/pymupdf-wasm/pandas-2.2.3-cp313-cp313-pyodide_2025_0_wasm32.whl ... 
2026-04-03 19:08:00 +0000  5639857 bytes for ./Payload/HP Smart Printer App - HPSmart.app/www/pymupdf-wasm/pandas-2.2.3-cp313-cp313-pyodide_2025_0_wasm32.whl
2026-04-03 19:08:00 +0000  copying file ./Payload/HP Smart Printer App - HPSmart.app/www/pymupdf-wasm/pillow-11.2.1-cp313-cp313-pyodide_2025_0_wasm32.whl ... 
2026-04-03 19:08:00 +0000  1062508 bytes for ./Payload/HP Smart Printer App - HPSmart.app/www/pymupdf-wasm/pillow-11.2.1-cp313-cp313-pyodide_2025_0_wasm32.whl
2026-04-03 19:08:00 +0000  copying file ./Payload/HP Smart Printer App - HPSmart.app/www/pymupdf-wasm/pyodide.asm.wasm ... 
2026-04-03 19:08:01 +0000  8632745 bytes for ./Payload/HP Smart Printer App - HPSmart.app/www/pymupdf-wasm/pyodide.asm.wasm
2026-04-03 19:08:01 +0000  copying file ./Payload/HP Smart Printer App - HPSmart.app/www/pymupdf-wasm/pymupdf-1.26.3-cp313-none-pyodide_2025_0_wasm32.whl ... 
2026-04-03 19:08:01 +0000  17238377 bytes for ./Payload/HP Smart Printer App - HPSmart.app/www/pymupdf-wasm/pymupdf-1.26.3-cp313-none-pyodide_2025_0_wasm32.whl
2026-04-03 19:08:01 +0000  copying file ./Payload/HP Smart Printer App - HPSmart.app/www/pymupdf-wasm/six-1.17.0-py2.py3-none-any.whl ... 
2026-04-03 19:08:01 +0000  11050 bytes for ./Payload/HP Smart Printer App - HPSmart.app/www/pymupdf-wasm/six-1.17.0-py2.py3-none-any.whl
2026-04-03 19:08:01 +0000  copying file ./Payload/HP Smart Printer App - HPSmart.app/www/pymupdf-wasm/python_stdlib.zip ... 
2026-04-03 19:08:01 +0000  2415942 bytes for ./Payload/HP Smart Printer App - HPSmart.app/www/pymupdf-wasm/python_stdlib.zip
2026-04-03 19:08:01 +0000  copying file ./Payload/HP Smart Printer App - HPSmart.app/www/pymupdf-wasm/pyodide.js ... 
2026-04-03 19:08:01 +0000  14682 bytes for ./Payload/HP Smart Printer App - HPSmart.app/www/pymupdf-wasm/pyodide.js
2026-04-03 19:08:01 +0000  copying file ./Payload/HP Smart Printer App - HPSmart.app/www/pymupdf-wasm/numpy-2.2.5-cp313-cp313-pyodide_2025_0_wasm32.whl ... 
2026-04-03 19:08:02 +0000  11712032 bytes for ./Payload/HP Smart Printer App - HPSmart.app/www/pymupdf-wasm/numpy-2.2.5-cp313-cp313-pyodide_2025_0_wasm32.whl
2026-04-03 19:08:02 +0000  copying file ./Payload/HP Smart Printer App - HPSmart.app/www/pymupdf-wasm/pymupdf.js ... 
2026-04-03 19:08:02 +0000  71485 bytes for ./Payload/HP Smart Printer App - HPSmart.app/www/pymupdf-wasm/pymupdf.js
2026-04-03 19:08:02 +0000  copying file ./Payload/HP Smart Printer App - HPSmart.app/www/pymupdf-wasm/python_docx-1.2.0-py3-none-any.whl ... 
2026-04-03 19:08:02 +0000  252987 bytes for ./Payload/HP Smart Printer App - HPSmart.app/www/pymupdf-wasm/python_docx-1.2.0-py3-none-any.whl
2026-04-03 19:08:02 +0000  copying file ./Payload/HP Smart Printer App - HPSmart.app/www/pymupdf-wasm/python_pptx-1.0.2-py3-none-any.whl ... 
2026-04-03 19:08:02 +0000  472788 bytes for ./Payload/HP Smart Printer App - HPSmart.app/www/pymupdf-wasm/python_pptx-1.0.2-py3-none-any.whl
2026-04-03 19:08:02 +0000  copying file ./Payload/HP Smart Printer App - HPSmart.app/www/pymupdf-wasm/packaging-24.1-py3-none-any.whl ... 
2026-04-03 19:08:02 +0000  53985 bytes for ./Payload/HP Smart Printer App - HPSmart.app/www/pymupdf-wasm/packaging-24.1-py3-none-any.whl
2026-04-03 19:08:02 +0000  copying file ./Payload/HP Smart Printer App - HPSmart.app/www/pymupdf-wasm/typing_extensions-4.12.2-py3-none-any.whl ... 
2026-04-03 19:08:02 +0000  37438 bytes for ./Payload/HP Smart Printer App - HPSmart.app/www/pymupdf-wasm/typing_extensions-4.12.2-py3-none-any.whl
2026-04-03 19:08:02 +0000  copying file ./Payload/HP Smart Printer App - HPSmart.app/www/pymupdf-wasm/openpyxl-3.1.5-py2.py3-none-any.whl ... 
2026-04-03 19:08:02 +0000  250910 bytes for ./Payload/HP Smart Printer App - HPSmart.app/www/pymupdf-wasm/openpyxl-3.1.5-py2.py3-none-any.whl
2026-04-03 19:08:02 +0000  copying file ./Payload/HP Smart Printer App - HPSmart.app/www/pymupdf-wasm/pymupdf-lite.js ... 
2026-04-03 19:08:02 +0000  71462 bytes for ./Payload/HP Smart Printer App - HPSmart.app/www/pymupdf-wasm/pymupdf-lite.js
2026-04-03 19:08:02 +0000  copying file ./Payload/HP Smart Printer App - HPSmart.app/www/pymupdf-wasm/lxml-5.4.0-cp313-cp313-pyodide_2025_0_wasm32.whl ... 
2026-04-03 19:08:02 +0000  1692344 bytes for ./Payload/HP Smart Printer App - HPSmart.app/www/pymupdf-wasm/lxml-5.4.0-cp313-cp313-pyodide_2025_0_wasm32.whl
2026-04-03 19:08:02 +0000  copying file ./Payload/HP Smart Printer App - HPSmart.app/www/workers/mobi-to-pdf.worker.js ... 
2026-04-03 19:08:02 +0000  7533 bytes for ./Payload/HP Smart Printer App - HPSmart.app/www/workers/mobi-to-pdf.worker.js
2026-04-03 19:08:02 +0000  copying file ./Payload/HP Smart Printer App - HPSmart.app/www/workers/compress.worker.js ... 
2026-04-03 19:08:02 +0000  4006 bytes for ./Payload/HP Smart Printer App - HPSmart.app/www/workers/compress.worker.js
copying file ./Payload/HP Smart Printer App - HPSmart.app/www/workers/xps-to-pdf.worker.js ... 
2026-04-03 19:08:02 +0000  3119 bytes for ./Payload/HP Smart Printer App - HPSmart.app/www/workers/xps-to-pdf.worker.js
2026-04-03 19:08:02 +0000  copying file ./Payload/HP Smart Printer App - HPSmart.app/www/workers/extract-images.worker.js ... 
2026-04-03 19:08:02 +0000  5344 bytes for ./Payload/HP Smart Printer App - HPSmart.app/www/workers/extract-images.worker.js
copying file ./Payload/HP Smart Printer App - HPSmart.app/www/workers/extract-attachments.worker.js ... 
2026-04-03 19:08:02 +0000  3377 bytes for ./Payload/HP Smart Printer App - HPSmart.app/www/workers/extract-attachments.worker.js
2026-04-03 19:08:02 +0000  copying file ./Payload/HP Smart Printer App - HPSmart.app/www/workers/table-of-contents-v2.worker.js ... 
2026-04-03 19:08:02 +0000  9670 bytes for ./Payload/HP Smart Printer App - HPSmart.app/www/workers/table-of-contents-v2.worker.js
2026-04-03 19:08:02 +0000  copying file ./Payload/HP Smart Printer App - HPSmart.app/www/workers/edit-attachments.worker.js ... 
2026-04-03 19:08:02 +0000  4541 bytes for ./Payload/HP Smart Printer App - HPSmart.app/www/workers/edit-attachments.worker.js
2026-04-03 19:08:02 +0000  copying file ./Payload/HP Smart Printer App - HPSmart.app/www/workers/pdf.worker.min.mjs ... 
2026-04-03 19:08:02 +0000  1369805 bytes for ./Payload/HP Smart Printer App - HPSmart.app/www/workers/pdf.worker.min.mjs
2026-04-03 19:08:02 +0000  copying file ./Payload/HP Smart Printer App - HPSmart.app/www/workers/word-to-pdf.worker.js ... 
2026-04-03 19:08:02 +0000  23592 bytes for ./Payload/HP Smart Printer App - HPSmart.app/www/workers/word-to-pdf.worker.js
2026-04-03 19:08:02 +0000  copying file ./Payload/HP Smart Printer App - HPSmart.app/www/workers/pdf-to-docx.worker.js ... 
2026-04-03 19:08:02 +0000  6202 bytes for ./Payload/HP Smart Printer App - HPSmart.app/www/workers/pdf-to-docx.worker.js
copying file ./Payload/HP Smart Printer App - HPSmart.app/www/workers/linearize.worker.js ... 
2026-04-03 19:08:02 +0000  3613 bytes for ./Payload/HP Smart Printer App - HPSmart.app/www/workers/linearize.worker.js
2026-04-03 19:08:02 +0000  copying file ./Payload/HP Smart Printer App - HPSmart.app/www/workers/pdf.worker.legacy.min.js ... 
2026-04-03 19:08:02 +0000  1066087 bytes for ./Payload/HP Smart Printer App - HPSmart.app/www/workers/pdf.worker.legacy.min.js
2026-04-03 19:08:02 +0000  copying file ./Payload/HP Smart Printer App - HPSmart.app/www/workers/excel-to-pdf.worker.js ... 
2026-04-03 19:08:02 +0000  9854 bytes for ./Payload/HP Smart Printer App - HPSmart.app/www/workers/excel-to-pdf.worker.js
2026-04-03 19:08:02 +0000  copying file ./Payload/HP Smart Printer App - HPSmart.app/www/workers/fb2-to-pdf.worker.js ... 
2026-04-03 19:08:02 +0000  4239 bytes for ./Payload/HP Smart Printer App - HPSmart.app/www/workers/fb2-to-pdf.worker.js
2026-04-03 19:08:02 +0000  copying file ./Payload/HP Smart Printer App - HPSmart.app/www/workers/pptx-to-pdf.worker.js ... 
2026-04-03 19:08:02 +0000  20195 bytes for ./Payload/HP Smart Printer App - HPSmart.app/www/workers/pptx-to-pdf.worker.js
2026-04-03 19:08:02 +0000  copying file ./Payload/HP Smart Printer App - HPSmart.app/www/workers/pdf-to-pptx.worker.js ... 
2026-04-03 19:08:02 +0000  5624 bytes for ./Payload/HP Smart Printer App - HPSmart.app/www/workers/pdf-to-pptx.worker.js
2026-04-03 19:08:02 +0000  copying file ./Payload/HP Smart Printer App - HPSmart.app/www/workers/add-attachments.worker.js ... 
2026-04-03 19:08:02 +0000  4153 bytes for ./Payload/HP Smart Printer App - HPSmart.app/www/workers/add-attachments.worker.js
2026-04-03 19:08:02 +0000  copying file ./Payload/HP Smart Printer App - HPSmart.app/www/workers/table-of-contents.worker.js ... 
2026-04-03 19:08:02 +0000  8329 bytes for ./Payload/HP Smart Printer App - HPSmart.app/www/workers/table-of-contents.worker.js
2026-04-03 19:08:02 +0000  copying file ./Payload/HP Smart Printer App - HPSmart.app/www/workers/rtf-to-pdf.worker.js ... 
2026-04-03 19:08:02 +0000  8445 bytes for ./Payload/HP Smart Printer App - HPSmart.app/www/workers/rtf-to-pdf.worker.js
2026-04-03 19:08:02 +0000  copying file ./Payload/HP Smart Printer App - HPSmart.app/www/workers/pdf-to-excel.worker.js ... 
2026-04-03 19:08:02 +0000  4473 bytes for ./Payload/HP Smart Printer App - HPSmart.app/www/workers/pdf-to-excel.worker.js
2026-04-03 19:08:02 +0000  copying file ./Payload/HP Smart Printer App - HPSmart.app/www/workers/epub-to-pdf.worker.js ... 
2026-04-03 19:08:02 +0000  8841 bytes for ./Payload/HP Smart Printer App - HPSmart.app/www/workers/epub-to-pdf.worker.js
2026-04-03 19:08:02 +0000  copying file ./Payload/HP Smart Printer App - HPSmart.app/www/robots.txt ... 
2026-04-03 19:08:02 +0000  131 bytes for ./Payload/HP Smart Printer App - HPSmart.app/www/robots.txt
2026-04-03 19:08:02 +0000  copying file ./Payload/HP Smart Printer App - HPSmart.app/www/en/contact/index.html ... 
2026-04-03 19:08:02 +0000  136716 bytes for ./Payload/HP Smart Printer App - HPSmart.app/www/en/contact/index.html
2026-04-03 19:08:02 +0000  copying file ./Payload/HP Smart Printer App - HPSmart.app/www/en/contact/index.txt ... 
2026-04-03 19:08:02 +0000  93536 bytes for ./Payload/HP Smart Printer App - HPSmart.app/www/en/contact/index.txt
2026-04-03 19:08:02 +0000  copying file ./Payload/HP Smart Printer App - HPSmart.app/www/en/tools/repair-pdf/index.html ... 
2026-04-03 19:08:02 +0000  162330 bytes for ./Payload/HP Smart Printer App - HPSmart.app/www/en/tools/repair-pdf/index.html
2026-04-03 19:08:02 +0000  copying file ./Payload/HP Smart Printer App - HPSmart.app/www/en/tools/repair-pdf/index.txt ... 
2026-04-03 19:08:02 +0000  101447 bytes for ./Payload/HP Smart Printer App - HPSmart.app/www/en/tools/repair-pdf/index.txt
2026-04-03 19:08:02 +0000  copying file ./Payload/HP Smart Printer App - HPSmart.app/www/en/tools/email-to-pdf/index.html ... 
2026-04-03 19:08:02 +0000  165147 bytes for ./Payload/HP Smart Printer App - HPSmart.app/www/en/tools/email-to-pdf/index.html
2026-04-03 19:08:02 +0000  copying file ./Payload/HP Smart Printer App - HPSmart.app/www/en/tools/email-to-pdf/index.txt ... 
2026-04-03 19:08:02 +0000  103330 bytes for ./Payload/HP Smart Printer App - HPSmart.app/www/en/tools/email-to-pdf/index.txt
2026-04-03 19:08:02 +0000  copying file ./Payload/HP Smart Printer App - HPSmart.app/www/en/tools/pdf-to-markdown/index.html ... 
2026-04-03 19:08:02 +0000  165778 bytes for ./Payload/HP Smart Printer App - HPSmart.app/www/en/tools/pdf-to-markdown/index.html
2026-04-03 19:08:02 +0000  copying file ./Payload/HP Smart Printer App - HPSmart.app/www/en/tools/pdf-to-markdown/index.txt ... 
2026-04-03 19:08:02 +0000  102638 bytes for ./Payload/HP Smart Printer App - HPSmart.app/www/en/tools/pdf-to-markdown/index.txt
2026-04-03 19:08:02 +0000  copying file ./Payload/HP Smart Printer App - HPSmart.app/www/en/tools/add-attachments/index.html ... 
2026-04-03 19:08:02 +0000  166412 bytes for ./Payload/HP Smart Printer App - HPSmart.app/www/en/tools/add-attachments/index.html
2026-04-03 19:08:02 +0000  copying file ./Payload/HP Smart Printer App - HPSmart.app/www/en/tools/add-attachments/index.txt ... 
2026-04-03 19:08:02 +0000  101744 bytes for ./Payload/HP Smart Printer App - HPSmart.app/www/en/tools/add-attachments/index.txt
2026-04-03 19:08:02 +0000  copying file ./Payload/HP Smart Printer App - HPSmart.app/www/en/tools/invert-colors/index.html ... 
2026-04-03 19:08:02 +0000  163998 bytes for ./Payload/HP Smart Printer App - HPSmart.app/www/en/tools/invert-colors/index.html
2026-04-03 19:08:02 +0000  copying file ./Payload/HP Smart Printer App - HPSmart.app/www/en/tools/invert-colors/index.txt ... 
2026-04-03 19:08:02 +0000  102118 bytes for ./Payload/HP Smart Printer App - HPSmart.app/www/en/tools/invert-colors/index.txt
2026-04-03 19:08:02 +0000  copying file ./Payload/HP Smart Printer App - HPSmart.app/www/en/tools/linearize-pdf/index.html ... 
2026-04-03 19:08:02 +0000  163258 bytes for ./Payload/HP Smart Printer App - HPSmart.app/www/en/tools/linearize-pdf/index.html
2026-04-03 19:08:02 +0000  copying file ./Payload/HP Smart Printer App - HPSmart.app/www/en/tools/linearize-pdf/index.txt ... 
2026-04-03 19:08:02 +0000  101575 bytes for ./Payload/HP Smart Printer App - HPSmart.app/www/en/tools/linearize-pdf/index.txt
2026-04-03 19:08:02 +0000  copying file ./Payload/HP Smart Printer App - HPSmart.app/www/en/tools/pdf-to-tiff/index.html ... 
2026-04-03 19:08:02 +0000  163632 bytes for ./Payload/HP Smart Printer App - HPSmart.app/www/en/tools/pdf-to-tiff/index.html
2026-04-03 19:08:02 +0000  copying file ./Payload/HP Smart Printer App - HPSmart.app/www/en/tools/pdf-to-tiff/index.txt ... 
2026-04-03 19:08:02 +0000  101769 bytes for ./Payload/HP Smart Printer App - HPSmart.app/www/en/tools/pdf-to-tiff/index.txt
2026-04-03 19:08:02 +0000  copying file ./Payload/HP Smart Printer App - HPSmart.app/www/en/tools/extract-attachments/index.html ... 
2026-04-03 19:08:02 +0000  164081 bytes for ./Payload/HP Smart Printer App - HPSmart.app/www/en/tools/extract-attachments/index.html
2026-04-03 19:08:02 +0000  copying file ./Payload/HP Smart Printer App - HPSmart.app/www/en/tools/extract-attachments/index.txt ... 
2026-04-03 19:08:02 +0000  102021 bytes for ./Payload/HP Smart Printer App - HPSmart.app/www/en/tools/extract-attachments/index.txt
2026-04-03 19:08:02 +0000  copying file ./Payload/HP Smart Printer App - HPSmart.app/www/en/tools/pdf-to-docx/index.html ... 
2026-04-03 19:08:02 +0000  164216 bytes for ./Payload/HP Smart Printer App - HPSmart.app/www/en/tools/pdf-to-docx/index.html
2026-04-03 19:08:02 +0000  copying file ./Payload/HP Smart Printer App - HPSmart.app/www/en/tools/pdf-to-docx/index.txt ... 
2026-04-03 19:08:02 +0000  101828 bytes for ./Payload/HP Smart Printer App - HPSmart.app/www/en/tools/pdf-to-docx/index.txt
2026-04-03 19:08:02 +0000  copying file ./Payload/HP Smart Printer App - HPSmart.app/www/en/tools/remove-annotations/index.html ... 
2026-04-03 19:08:02 +0000  164128 bytes for ./Payload/HP Smart Printer App - HPSmart.app/www/en/tools/remove-annotations/index.html
2026-04-03 19:08:02 +0000  copying file ./Payload/HP Smart Printer App - HPSmart.app/www/en/tools/remove-annotations/index.txt ... 
2026-04-03 19:08:02 +0000  102444 bytes for ./Payload/HP Smart Printer App - HPSmart.app/www/en/tools/remove-annotations/index.txt
2026-04-03 19:08:02 +0000  copying file ./Payload/HP Smart Printer App - HPSmart.app/www/en/tools/pdf-reader/index.html ... 
2026-04-03 19:08:02 +0000  162104 bytes for ./Payload/HP Smart Printer App - HPSmart.app/www/en/tools/pdf-reader/index.html
2026-04-03 19:08:02 +0000  copying file ./Payload/HP Smart Printer App - HPSmart.app/www/en/tools/pdf-reader/index.txt ... 
2026-04-03 19:08:02 +0000  102348 bytes for ./Payload/HP Smart Printer App - HPSmart.app/www/en/tools/pdf-reader/index.txt
2026-04-03 19:08:02 +0000  copying file ./Payload/HP Smart Printer App - HPSmart.app/www/en/tools/split-pdf/index.html ... 
2026-04-03 19:08:02 +0000  165868 bytes for ./Payload/HP Smart Printer App - HPSmart.app/www/en/tools/split-pdf/index.html
2026-04-03 19:08:02 +0000  copying file ./Payload/HP Smart Printer App - HPSmart.app/www/en/tools/split-pdf/index.txt ... 
2026-04-03 19:08:02 +0000  102832 bytes for ./Payload/HP Smart Printer App - HPSmart.app/www/en/tools/split-pdf/index.txt
2026-04-03 19:08:02 +0000  copying file ./Payload/HP Smart Printer App - HPSmart.app/www/en/tools/combine-single-page/index.html ... 
2026-04-03 19:08:02 +0000  163603 bytes for ./Payload/HP Smart Printer App - HPSmart.app/www/en/tools/combine-single-page/index.html
2026-04-03 19:08:02 +0000  copying file ./Payload/HP Smart Printer App - HPSmart.app/www/en/tools/combine-single-page/index.txt ... 
2026-04-03 19:08:02 +0000  102072 bytes for ./Payload/HP Smart Printer App - HPSmart.app/www/en/tools/combine-single-page/index.txt
2026-04-03 19:08:02 +0000  copying file ./Payload/HP Smart Printer App - HPSmart.app/www/en/tools/index.html ... 
2026-04-03 19:08:02 +0000  125964 bytes for ./Payload/HP Smart Printer App - HPSmart.app/www/en/tools/index.html
2026-04-03 19:08:02 +0000  copying file ./Payload/HP Smart Printer App - HPSmart.app/www/en/tools/fix-page-size/index.html ... 
2026-04-03 19:08:02 +0000  163340 bytes for ./Payload/HP Smart Printer App - HPSmart.app/www/en/tools/fix-page-size/index.html
2026-04-03 19:08:02 +0000  copying file ./Payload/HP Smart Printer App - HPSmart.app/www/en/tools/fix-page-size/index.txt ... 
2026-04-03 19:08:02 +0000  101695 bytes for ./Payload/HP Smart Printer App - HPSmart.app/www/en/tools/fix-page-size/index.txt
2026-04-03 19:08:02 +0000  copying file ./Payload/HP Smart Printer App - HPSmart.app/www/en/tools/bookmark/index.html ... 
2026-04-03 19:08:02 +0000  164178 bytes for ./Payload/HP Smart Printer App - HPSmart.app/www/en/tools/bookmark/index.html
2026-04-03 19:08:02 +0000  copying file ./Payload/HP Smart Printer App - HPSmart.app/www/en/tools/bookmark/index.txt ... 
2026-04-03 19:08:02 +0000  102408 bytes for ./Payload/HP Smart Printer App - HPSmart.app/www/en/tools/bookmark/index.txt
2026-04-03 19:08:02 +0000  copying file ./Payload/HP Smart Printer App - HPSmart.app/www/en/tools/flatten-pdf/index.html ... 
2026-04-03 19:08:02 +0000  163264 bytes for ./Payload/HP Smart Printer App - HPSmart.app/www/en/tools/flatten-pdf/index.html
2026-04-03 19:08:02 +0000  copying file ./Payload/HP Smart Printer App - HPSmart.app/www/en/tools/flatten-pdf/index.txt ... 
2026-04-03 19:08:02 +0000  101614 bytes for ./Payload/HP Smart Printer App - HPSmart.app/www/en/tools/flatten-pdf/index.txt
2026-04-03 19:08:02 +0000  copying file ./Payload/HP Smart Printer App - HPSmart.app/www/en/tools/digital-sign-pdf/index.html ... 
2026-04-03 19:08:02 +0000  167460 bytes for ./Payload/HP Smart Printer App - HPSmart.app/www/en/tools/digital-sign-pdf/index.html
copying file ./Payload/HP Smart Printer App - HPSmart.app/www/en/tools/digital-sign-pdf/index.txt ... 
2026-04-03 19:08:02 +0000  103306 bytes for ./Payload/HP Smart Printer App - HPSmart.app/www/en/tools/digital-sign-pdf/index.txt
2026-04-03 19:08:02 +0000  copying file ./Payload/HP Smart Printer App - HPSmart.app/www/en/tools/extract-images/index.html ... 
2026-04-03 19:08:02 +0000  167703 bytes for ./Payload/HP Smart Printer App - HPSmart.app/www/en/tools/extract-images/index.html
2026-04-03 19:08:02 +0000  copying file ./Payload/HP Smart Printer App - HPSmart.app/www/en/tools/extract-images/index.txt ... 
2026-04-03 19:08:02 +0000  103306 bytes for ./Payload/HP Smart Printer App - HPSmart.app/www/en/tools/extract-images/index.txt
2026-04-03 19:08:02 +0000  copying file ./Payload/HP Smart Printer App - HPSmart.app/www/en/tools/xps-to-pdf/index.html ... 
2026-04-03 19:08:02 +0000  164918 bytes for ./Payload/HP Smart Printer App - HPSmart.app/www/en/tools/xps-to-pdf/index.html
2026-04-03 19:08:02 +0000  copying file ./Payload/HP Smart Printer App - HPSmart.app/www/en/tools/xps-to-pdf/index.txt ... 
2026-04-03 19:08:02 +0000  102165 bytes for ./Payload/HP Smart Printer App - HPSmart.app/www/en/tools/xps-to-pdf/index.txt
2026-04-03 19:08:02 +0000  copying file ./Payload/HP Smart Printer App - HPSmart.app/www/en/tools/edit-metadata/index.html ... 
2026-04-03 19:08:02 +0000  162909 bytes for ./Payload/HP Smart Printer App - HPSmart.app/www/en/tools/edit-metadata/index.html
2026-04-03 19:08:02 +0000  copying file ./Payload/HP Smart Printer App - HPSmart.app/www/en/tools/edit-metadata/index.txt ... 
2026-04-03 19:08:02 +0000  101772 bytes for ./Payload/HP Smart Printer App - HPSmart.app/www/en/tools/edit-metadata/index.txt
2026-04-03 19:08:02 +0000  copying file ./Payload/HP Smart Printer App - HPSmart.app/www/en/tools/remove-restrictions/index.html ... 
2026-04-03 19:08:02 +0000  164050 bytes for ./Payload/HP Smart Printer App - HPSmart.app/www/en/tools/remove-restrictions/index.html
2026-04-03 19:08:02 +0000  copying file ./Payload/HP Smart Printer App - HPSmart.app/www/en/tools/remove-restrictions/index.txt ... 
2026-04-03 19:08:02 +0000  101967 bytes for ./Payload/HP Smart Printer App - HPSmart.app/www/en/tools/remove-restrictions/index.txt
2026-04-03 19:08:02 +0000  copying file ./Payload/HP Smart Printer App - HPSmart.app/www/en/tools/category/convert-from-pdf/index.html ... 
2026-04-03 19:08:02 +0000  201692 bytes for ./Payload/HP Smart Printer App - HPSmart.app/www/en/tools/category/convert-from-pdf/index.html
2026-04-03 19:08:02 +0000  copying file ./Payload/HP Smart Printer App - HPSmart.app/www/en/tools/category/convert-from-pdf/index.txt ... 
2026-04-03 19:08:02 +0000  108796 bytes for ./Payload/HP Smart Printer App - HPSmart.app/www/en/tools/category/convert-from-pdf/index.txt
2026-04-03 19:08:02 +0000  copying file ./Payload/HP Smart Printer App - HPSmart.app/www/en/tools/category/organize-manage/index.html ... 
2026-04-03 19:08:02 +0000  238697 bytes for ./Payload/HP Smart Printer App - HPSmart.app/www/en/tools/category/organize-manage/index.html
2026-04-03 19:08:02 +0000  copying file ./Payload/HP Smart Printer App - HPSmart.app/www/en/tools/category/organize-manage/index.txt ... 
2026-04-03 19:08:02 +0000  108790 bytes for ./Payload/HP Smart Printer App - HPSmart.app/www/en/tools/category/organize-manage/index.txt
2026-04-03 19:08:02 +0000  copying file ./Payload/HP Smart Printer App - HPSmart.app/www/en/tools/category/secure-pdf/index.html ... 
2026-04-03 19:08:02 +0000  179132 bytes for ./Payload/HP Smart Printer App - HPSmart.app/www/en/tools/category/secure-pdf/index.html
2026-04-03 19:08:02 +0000  copying file ./Payload/HP Smart Printer App - HPSmart.app/www/en/tools/category/secure-pdf/index.txt ... 
2026-04-03 19:08:02 +0000  108760 bytes for ./Payload/HP Smart Printer App - HPSmart.app/www/en/tools/category/secure-pdf/index.txt
2026-04-03 19:08:02 +0000  copying file ./Payload/HP Smart Printer App - HPSmart.app/www/en/tools/category/edit-annotate/index.html ... 
2026-04-03 19:08:02 +0000  208682 bytes for ./Payload/HP Smart Printer App - HPSmart.app/www/en/tools/category/edit-annotate/index.html
2026-04-03 19:08:02 +0000  copying file ./Payload/HP Smart Printer App - HPSmart.app/www/en/tools/category/edit-annotate/index.txt ... 
2026-04-03 19:08:02 +0000  108778 bytes for ./Payload/HP Smart Printer App - HPSmart.app/www/en/tools/category/edit-annotate/index.txt
2026-04-03 19:08:02 +0000  copying file ./Payload/HP Smart Printer App - HPSmart.app/www/en/tools/category/convert-to-pdf/index.html ... 
2026-04-03 19:08:02 +0000  231274 bytes for ./Payload/HP Smart Printer App - HPSmart.app/www/en/tools/category/convert-to-pdf/index.html
2026-04-03 19:08:02 +0000  copying file ./Payload/HP Smart Printer App - HPSmart.app/www/en/tools/category/convert-to-pdf/index.txt ... 
2026-04-03 19:08:02 +0000  108784 bytes for ./Payload/HP Smart Printer App - HPSmart.app/www/en/tools/category/convert-to-pdf/index.txt
2026-04-03 19:08:02 +0000  copying file ./Payload/HP Smart Printer App - HPSmart.app/www/en/tools/category/optimize-repair/index.html ... 
2026-04-03 19:08:02 +0000  183144 bytes for ./Payload/HP Smart Printer App - HPSmart.app/www/en/tools/category/optimize-repair/index.html
2026-04-03 19:08:02 +0000  copying file ./Payload/HP Smart Printer App - HPSmart.app/www/en/tools/category/optimize-repair/index.txt ... 
2026-04-03 19:08:02 +0000  108790 bytes for ./Payload/HP Smart Printer App - HPSmart.app/www/en/tools/category/optimize-repair/index.txt
2026-04-03 19:08:02 +0000  copying file ./Payload/HP Smart Printer App - HPSmart.app/www/en/tools/pdf-to-jpg/index.html ... 
2026-04-03 19:08:02 +0000  163873 bytes for ./Payload/HP Smart Printer App - HPSmart.app/www/en/tools/pdf-to-jpg/index.html
2026-04-03 19:08:02 +0000  copying file ./Payload/HP Smart Printer App - HPSmart.app/www/en/tools/pdf-to-jpg/index.txt ... 
2026-04-03 19:08:02 +0000  101889 bytes for ./Payload/HP Smart Printer App - HPSmart.app/www/en/tools/pdf-to-jpg/index.txt
2026-04-03 19:08:02 +0000  copying file ./Payload/HP Smart Printer App - HPSmart.app/www/en/tools/edit-pdf/index.html ... 
2026-04-03 19:08:02 +0000  166343 bytes for ./Payload/HP Smart Printer App - HPSmart.app/www/en/tools/edit-pdf/index.html
2026-04-03 19:08:02 +0000  copying file ./Payload/HP Smart Printer App - HPSmart.app/www/en/tools/edit-pdf/index.txt ... 
2026-04-03 19:08:02 +0000  102872 bytes for ./Payload/HP Smart Printer App - HPSmart.app/www/en/tools/edit-pdf/index.txt
2026-04-03 19:08:02 +0000  copying file ./Payload/HP Smart Printer App - HPSmart.app/www/en/tools/pdf-to-png/index.html ... 
2026-04-03 19:08:02 +0000  163644 bytes for ./Payload/HP Smart Printer App - HPSmart.app/www/en/tools/pdf-to-png/index.html
2026-04-03 19:08:02 +0000  copying file ./Payload/HP Smart Printer App - HPSmart.app/www/en/tools/pdf-to-png/index.txt ... 
2026-04-03 19:08:02 +0000  101782 bytes for ./Payload/HP Smart Printer App - HPSmart.app/www/en/tools/pdf-to-png/index.txt
2026-04-03 19:08:02 +0000  copying file ./Payload/HP Smart Printer App - HPSmart.app/www/en/tools/reverse-pages/index.html ... 
2026-04-03 19:08:02 +0000  162527 bytes for ./Payload/HP Smart Printer App - HPSmart.app/www/en/tools/reverse-pages/index.html
2026-04-03 19:08:02 +0000  copying file ./Payload/HP Smart Printer App - HPSmart.app/www/en/tools/reverse-pages/index.txt ... 
2026-04-03 19:08:02 +0000  101651 bytes for ./Payload/HP Smart Printer App - HPSmart.app/www/en/tools/reverse-pages/index.txt
2026-04-03 19:08:02 +0000  copying file ./Payload/HP Smart Printer App - HPSmart.app/www/en/tools/encrypt-pdf/index.html ... 
2026-04-03 19:08:02 +0000  163460 bytes for ./Payload/HP Smart Printer App - HPSmart.app/www/en/tools/encrypt-pdf/index.html
2026-04-03 19:08:02 +0000  copying file ./Payload/HP Smart Printer App - HPSmart.app/www/en/tools/encrypt-pdf/index.txt ... 
2026-04-03 19:08:02 +0000  101751 bytes for ./Payload/HP Smart Printer App - HPSmart.app/www/en/tools/encrypt-pdf/index.txt
2026-04-03 19:08:02 +0000  copying file ./Payload/HP Smart Printer App - HPSmart.app/www/en/tools/json-to-pdf/index.html ... 
2026-04-03 19:08:02 +0000  163734 bytes for ./Payload/HP Smart Printer App - HPSmart.app/www/en/tools/json-to-pdf/index.html
2026-04-03 19:08:02 +0000  copying file ./Payload/HP Smart Printer App - HPSmart.app/www/en/tools/json-to-pdf/index.txt ... 
2026-04-03 19:08:02 +0000  101782 bytes for ./Payload/HP Smart Printer App - HPSmart.app/www/en/tools/json-to-pdf/index.txt
2026-04-03 19:08:02 +0000  copying file ./Payload/HP Smart Printer App - HPSmart.app/www/en/tools/header-footer/index.html ... 
2026-04-03 19:08:02 +0000  164058 bytes for ./Payload/HP Smart Printer App - HPSmart.app/www/en/tools/header-footer/index.html
2026-04-03 19:08:02 +0000  copying file ./Payload/HP Smart Printer App - HPSmart.app/www/en/tools/header-footer/index.txt ... 
2026-04-03 19:08:02 +0000  102355 bytes for ./Payload/HP Smart Printer App - HPSmart.app/www/en/tools/header-footer/index.txt
2026-04-03 19:08:02 +0000  copying file ./Payload/HP Smart Printer App - HPSmart.app/www/en/tools/pdf-to-svg/index.html ... 
2026-04-03 19:08:02 +0000  169749 bytes for ./Payload/HP Smart Printer App - HPSmart.app/www/en/tools/pdf-to-svg/index.html
2026-04-03 19:08:02 +0000  copying file ./Payload/HP Smart Printer App - HPSmart.app/www/en/tools/pdf-to-svg/index.txt ... 
2026-04-03 19:08:02 +0000  103461 bytes for ./Payload/HP Smart Printer App - HPSmart.app/www/en/tools/pdf-to-svg/index.txt
2026-04-03 19:08:02 +0000  copying file ./Payload/HP Smart Printer App - HPSmart.app/www/en/tools/bmp-to-pdf/index.html ... 
2026-04-03 19:08:02 +0000  163895 bytes for ./Payload/HP Smart Printer App - HPSmart.app/www/en/tools/bmp-to-pdf/index.html
2026-04-03 19:08:02 +0000  copying file ./Payload/HP Smart Printer App - HPSmart.app/www/en/tools/bmp-to-pdf/index.txt ... 
2026-04-03 19:08:02 +0000  101796 bytes for ./Payload/HP Smart Printer App - HPSmart.app/www/en/tools/bmp-to-pdf/index.txt
2026-04-03 19:08:02 +0000  copying file ./Payload/HP Smart Printer App - HPSmart.app/www/en/tools/add-watermark/index.html ... 
2026-04-03 19:08:02 +0000  164138 bytes for ./Payload/HP Smart Printer App - HPSmart.app/www/en/tools/add-watermark/index.html
2026-04-03 19:08:02 +0000  copying file ./Payload/HP Smart Printer App - HPSmart.app/www/en/tools/add-watermark/index.txt ... 
2026-04-03 19:08:02 +0000  102382 bytes for ./Payload/HP Smart Printer App - HPSmart.app/www/en/tools/add-watermark/index.txt
2026-04-03 19:08:02 +0000  copying file ./Payload/HP Smart Printer App - HPSmart.app/www/en/tools/pdf-to-pdfa/index.html ... 
2026-04-03 19:08:02 +0000  165266 bytes for ./Payload/HP Smart Printer App - HPSmart.app/www/en/tools/pdf-to-pdfa/index.html
2026-04-03 19:08:02 +0000  copying file ./Payload/HP Smart Printer App - HPSmart.app/www/en/tools/pdf-to-pdfa/index.txt ... 
2026-04-03 19:08:02 +0000  102416 bytes for ./Payload/HP Smart Printer App - HPSmart.app/www/en/tools/pdf-to-pdfa/index.txt
2026-04-03 19:08:02 +0000  copying file ./Payload/HP Smart Printer App - HPSmart.app/www/en/tools/word-to-pdf/index.html ... 
2026-04-03 19:08:02 +0000  167457 bytes for ./Payload/HP Smart Printer App - HPSmart.app/www/en/tools/word-to-pdf/index.html
2026-04-03 19:08:02 +0000  copying file ./Payload/HP Smart Printer App - HPSmart.app/www/en/tools/word-to-pdf/index.txt ... 
2026-04-03 19:08:02 +0000  102361 bytes for ./Payload/HP Smart Printer App - HPSmart.app/www/en/tools/word-to-pdf/index.txt
2026-04-03 19:08:02 +0000  copying file ./Payload/HP Smart Printer App - HPSmart.app/www/en/tools/rasterize-pdf/index.html ... 
2026-04-03 19:08:02 +0000  164792 bytes for ./Payload/HP Smart Printer App - HPSmart.app/www/en/tools/rasterize-pdf/index.html
2026-04-03 19:08:02 +0000  copying file ./Payload/HP Smart Printer App - HPSmart.app/www/en/tools/rasterize-pdf/index.txt ... 
2026-04-03 19:08:02 +0000  102233 bytes for ./Payload/HP Smart Printer App - HPSmart.app/www/en/tools/rasterize-pdf/index.txt
2026-04-03 19:08:02 +0000  copying file ./Payload/HP Smart Printer App - HPSmart.app/www/en/tools/pdf-to-excel/index.html ... 
2026-04-03 19:08:02 +0000  164220 bytes for ./Payload/HP Smart Printer App - HPSmart.app/www/en/tools/pdf-to-excel/index.html
2026-04-03 19:08:02 +0000  copying file ./Payload/HP Smart Printer App - HPSmart.app/www/en/tools/pdf-to-excel/index.txt ... 
2026-04-03 19:08:02 +0000  101851 bytes for ./Payload/HP Smart Printer App - HPSmart.app/www/en/tools/pdf-to-excel/index.txt
2026-04-03 19:08:02 +0000  copying file ./Payload/HP Smart Printer App - HPSmart.app/www/en/tools/background-color/index.html ... 
2026-04-03 19:08:02 +0000  164205 bytes for ./Payload/HP Smart Printer App - HPSmart.app/www/en/tools/background-color/index.html
copying file ./Payload/HP Smart Printer App - HPSmart.app/www/en/tools/background-color/index.txt ... 
2026-04-03 19:08:02 +0000  102333 bytes for ./Payload/HP Smart Printer App - HPSmart.app/www/en/tools/background-color/index.txt
2026-04-03 19:08:02 +0000  copying file ./Payload/HP Smart Printer App - HPSmart.app/www/en/tools/excel-to-pdf/index.html ... 
2026-04-03 19:08:02 +0000  166806 bytes for ./Payload/HP Smart Printer App - HPSmart.app/www/en/tools/excel-to-pdf/index.html
2026-04-03 19:08:02 +0000  copying file ./Payload/HP Smart Printer App - HPSmart.app/www/en/tools/excel-to-pdf/index.txt ... 
2026-04-03 19:08:02 +0000  102165 bytes for ./Payload/HP Smart Printer App - HPSmart.app/www/en/tools/excel-to-pdf/index.txt
2026-04-03 19:08:02 +0000  copying file ./Payload/HP Smart Printer App - HPSmart.app/www/en/tools/change-permissions/index.html ... 
2026-04-03 19:08:02 +0000  164020 bytes for ./Payload/HP Smart Printer App - HPSmart.app/www/en/tools/change-permissions/index.html
2026-04-03 19:08:02 +0000  copying file ./Payload/HP Smart Printer App - HPSmart.app/www/en/tools/change-permissions/index.txt ... 
2026-04-03 19:08:02 +0000  101997 bytes for ./Payload/HP Smart Printer App - HPSmart.app/www/en/tools/change-permissions/index.txt
2026-04-03 19:08:02 +0000  copying file ./Payload/HP Smart Printer App - HPSmart.app/www/en/tools/remove-metadata/index.html ... 
2026-04-03 19:08:02 +0000  163737 bytes for ./Payload/HP Smart Printer App - HPSmart.app/www/en/tools/remove-metadata/index.html
2026-04-03 19:08:02 +0000  copying file ./Payload/HP Smart Printer App - HPSmart.app/www/en/tools/remove-metadata/index.txt ... 
2026-04-03 19:08:02 +0000  101795 bytes for ./Payload/HP Smart Printer App - HPSmart.app/www/en/tools/remove-metadata/index.txt
2026-04-03 19:08:02 +0000  copying file ./Payload/HP Smart Printer App - HPSmart.app/www/en/tools/pdf-to-pptx/index.html ... 
2026-04-03 19:08:02 +0000  165526 bytes for ./Payload/HP Smart Printer App - HPSmart.app/www/en/tools/pdf-to-pptx/index.html
2026-04-03 19:08:02 +0000  copying file ./Payload/HP Smart Printer App - HPSmart.app/www/en/tools/pdf-to-pptx/index.txt ... 
2026-04-03 19:08:02 +0000  102554 bytes for ./Payload/HP Smart Printer App - HPSmart.app/www/en/tools/pdf-to-pptx/index.txt
2026-04-03 19:08:02 +0000  copying file ./Payload/HP Smart Printer App - HPSmart.app/www/en/tools/fb2-to-pdf/index.html ... 
2026-04-03 19:08:02 +0000  165589 bytes for ./Payload/HP Smart Printer App - HPSmart.app/www/en/tools/fb2-to-pdf/index.html
2026-04-03 19:08:02 +0000  copying file ./Payload/HP Smart Printer App - HPSmart.app/www/en/tools/fb2-to-pdf/index.txt ... 
2026-04-03 19:08:02 +0000  102414 bytes for ./Payload/HP Smart Printer App - HPSmart.app/www/en/tools/fb2-to-pdf/index.txt
2026-04-03 19:08:02 +0000  copying file ./Payload/HP Smart Printer App - HPSmart.app/www/en/tools/ocg-manager/index.html ... 
2026-04-03 19:08:02 +0000  163534 bytes for ./Payload/HP Smart Printer App - HPSmart.app/www/en/tools/ocg-manager/index.html
2026-04-03 19:08:02 +0000  copying file ./Payload/HP Smart Printer App - HPSmart.app/www/en/tools/ocg-manager/index.txt ... 
2026-04-03 19:08:02 +0000  103150 bytes for ./Payload/HP Smart Printer App - HPSmart.app/www/en/tools/ocg-manager/index.txt
2026-04-03 19:08:02 +0000  copying file ./Payload/HP Smart Printer App - HPSmart.app/www/en/tools/index.txt ... 
2026-04-03 19:08:02 +0000  108232 bytes for ./Payload/HP Smart Printer App - HPSmart.app/www/en/tools/index.txt
2026-04-03 19:08:02 +0000  copying file ./Payload/HP Smart Printer App - HPSmart.app/www/en/tools/remove-blank-pages/index.html ... 
2026-04-03 19:08:02 +0000  164075 bytes for ./Payload/HP Smart Printer App - HPSmart.app/www/en/tools/remove-blank-pages/index.html
2026-04-03 19:08:02 +0000  copying file ./Payload/HP Smart Printer App - HPSmart.app/www/en/tools/remove-blank-pages/index.txt ... 
2026-04-03 19:08:02 +0000  102454 bytes for ./Payload/HP Smart Printer App - HPSmart.app/www/en/tools/remove-blank-pages/index.txt
2026-04-03 19:08:02 +0000  copying file ./Payload/HP Smart Printer App - HPSmart.app/www/en/tools/rotate-custom/index.html ... 
2026-04-03 19:08:02 +0000  166131 bytes for ./Payload/HP Smart Printer App - HPSmart.app/www/en/tools/rotate-custom/index.html
2026-04-03 19:08:02 +0000  copying file ./Payload/HP Smart Printer App - HPSmart.app/www/en/tools/rotate-custom/index.txt ... 
2026-04-03 19:08:02 +0000  102920 bytes for ./Payload/HP Smart Printer App - HPSmart.app/www/en/tools/rotate-custom/index.txt
2026-04-03 19:08:02 +0000  copying file ./Payload/HP Smart Printer App - HPSmart.app/www/en/tools/heic-to-pdf/index.html ... 
2026-04-03 19:08:02 +0000  163937 bytes for ./Payload/HP Smart Printer App - HPSmart.app/www/en/tools/heic-to-pdf/index.html
2026-04-03 19:08:02 +0000  copying file ./Payload/HP Smart Printer App - HPSmart.app/www/en/tools/heic-to-pdf/index.txt ... 
2026-04-03 19:08:02 +0000  101867 bytes for ./Payload/HP Smart Printer App - HPSmart.app/www/en/tools/heic-to-pdf/index.txt
2026-04-03 19:08:02 +0000  copying file ./Payload/HP Smart Printer App - HPSmart.app/www/en/tools/rtf-to-pdf/index.html ... 
2026-04-03 19:08:02 +0000  166717 bytes for ./Payload/HP Smart Printer App - HPSmart.app/www/en/tools/rtf-to-pdf/index.html
2026-04-03 19:08:02 +0000  copying file ./Payload/HP Smart Printer App - HPSmart.app/www/en/tools/rtf-to-pdf/index.txt ... 
2026-04-03 19:08:02 +0000  102118 bytes for ./Payload/HP Smart Printer App - HPSmart.app/www/en/tools/rtf-to-pdf/index.txt
2026-04-03 19:08:02 +0000  copying file ./Payload/HP Smart Printer App - HPSmart.app/www/en/tools/organize-pdf/index.html ... 
2026-04-03 19:08:02 +0000  164151 bytes for ./Payload/HP Smart Printer App - HPSmart.app/www/en/tools/organize-pdf/index.html
2026-04-03 19:08:02 +0000  copying file ./Payload/HP Smart Printer App - HPSmart.app/www/en/tools/organize-pdf/index.txt ... 
2026-04-03 19:08:02 +0000  102492 bytes for ./Payload/HP Smart Printer App - HPSmart.app/www/en/tools/organize-pdf/index.txt
2026-04-03 19:08:02 +0000  copying file ./Payload/HP Smart Printer App - HPSmart.app/www/en/tools/jpg-to-pdf/index.html ... 
2026-04-03 19:08:02 +0000  165082 bytes for ./Payload/HP Smart Printer App - HPSmart.app/www/en/tools/jpg-to-pdf/index.html
2026-04-03 19:08:02 +0000  copying file ./Payload/HP Smart Printer App - HPSmart.app/www/en/tools/jpg-to-pdf/index.txt ... 
2026-04-03 19:08:02 +0000  102375 bytes for ./Payload/HP Smart Printer App - HPSmart.app/www/en/tools/jpg-to-pdf/index.txt
2026-04-03 19:08:02 +0000  copying file ./Payload/HP Smart Printer App - HPSmart.app/www/en/tools/font-to-outline/index.html ... 
2026-04-03 19:08:02 +0000  172139 bytes for ./Payload/HP Smart Printer App - HPSmart.app/www/en/tools/font-to-outline/index.html
2026-04-03 19:08:02 +0000  copying file ./Payload/HP Smart Printer App - HPSmart.app/www/en/tools/font-to-outline/index.txt ... 
2026-04-03 19:08:02 +0000  104884 bytes for ./Payload/HP Smart Printer App - HPSmart.app/www/en/tools/font-to-outline/index.txt
2026-04-03 19:08:02 +0000  copying file ./Payload/HP Smart Printer App - HPSmart.app/www/en/tools/merge-pdf/index.html ... 
2026-04-03 19:08:02 +0000  165642 bytes for ./Payload/HP Smart Printer App - HPSmart.app/www/en/tools/merge-pdf/index.html
2026-04-03 19:08:02 +0000  copying file ./Payload/HP Smart Printer App - HPSmart.app/www/en/tools/merge-pdf/index.txt ... 
2026-04-03 19:08:02 +0000  102731 bytes for ./Payload/HP Smart Printer App - HPSmart.app/www/en/tools/merge-pdf/index.txt
2026-04-03 19:08:02 +0000  copying file ./Payload/HP Smart Printer App - HPSmart.app/www/en/tools/posterize-pdf/index.html ... 
2026-04-03 19:08:02 +0000  163087 bytes for ./Payload/HP Smart Printer App - HPSmart.app/www/en/tools/posterize-pdf/index.html
2026-04-03 19:08:02 +0000  copying file ./Payload/HP Smart Printer App - HPSmart.app/www/en/tools/posterize-pdf/index.txt ... 
2026-04-03 19:08:02 +0000  101754 bytes for ./Payload/HP Smart Printer App - HPSmart.app/www/en/tools/posterize-pdf/index.txt
2026-04-03 19:08:02 +0000  copying file ./Payload/HP Smart Printer App - HPSmart.app/www/en/tools/pdf-to-json/index.html ... 
2026-04-03 19:08:02 +0000  163496 bytes for ./Payload/HP Smart Printer App - HPSmart.app/www/en/tools/pdf-to-json/index.html
2026-04-03 19:08:02 +0000  copying file ./Payload/HP Smart Printer App - HPSmart.app/www/en/tools/pdf-to-json/index.txt ... 
2026-04-03 19:08:02 +0000  101770 bytes for ./Payload/HP Smart Printer App - HPSmart.app/www/en/tools/pdf-to-json/index.txt
2026-04-03 19:08:02 +0000  copying file ./Payload/HP Smart Printer App - HPSmart.app/www/en/tools/decrypt-pdf/index.html ... 
2026-04-03 19:08:02 +0000  163248 bytes for ./Payload/HP Smart Printer App - HPSmart.app/www/en/tools/decrypt-pdf/index.html
2026-04-03 19:08:02 +0000  copying file ./Payload/HP Smart Printer App - HPSmart.app/www/en/tools/decrypt-pdf/index.txt ... 
2026-04-03 19:08:02 +0000  101571 bytes for ./Payload/HP Smart Printer App - HPSmart.app/www/en/tools/decrypt-pdf/index.txt
2026-04-03 19:08:02 +0000  copying file ./Payload/HP Smart Printer App - HPSmart.app/www/en/tools/pdf-to-greyscale/index.html ... 
2026-04-03 19:08:02 +0000  164617 bytes for ./Payload/HP Smart Printer App - HPSmart.app/www/en/tools/pdf-to-greyscale/index.html
2026-04-03 19:08:02 +0000  copying file ./Payload/HP Smart Printer App - HPSmart.app/www/en/tools/pdf-to-greyscale/index.txt ... 
2026-04-03 19:08:02 +0000  102123 bytes for ./Payload/HP Smart Printer App - HPSmart.app/www/en/tools/pdf-to-greyscale/index.txt
2026-04-03 19:08:02 +0000  copying file ./Payload/HP Smart Printer App - HPSmart.app/www/en/tools/form-creator/index.html ... 
2026-04-03 19:08:02 +0000  166742 bytes for ./Payload/HP Smart Printer App - HPSmart.app/www/en/tools/form-creator/index.html
2026-04-03 19:08:02 +0000  copying file ./Payload/HP Smart Printer App - HPSmart.app/www/en/tools/form-creator/index.txt ... 
2026-04-03 19:08:02 +0000  102198 bytes for ./Payload/HP Smart Printer App - HPSmart.app/www/en/tools/form-creator/index.txt
2026-04-03 19:08:02 +0000  copying file ./Payload/HP Smart Printer App - HPSmart.app/www/en/tools/psd-to-pdf/index.html ... 
2026-04-03 19:08:02 +0000  164932 bytes for ./Payload/HP Smart Printer App - HPSmart.app/www/en/tools/psd-to-pdf/index.html
2026-04-03 19:08:02 +0000  copying file ./Payload/HP Smart Printer App - HPSmart.app/www/en/tools/psd-to-pdf/index.txt ... 
2026-04-03 19:08:02 +0000  102333 bytes for ./Payload/HP Smart Printer App - HPSmart.app/www/en/tools/psd-to-pdf/index.txt
2026-04-03 19:08:02 +0000  copying file ./Payload/HP Smart Printer App - HPSmart.app/www/en/tools/ocr-pdf/index.html ... 
2026-04-03 19:08:02 +0000  164582 bytes for ./Payload/HP Smart Printer App - HPSmart.app/www/en/tools/ocr-pdf/index.html
2026-04-03 19:08:02 +0000  copying file ./Payload/HP Smart Printer App - HPSmart.app/www/en/tools/ocr-pdf/index.txt ... 
2026-04-03 19:08:02 +0000  101908 bytes for ./Payload/HP Smart Printer App - HPSmart.app/www/en/tools/ocr-pdf/index.txt
2026-04-03 19:08:02 +0000  copying file ./Payload/HP Smart Printer App - HPSmart.app/www/en/tools/extract-pages/index.html ... 
2026-04-03 19:08:02 +0000  164418 bytes for ./Payload/HP Smart Printer App - HPSmart.app/www/en/tools/extract-pages/index.html
copying file ./Payload/HP Smart Printer App - HPSmart.app/www/en/tools/extract-pages/index.txt ... 
2026-04-03 19:08:02 +0000  102581 bytes for ./Payload/HP Smart Printer App - HPSmart.app/www/en/tools/extract-pages/index.txt
2026-04-03 19:08:02 +0000  copying file ./Payload/HP Smart Printer App - HPSmart.app/www/en/tools/extract-tables/index.html ... 
2026-04-03 19:08:02 +0000  163198 bytes for ./Payload/HP Smart Printer App - HPSmart.app/www/en/tools/extract-tables/index.html
2026-04-03 19:08:02 +0000  copying file ./Payload/HP Smart Printer App - HPSmart.app/www/en/tools/extract-tables/index.txt ... 
2026-04-03 19:08:02 +0000  102277 bytes for ./Payload/HP Smart Printer App - HPSmart.app/www/en/tools/extract-tables/index.txt
2026-04-03 19:08:02 +0000  copying file ./Payload/HP Smart Printer App - HPSmart.app/www/en/tools/sign-pdf/index.html ... 
2026-04-03 19:08:02 +0000  166489 bytes for ./Payload/HP Smart Printer App - HPSmart.app/www/en/tools/sign-pdf/index.html
copying file ./Payload/HP Smart Printer App - HPSmart.app/www/en/tools/sign-pdf/index.txt ... 
2026-04-03 19:08:02 +0000  102993 bytes for ./Payload/HP Smart Printer App - HPSmart.app/www/en/tools/sign-pdf/index.txt
2026-04-03 19:08:02 +0000  copying file ./Payload/HP Smart Printer App - HPSmart.app/www/en/tools/table-of-contents/index.html ... 
2026-04-03 19:08:02 +0000  164229 bytes for ./Payload/HP Smart Printer App - HPSmart.app/www/en/tools/table-of-contents/index.html
copying file ./Payload/HP Smart Printer App - HPSmart.app/www/en/tools/table-of-contents/index.txt ... 
2026-04-03 19:08:02 +0000  102622 bytes for ./Payload/HP Smart Printer App - HPSmart.app/www/en/tools/table-of-contents/index.txt
2026-04-03 19:08:02 +0000  copying file ./Payload/HP Smart Printer App - HPSmart.app/www/en/tools/pdf-to-webp/index.html ... 
2026-04-03 19:08:02 +0000  163574 bytes for ./Payload/HP Smart Printer App - HPSmart.app/www/en/tools/pdf-to-webp/index.html
2026-04-03 19:08:02 +0000  copying file ./Payload/HP Smart Printer App - HPSmart.app/www/en/tools/pdf-to-webp/index.txt ... 
2026-04-03 19:08:02 +0000  101750 bytes for ./Payload/HP Smart Printer App - HPSmart.app/www/en/tools/pdf-to-webp/index.txt
2026-04-03 19:08:02 +0000  copying file ./Payload/HP Smart Printer App - HPSmart.app/www/en/tools/djvu-to-pdf/index.html ... 
2026-04-03 19:08:02 +0000  166007 bytes for ./Payload/HP Smart Printer App - HPSmart.app/www/en/tools/djvu-to-pdf/index.html
2026-04-03 19:08:02 +0000  copying file ./Payload/HP Smart Printer App - HPSmart.app/www/en/tools/djvu-to-pdf/index.txt ... 
2026-04-03 19:08:02 +0000  102431 bytes for ./Payload/HP Smart Printer App - HPSmart.app/www/en/tools/djvu-to-pdf/index.txt
2026-04-03 19:08:02 +0000  copying file ./Payload/HP Smart Printer App - HPSmart.app/www/en/tools/find-and-redact/index.html ... 
2026-04-03 19:08:02 +0000  168451 bytes for ./Payload/HP Smart Printer App - HPSmart.app/www/en/tools/find-and-redact/index.html
2026-04-03 19:08:02 +0000  copying file ./Payload/HP Smart Printer App - HPSmart.app/www/en/tools/find-and-redact/index.txt ... 
2026-04-03 19:08:02 +0000  103820 bytes for ./Payload/HP Smart Printer App - HPSmart.app/www/en/tools/find-and-redact/index.txt
2026-04-03 19:08:02 +0000  copying file ./Payload/HP Smart Printer App - HPSmart.app/www/en/tools/pdf-booklet/index.html ... 
2026-04-03 19:08:02 +0000  161824 bytes for ./Payload/HP Smart Printer App - HPSmart.app/www/en/tools/pdf-booklet/index.html
2026-04-03 19:08:02 +0000  copying file ./Payload/HP Smart Printer App - HPSmart.app/www/en/tools/pdf-booklet/index.txt ... 
2026-04-03 19:08:02 +0000  102162 bytes for ./Payload/HP Smart Printer App - HPSmart.app/www/en/tools/pdf-booklet/index.txt
2026-04-03 19:08:02 +0000  copying file ./Payload/HP Smart Printer App - HPSmart.app/www/en/tools/markdown-to-pdf/index.html ... 
2026-04-03 19:08:02 +0000  168726 bytes for ./Payload/HP Smart Printer App - HPSmart.app/www/en/tools/markdown-to-pdf/index.html
2026-04-03 19:08:02 +0000  copying file ./Payload/HP Smart Printer App - HPSmart.app/www/en/tools/markdown-to-pdf/index.txt ... 
2026-04-03 19:08:02 +0000  102171 bytes for ./Payload/HP Smart Printer App - HPSmart.app/www/en/tools/markdown-to-pdf/index.txt
2026-04-03 19:08:02 +0000  copying file ./Payload/HP Smart Printer App - HPSmart.app/www/en/tools/alternate-merge/index.html ... 
2026-04-03 19:08:02 +0000  164280 bytes for ./Payload/HP Smart Printer App - HPSmart.app/www/en/tools/alternate-merge/index.html
2026-04-03 19:08:02 +0000  copying file ./Payload/HP Smart Printer App - HPSmart.app/www/en/tools/alternate-merge/index.txt ... 
2026-04-03 19:08:02 +0000  102073 bytes for ./Payload/HP Smart Printer App - HPSmart.app/www/en/tools/alternate-merge/index.txt
2026-04-03 19:08:02 +0000  copying file ./Payload/HP Smart Printer App - HPSmart.app/www/en/tools/pdf-to-bmp/index.html ... 
2026-04-03 19:08:02 +0000  163533 bytes for ./Payload/HP Smart Printer App - HPSmart.app/www/en/tools/pdf-to-bmp/index.html
2026-04-03 19:08:02 +0000  copying file ./Payload/HP Smart Printer App - HPSmart.app/www/en/tools/pdf-to-bmp/index.txt ... 
2026-04-03 19:08:02 +0000  101754 bytes for ./Payload/HP Smart Printer App - HPSmart.app/www/en/tools/pdf-to-bmp/index.txt
2026-04-03 19:08:02 +0000  copying file ./Payload/HP Smart Printer App - HPSmart.app/www/en/tools/svg-to-pdf/index.html ... 
2026-04-03 19:08:02 +0000  163860 bytes for ./Payload/HP Smart Printer App - HPSmart.app/www/en/tools/svg-to-pdf/index.html
2026-04-03 19:08:02 +0000  copying file ./Payload/HP Smart Printer App - HPSmart.app/www/en/tools/svg-to-pdf/index.txt ... 
2026-04-03 19:08:02 +0000  101700 bytes for ./Payload/HP Smart Printer App - HPSmart.app/www/en/tools/svg-to-pdf/index.txt
2026-04-03 19:08:02 +0000  copying file ./Payload/HP Smart Printer App - HPSmart.app/www/en/tools/page-numbers/index.html ... 
2026-04-03 19:08:02 +0000  163860 bytes for ./Payload/HP Smart Printer App - HPSmart.app/www/en/tools/page-numbers/index.html
2026-04-03 19:08:02 +0000  copying file ./Payload/HP Smart Printer App - HPSmart.app/www/en/tools/page-numbers/index.txt ... 
2026-04-03 19:08:02 +0000  102302 bytes for ./Payload/HP Smart Printer App - HPSmart.app/www/en/tools/page-numbers/index.txt
2026-04-03 19:08:02 +0000  copying file ./Payload/HP Smart Printer App - HPSmart.app/www/en/tools/crop-pdf/index.html ... 
2026-04-03 19:08:02 +0000  165444 bytes for ./Payload/HP Smart Printer App - HPSmart.app/www/en/tools/crop-pdf/index.html
2026-04-03 19:08:02 +0000  copying file ./Payload/HP Smart Printer App - HPSmart.app/www/en/tools/crop-pdf/index.txt ... 
2026-04-03 19:08:02 +0000  102540 bytes for ./Payload/HP Smart Printer App - HPSmart.app/www/en/tools/crop-pdf/index.txt
2026-04-03 19:08:02 +0000  copying file ./Payload/HP Smart Printer App - HPSmart.app/www/en/tools/rotate-pdf/index.html ... 
2026-04-03 19:08:02 +0000  162227 bytes for ./Payload/HP Smart Printer App - HPSmart.app/www/en/tools/rotate-pdf/index.html
2026-04-03 19:08:02 +0000  copying file ./Payload/HP Smart Printer App - HPSmart.app/www/en/tools/rotate-pdf/index.txt ... 
2026-04-03 19:08:02 +0000  101505 bytes for ./Payload/HP Smart Printer App - HPSmart.app/www/en/tools/rotate-pdf/index.txt
2026-04-03 19:08:02 +0000  copying file ./Payload/HP Smart Printer App - HPSmart.app/www/en/tools/cbz-to-pdf/index.html ... 
2026-04-03 19:08:02 +0000  164491 bytes for ./Payload/HP Smart Printer App - HPSmart.app/www/en/tools/cbz-to-pdf/index.html
2026-04-03 19:08:02 +0000  copying file ./Payload/HP Smart Printer App - HPSmart.app/www/en/tools/cbz-to-pdf/index.txt ... 
2026-04-03 19:08:02 +0000  102032 bytes for ./Payload/HP Smart Printer App - HPSmart.app/www/en/tools/cbz-to-pdf/index.txt
2026-04-03 19:08:02 +0000  copying file ./Payload/HP Smart Printer App - HPSmart.app/www/en/tools/webp-to-pdf/index.html ... 
2026-04-03 19:08:02 +0000  164103 bytes for ./Payload/HP Smart Printer App - HPSmart.app/www/en/tools/webp-to-pdf/index.html
2026-04-03 19:08:02 +0000  copying file ./Payload/HP Smart Printer App - HPSmart.app/www/en/tools/webp-to-pdf/index.txt ... 
2026-04-03 19:08:02 +0000  101864 bytes for ./Payload/HP Smart Printer App - HPSmart.app/www/en/tools/webp-to-pdf/index.txt
2026-04-03 19:08:02 +0000  copying file ./Payload/HP Smart Printer App - HPSmart.app/www/en/tools/sanitize-pdf/index.html ... 
2026-04-03 19:08:02 +0000  163761 bytes for ./Payload/HP Smart Printer App - HPSmart.app/www/en/tools/sanitize-pdf/index.html
2026-04-03 19:08:02 +0000  copying file ./Payload/HP Smart Printer App - HPSmart.app/www/en/tools/sanitize-pdf/index.txt ... 
2026-04-03 19:08:02 +0000  101888 bytes for ./Payload/HP Smart Printer App - HPSmart.app/www/en/tools/sanitize-pdf/index.txt
2026-04-03 19:08:02 +0000  copying file ./Payload/HP Smart Printer App - HPSmart.app/www/en/tools/txt-to-pdf/index.html ... 
2026-04-03 19:08:02 +0000  164001 bytes for ./Payload/HP Smart Printer App - HPSmart.app/www/en/tools/txt-to-pdf/index.html
2026-04-03 19:08:02 +0000  copying file ./Payload/HP Smart Printer App - HPSmart.app/www/en/tools/txt-to-pdf/index.txt ... 
2026-04-03 19:08:02 +0000  101691 bytes for ./Payload/HP Smart Printer App - HPSmart.app/www/en/tools/txt-to-pdf/index.txt
2026-04-03 19:08:02 +0000  copying file ./Payload/HP Smart Printer App - HPSmart.app/www/en/tools/page-dimensions/index.html ... 
2026-04-03 19:08:02 +0000  163225 bytes for ./Payload/HP Smart Printer App - HPSmart.app/www/en/tools/page-dimensions/index.html
2026-04-03 19:08:02 +0000  copying file ./Payload/HP Smart Printer App - HPSmart.app/www/en/tools/page-dimensions/index.txt ... 
2026-04-03 19:08:02 +0000  101645 bytes for ./Payload/HP Smart Printer App - HPSmart.app/www/en/tools/page-dimensions/index.txt
2026-04-03 19:08:02 +0000  copying file ./Payload/HP Smart Printer App - HPSmart.app/www/en/tools/mobi-to-pdf/index.html ... 
2026-04-03 19:08:02 +0000  164888 bytes for ./Payload/HP Smart Printer App - HPSmart.app/www/en/tools/mobi-to-pdf/index.html
2026-04-03 19:08:02 +0000  copying file ./Payload/HP Smart Printer App - HPSmart.app/www/en/tools/mobi-to-pdf/index.txt ... 
2026-04-03 19:08:02 +0000  102188 bytes for ./Payload/HP Smart Printer App - HPSmart.app/www/en/tools/mobi-to-pdf/index.txt
2026-04-03 19:08:02 +0000  copying file ./Payload/HP Smart Printer App - HPSmart.app/www/en/tools/pdf-to-zip/index.html ... 
2026-04-03 19:08:02 +0000  163156 bytes for ./Payload/HP Smart Printer App - HPSmart.app/www/en/tools/pdf-to-zip/index.html
2026-04-03 19:08:02 +0000  copying file ./Payload/HP Smart Printer App - HPSmart.app/www/en/tools/pdf-to-zip/index.txt ... 
2026-04-03 19:08:02 +0000  101583 bytes for ./Payload/HP Smart Printer App - HPSmart.app/www/en/tools/pdf-to-zip/index.txt
2026-04-03 19:08:02 +0000  copying file ./Payload/HP Smart Printer App - HPSmart.app/www/en/tools/deskew-pdf/index.html ... 
2026-04-03 19:08:02 +0000  167766 bytes for ./Payload/HP Smart Printer App - HPSmart.app/www/en/tools/deskew-pdf/index.html
2026-04-03 19:08:02 +0000  copying file ./Payload/HP Smart Printer App - HPSmart.app/www/en/tools/deskew-pdf/index.txt ... 
2026-04-03 19:08:02 +0000  103689 bytes for ./Payload/HP Smart Printer App - HPSmart.app/www/en/tools/deskew-pdf/index.txt
2026-04-03 19:08:02 +0000  copying file ./Payload/HP Smart Printer App - HPSmart.app/www/en/tools/image-to-pdf/index.html ... 
2026-04-03 19:08:02 +0000  164926 bytes for ./Payload/HP Smart Printer App - HPSmart.app/www/en/tools/image-to-pdf/index.html
2026-04-03 19:08:02 +0000  copying file ./Payload/HP Smart Printer App - HPSmart.app/www/en/tools/image-to-pdf/index.txt ... 
2026-04-03 19:08:02 +0000  102253 bytes for ./Payload/HP Smart Printer App - HPSmart.app/www/en/tools/image-to-pdf/index.txt
2026-04-03 19:08:02 +0000  copying file ./Payload/HP Smart Printer App - HPSmart.app/www/en/tools/add-stamps/index.html ... 
2026-04-03 19:08:02 +0000  163691 bytes for ./Payload/HP Smart Printer App - HPSmart.app/www/en/tools/add-stamps/index.html
2026-04-03 19:08:02 +0000  copying file ./Payload/HP Smart Printer App - HPSmart.app/www/en/tools/add-stamps/index.txt ... 
2026-04-03 19:08:02 +0000  102005 bytes for ./Payload/HP Smart Printer App - HPSmart.app/www/en/tools/add-stamps/index.txt
2026-04-03 19:08:02 +0000  copying file ./Payload/HP Smart Printer App - HPSmart.app/www/en/tools/compare-pdfs/index.html ... 
2026-04-03 19:08:02 +0000  164852 bytes for ./Payload/HP Smart Printer App - HPSmart.app/www/en/tools/compare-pdfs/index.html
2026-04-03 19:08:02 +0000  copying file ./Payload/HP Smart Printer App - HPSmart.app/www/en/tools/compare-pdfs/index.txt ... 
2026-04-03 19:08:02 +0000  101829 bytes for ./Payload/HP Smart Printer App - HPSmart.app/www/en/tools/compare-pdfs/index.txt
2026-04-03 19:08:02 +0000  copying file ./Payload/HP Smart Printer App - HPSmart.app/www/en/tools/compress-pdf/index.html ... 
2026-04-03 19:08:02 +0000  165502 bytes for ./Payload/HP Smart Printer App - HPSmart.app/www/en/tools/compress-pdf/index.html
2026-04-03 19:08:02 +0000  copying file ./Payload/HP Smart Printer App - HPSmart.app/www/en/tools/compress-pdf/index.txt ... 
2026-04-03 19:08:02 +0000  102692 bytes for ./Payload/HP Smart Printer App - HPSmart.app/www/en/tools/compress-pdf/index.txt
2026-04-03 19:08:02 +0000  copying file ./Payload/HP Smart Printer App - HPSmart.app/www/en/tools/add-blank-page/index.html ... 
2026-04-03 19:08:02 +0000  162704 bytes for ./Payload/HP Smart Printer App - HPSmart.app/www/en/tools/add-blank-page/index.html
2026-04-03 19:08:02 +0000  copying file ./Payload/HP Smart Printer App - HPSmart.app/www/en/tools/add-blank-page/index.txt ... 
2026-04-03 19:08:02 +0000  101736 bytes for ./Payload/HP Smart Printer App - HPSmart.app/www/en/tools/add-blank-page/index.txt
2026-04-03 19:08:02 +0000  copying file ./Payload/HP Smart Printer App - HPSmart.app/www/en/tools/epub-to-pdf/index.html ... 
2026-04-03 19:08:02 +0000  163030 bytes for ./Payload/HP Smart Printer App - HPSmart.app/www/en/tools/epub-to-pdf/index.html
2026-04-03 19:08:02 +0000  copying file ./Payload/HP Smart Printer App - HPSmart.app/www/en/tools/epub-to-pdf/index.txt ... 
2026-04-03 19:08:02 +0000  101994 bytes for ./Payload/HP Smart Printer App - HPSmart.app/www/en/tools/epub-to-pdf/index.txt
2026-04-03 19:08:02 +0000  copying file ./Payload/HP Smart Printer App - HPSmart.app/www/en/tools/delete-pages/index.html ... 
2026-04-03 19:08:02 +0000  164118 bytes for ./Payload/HP Smart Printer App - HPSmart.app/www/en/tools/delete-pages/index.html
2026-04-03 19:08:02 +0000  copying file ./Payload/HP Smart Printer App - HPSmart.app/www/en/tools/delete-pages/index.txt ... 
2026-04-03 19:08:02 +0000  102431 bytes for ./Payload/HP Smart Printer App - HPSmart.app/www/en/tools/delete-pages/index.txt
2026-04-03 19:08:02 +0000  copying file ./Payload/HP Smart Printer App - HPSmart.app/www/en/tools/pptx-to-pdf/index.html ... 
2026-04-03 19:08:02 +0000  167060 bytes for ./Payload/HP Smart Printer App - HPSmart.app/www/en/tools/pptx-to-pdf/index.html
2026-04-03 19:08:02 +0000  copying file ./Payload/HP Smart Printer App - HPSmart.app/www/en/tools/pptx-to-pdf/index.txt ... 
2026-04-03 19:08:02 +0000  102266 bytes for ./Payload/HP Smart Printer App - HPSmart.app/www/en/tools/pptx-to-pdf/index.txt
2026-04-03 19:08:02 +0000  copying file ./Payload/HP Smart Printer App - HPSmart.app/www/en/tools/form-filler/index.html ... 
2026-04-03 19:08:02 +0000  163280 bytes for ./Payload/HP Smart Printer App - HPSmart.app/www/en/tools/form-filler/index.html
2026-04-03 19:08:02 +0000  copying file ./Payload/HP Smart Printer App - HPSmart.app/www/en/tools/form-filler/index.txt ... 
2026-04-03 19:08:02 +0000  101918 bytes for ./Payload/HP Smart Printer App - HPSmart.app/www/en/tools/form-filler/index.txt
2026-04-03 19:08:02 +0000  copying file ./Payload/HP Smart Printer App - HPSmart.app/www/en/tools/n-up-pdf/index.html ... 
2026-04-03 19:08:02 +0000  164772 bytes for ./Payload/HP Smart Printer App - HPSmart.app/www/en/tools/n-up-pdf/index.html
2026-04-03 19:08:02 +0000  copying file ./Payload/HP Smart Printer App - HPSmart.app/www/en/tools/n-up-pdf/index.txt ... 
2026-04-03 19:08:02 +0000  101859 bytes for ./Payload/HP Smart Printer App - HPSmart.app/www/en/tools/n-up-pdf/index.txt
2026-04-03 19:08:02 +0000  copying file ./Payload/HP Smart Printer App - HPSmart.app/www/en/tools/tiff-to-pdf/index.html ... 
2026-04-03 19:08:03 +0000  164015 bytes for ./Payload/HP Smart Printer App - HPSmart.app/www/en/tools/tiff-to-pdf/index.html
2026-04-03 19:08:03 +0000  copying file ./Payload/HP Smart Printer App - HPSmart.app/www/en/tools/tiff-to-pdf/index.txt ... 
2026-04-03 19:08:03 +0000  101823 bytes for ./Payload/HP Smart Printer App - HPSmart.app/www/en/tools/tiff-to-pdf/index.txt
2026-04-03 19:08:03 +0000  copying file ./Payload/HP Smart Printer App - HPSmart.app/www/en/tools/text-color/index.html ... 
2026-04-03 19:08:03 +0000  163521 bytes for ./Payload/HP Smart Printer App - HPSmart.app/www/en/tools/text-color/index.html
2026-04-03 19:08:03 +0000  copying file ./Payload/HP Smart Printer App - HPSmart.app/www/en/tools/text-color/index.txt ... 
2026-04-03 19:08:03 +0000  102042 bytes for ./Payload/HP Smart Printer App - HPSmart.app/www/en/tools/text-color/index.txt
2026-04-03 19:08:03 +0000  copying file ./Payload/HP Smart Printer App - HPSmart.app/www/en/tools/divide-pages/index.html ... 
2026-04-03 19:08:03 +0000  163248 bytes for ./Payload/HP Smart Printer App - HPSmart.app/www/en/tools/divide-pages/index.html
2026-04-03 19:08:03 +0000  copying file ./Payload/HP Smart Printer App - HPSmart.app/www/en/tools/divide-pages/index.txt ... 
2026-04-03 19:08:03 +0000  101883 bytes for ./Payload/HP Smart Printer App - HPSmart.app/www/en/tools/divide-pages/index.txt
2026-04-03 19:08:03 +0000  copying file ./Payload/HP Smart Printer App - HPSmart.app/www/en/tools/grid-combine/index.html ... 
2026-04-03 19:08:03 +0000  168167 bytes for ./Payload/HP Smart Printer App - HPSmart.app/www/en/tools/grid-combine/index.html
2026-04-03 19:08:03 +0000  copying file ./Payload/HP Smart Printer App - HPSmart.app/www/en/tools/grid-combine/index.txt ... 
2026-04-03 19:08:03 +0000  103791 bytes for ./Payload/HP Smart Printer App - HPSmart.app/www/en/tools/grid-combine/index.txt
2026-04-03 19:08:03 +0000  copying file ./Payload/HP Smart Printer App - HPSmart.app/www/en/tools/view-metadata/index.html ... 
2026-04-03 19:08:03 +0000  162964 bytes for ./Payload/HP Smart Printer App - HPSmart.app/www/en/tools/view-metadata/index.html
2026-04-03 19:08:03 +0000  copying file ./Payload/HP Smart Printer App - HPSmart.app/www/en/tools/view-metadata/index.txt ... 
2026-04-03 19:08:03 +0000  101735 bytes for ./Payload/HP Smart Printer App - HPSmart.app/www/en/tools/view-metadata/index.txt
2026-04-03 19:08:03 +0000  copying file ./Payload/HP Smart Printer App - HPSmart.app/www/en/tools/pdf-multi-tool/index.html ... 
2026-04-03 19:08:03 +0000  167903 bytes for ./Payload/HP Smart Printer App - HPSmart.app/www/en/tools/pdf-multi-tool/index.html
2026-04-03 19:08:03 +0000  copying file ./Payload/HP Smart Printer App - HPSmart.app/www/en/tools/pdf-multi-tool/index.txt ... 
2026-04-03 19:08:03 +0000  103667 bytes for ./Payload/HP Smart Printer App - HPSmart.app/www/en/tools/pdf-multi-tool/index.txt
2026-04-03 19:08:03 +0000  copying file ./Payload/HP Smart Printer App - HPSmart.app/www/en/tools/png-to-pdf/index.html ... 
2026-04-03 19:08:03 +0000  163959 bytes for ./Payload/HP Smart Printer App - HPSmart.app/www/en/tools/png-to-pdf/index.html
2026-04-03 19:08:03 +0000  copying file ./Payload/HP Smart Printer App - HPSmart.app/www/en/tools/png-to-pdf/index.txt ... 
2026-04-03 19:08:03 +0000  101812 bytes for ./Payload/HP Smart Printer App - HPSmart.app/www/en/tools/png-to-pdf/index.txt
2026-04-03 19:08:03 +0000  copying file ./Payload/HP Smart Printer App - HPSmart.app/www/en/tools/edit-attachments/index.html ... 
2026-04-03 19:08:03 +0000  163145 bytes for ./Payload/HP Smart Printer App - HPSmart.app/www/en/tools/edit-attachments/index.html
2026-04-03 19:08:03 +0000  copying file ./Payload/HP Smart Printer App - HPSmart.app/www/en/tools/edit-attachments/index.txt ... 
2026-04-03 19:08:03 +0000  101799 bytes for ./Payload/HP Smart Printer App - HPSmart.app/www/en/tools/edit-attachments/index.txt
2026-04-03 19:08:03 +0000  copying file ./Payload/HP Smart Printer App - HPSmart.app/www/en/tools/validate-signature/index.html ... 
2026-04-03 19:08:03 +0000  166417 bytes for ./Payload/HP Smart Printer App - HPSmart.app/www/en/tools/validate-signature/index.html
2026-04-03 19:08:03 +0000  copying file ./Payload/HP Smart Printer App - HPSmart.app/www/en/tools/validate-signature/index.txt ... 
2026-04-03 19:08:03 +0000  103179 bytes for ./Payload/HP Smart Printer App - HPSmart.app/www/en/tools/validate-signature/index.txt
2026-04-03 19:08:03 +0000  copying file ./Payload/HP Smart Printer App - HPSmart.app/www/en/index.html ... 
2026-04-03 19:08:03 +0000  224557 bytes for ./Payload/HP Smart Printer App - HPSmart.app/www/en/index.html
2026-04-03 19:08:03 +0000  copying file ./Payload/HP Smart Printer App - HPSmart.app/www/en/privacy/index.html ... 
2026-04-03 19:08:03 +0000  139900 bytes for ./Payload/HP Smart Printer App - HPSmart.app/www/en/privacy/index.html
2026-04-03 19:08:03 +0000  copying file ./Payload/HP Smart Printer App - HPSmart.app/www/en/privacy/index.txt ... 
2026-04-03 19:08:03 +0000  93718 bytes for ./Payload/HP Smart Printer App - HPSmart.app/www/en/privacy/index.txt
2026-04-03 19:08:03 +0000  copying file ./Payload/HP Smart Printer App - HPSmart.app/www/en/faq/index.html ... 
2026-04-03 19:08:03 +0000  150076 bytes for ./Payload/HP Smart Printer App - HPSmart.app/www/en/faq/index.html
2026-04-03 19:08:03 +0000  copying file ./Payload/HP Smart Printer App - HPSmart.app/www/en/faq/index.txt ... 
2026-04-03 19:08:03 +0000  93623 bytes for ./Payload/HP Smart Printer App - HPSmart.app/www/en/faq/index.txt
2026-04-03 19:08:03 +0000  copying file ./Payload/HP Smart Printer App - HPSmart.app/www/en/index.txt ... 
2026-04-03 19:08:03 +0000  107506 bytes for ./Payload/HP Smart Printer App - HPSmart.app/www/en/index.txt
2026-04-03 19:08:03 +0000  copying file ./Payload/HP Smart Printer App - HPSmart.app/www/en/about/index.html ... 
2026-04-03 19:08:03 +0000  138867 bytes for ./Payload/HP Smart Printer App - HPSmart.app/www/en/about/index.html
2026-04-03 19:08:03 +0000  copying file ./Payload/HP Smart Printer App - HPSmart.app/www/en/about/index.txt ... 
2026-04-03 19:08:03 +0000  93620 bytes for ./Payload/HP Smart Printer App - HPSmart.app/www/en/about/index.txt
2026-04-03 19:08:03 +0000  copying file ./Payload/HP Smart Printer App - HPSmart.app/www/en/workflow/index.html ... 
2026-04-03 19:08:03 +0000  114369 bytes for ./Payload/HP Smart Printer App - HPSmart.app/www/en/workflow/index.html
copying file ./Payload/HP Smart Printer App - HPSmart.app/www/en/workflow/index.txt ... 
2026-04-03 19:08:03 +0000  93534 bytes for ./Payload/HP Smart Printer App - HPSmart.app/www/en/workflow/index.txt
2026-04-03 19:08:03 +0000  copying file ./Payload/HP Smart Printer App - HPSmart.app/www/manifest.webmanifest ... 
2026-04-03 19:08:03 +0000  1230 bytes for ./Payload/HP Smart Printer App - HPSmart.app/www/manifest.webmanifest
2026-04-03 19:08:03 +0000  copying file ./Payload/HP Smart Printer App - HPSmart.app/www/fonts/.gitkeep ... 
2026-04-03 19:08:03 +0000  29 bytes for ./Payload/HP Smart Printer App - HPSmart.app/www/fonts/.gitkeep
2026-04-03 19:08:03 +0000  copying file ./Payload/HP Smart Printer App - HPSmart.app/www/fonts/NotoSansSC-Regular.ttf ... 
2026-04-03 19:08:03 +0000  16437364 bytes for ./Payload/HP Smart Printer App - HPSmart.app/www/fonts/NotoSansSC-Regular.ttf
2026-04-03 19:08:03 +0000  copying file ./Payload/HP Smart Printer App - HPSmart.app/www/app-overrides.js ... 
2026-04-03 19:08:03 +0000  22548 bytes for ./Payload/HP Smart Printer App - HPSmart.app/www/app-overrides.js
2026-04-03 19:08:03 +0000  copying file ./Payload/HP Smart Printer App - HPSmart.app/www/favicon.svg ... 
2026-04-03 19:08:03 +0000  218 bytes for ./Payload/HP Smart Printer App - HPSmart.app/www/favicon.svg
2026-04-03 19:08:03 +0000  copying file ./Payload/HP Smart Printer App - HPSmart.app/www/sw.js ... 
2026-04-03 19:08:03 +0000  2742 bytes for ./Payload/HP Smart Printer App - HPSmart.app/www/sw.js
2026-04-03 19:08:03 +0000  copying file ./Payload/HP Smart Printer App - HPSmart.app/www/app-overrides.css ... 
2026-04-03 19:08:03 +0000  22761 bytes for ./Payload/HP Smart Printer App - HPSmart.app/www/app-overrides.css
2026-04-03 19:08:03 +0000  copying file ./Payload/HP Smart Printer App - HPSmart.app/Assets.car ... 
2026-04-03 19:08:03 +0000  8714520 bytes for ./Payload/HP Smart Printer App - HPSmart.app/Assets.car
2026-04-03 19:08:03 +0000  copying file ./Payload/HP Smart Printer App - HPSmart.app/AppIcon76x76@2x~ipad.png ... 
2026-04-03 19:08:03 +0000  8076 bytes for ./Payload/HP Smart Printer App - HPSmart.app/AppIcon76x76@2x~ipad.png
2026-04-03 19:08:03 +0000  copying file ./Payload/HP Smart Printer App - HPSmart.app/embedded.mobileprovision ... 
2026-04-03 19:08:04 +0000  19431 bytes for ./Payload/HP Smart Printer App - HPSmart.app/embedded.mobileprovision
2026-04-03 19:08:04 +0000  copying file ./Payload/HP Smart Printer App - HPSmart.app/Info.plist ... 
2026-04-03 19:08:04 +0000  2108 bytes for ./Payload/HP Smart Printer App - HPSmart.app/Info.plist
2026-04-03 19:08:04 +0000  copying file ./Payload/HP Smart Printer App - HPSmart.app/PkgInfo ... 
2026-04-03 19:08:04 +0000  8 bytes for ./Payload/HP Smart Printer App - HPSmart.app/PkgInfo
2026-04-03 19:08:04 +0000  /usr/bin/ditto exited with 0
2026-04-03 19:08:04 +0000  Processing step: IDEDistributionAppStoreInformationStep
2026-04-03 19:08:04 +0000  Skipping step: IDEDistributionAppStoreInformationStep because it said so
2026-04-03 19:08:04 +0000  Processing step: IDEDistributionGenerateProcessedDistributionItems
2026-04-03 19:08:04 +0000  IDEDistributionItem init <DVTFilePath:0xbbfc269e0:'/var/folders/nz/n893sv_93rs_bmcsbzs578xc0000gn/T/XcodeDistPipeline.~~~gAcJeD/Root/Payload/HP Smart Printer App - HPSmart.app'>
2026-04-03 19:08:04 +0000  Processing step: IDEDistributionCreateManifestStep
